data,categoria,taxa_comissao_pct,taxa_cashback_pct
2025-08-01,CAT-01,4.0,1.0
2025-08-01,CAT-02,6.0,1.0
2025-08-01,CAT-03,6.0,1.0
2025-08-01,CAT-04,7.0,1.0
2025-08-01,CAT-05,4.0,1.0
2025-08-01,CAT-06,3.0,1.0
2025-08-01,CAT-07,7.0,1.0
2025-08-01,CAT-08,9.0,3.0
2025-08-01,CAT-09,6.0,1.0
2025-08-01,CAT-10,6.0,1.0
2025-08-01,CAT-11,3.0,1.0
2025-08-01,CAT-12,3.0,1.0
2025-08-01,CAT-13,5.0,1.0
2025-08-01,CAT-14,7.0,1.0
2025-08-01,CAT-15,4.0,1.0
2025-08-01,CAT-16,6.0,1.0
2025-08-01,CAT-17,5.0,1.0
2025-08-01,CAT-18,4.0,1.0
2025-08-01,CAT-19,5.0,1.0
2025-08-01,CAT-20,8.0,3.0
2025-08-01,CAT-21,4.0,1.0
2025-08-01,CAT-22,9.0,3.0
2025-08-01,CAT-23,7.0,1.0
2025-08-01,CAT-24,5.0,3.0
2025-08-01,CAT-25,8.0,1.0
2025-08-01,CAT-26,6.0,1.0
2025-08-01,CAT-27,6.0,1.0
2025-08-01,CAT-28,5.0,1.0
2025-08-01,CAT-29,7.0,1.0
2025-08-01,CAT-30,8.0,1.0
2025-08-01,CAT-31,4.0,1.0
2025-08-01,CAT-32,4.0,1.0
2025-08-01,CAT-33,5.0,1.0
2025-08-01,CAT-34,8.0,1.0
2025-08-01,CAT-35,7.0,1.0
2025-08-01,CAT-36,4.0,1.0
2025-08-01,CAT-37,5.0,1.0
2025-08-01,CAT-38,5.0,1.0
2025-08-01,CAT-39,5.0,1.0
2025-08-01,CAT-40,6.0,1.0
2025-08-01,CAT-41,6.0,1.0
2025-08-01,CAT-42,7.0,3.0
2025-08-01,CAT-43,4.0,1.0
2025-08-01,CAT-44,8.0,3.0
2025-08-01,CAT-45,6.0,1.0
2025-08-01,CAT-46,5.0,1.0
2025-08-01,CAT-47,6.0,1.0
2025-08-01,CAT-48,3.0,1.0
2025-08-01,CAT-49,4.0,1.0
2025-08-02,CAT-01,4.0,1.0
2025-08-02,CAT-02,6.0,1.0
2025-08-02,CAT-03,6.0,1.0
2025-08-02,CAT-04,7.0,1.0
2025-08-02,CAT-05,4.0,1.0
2025-08-02,CAT-06,3.0,1.0
2025-08-02,CAT-07,7.0,1.0
2025-08-02,CAT-08,9.0,3.0
2025-08-02,CAT-09,6.0,1.0
2025-08-02,CAT-10,6.0,1.0
2025-08-02,CAT-11,3.0,1.0
2025-08-02,CAT-12,3.0,1.0
2025-08-02,CAT-13,5.0,1.0
2025-08-02,CAT-14,7.0,1.0
2025-08-02,CAT-15,4.0,1.0
2025-08-02,CAT-16,6.0,1.0
2025-08-02,CAT-17,5.0,1.0
2025-08-02,CAT-18,4.0,1.0
2025-08-02,CAT-19,5.0,1.0
2025-08-02,CAT-20,8.0,3.0
2025-08-02,CAT-21,4.0,1.0
2025-08-02,CAT-22,9.0,3.0
2025-08-02,CAT-23,7.0,1.0
2025-08-02,CAT-24,5.0,3.0
2025-08-02,CAT-25,8.0,1.0
2025-08-02,CAT-26,6.0,1.0
2025-08-02,CAT-27,6.0,1.0
2025-08-02,CAT-28,5.0,1.0
2025-08-02,CAT-29,7.0,1.0
2025-08-02,CAT-30,8.0,1.0
2025-08-02,CAT-31,4.0,1.0
2025-08-02,CAT-32,4.0,1.0
2025-08-02,CAT-33,5.0,1.0
2025-08-02,CAT-34,8.0,1.0
2025-08-02,CAT-35,7.0,1.0
2025-08-02,CAT-36,4.0,1.0
2025-08-02,CAT-37,5.0,1.0
2025-08-02,CAT-38,5.0,1.0
2025-08-02,CAT-39,5.0,1.0
2025-08-02,CAT-40,6.0,1.0
2025-08-02,CAT-41,6.0,1.0
2025-08-02,CAT-42,7.0,3.0
2025-08-02,CAT-43,4.0,1.0
2025-08-02,CAT-44,8.0,3.0
2025-08-02,CAT-45,6.0,1.0
2025-08-02,CAT-46,5.0,1.0
2025-08-02,CAT-47,6.0,1.0
2025-08-02,CAT-48,3.0,1.0
2025-08-02,CAT-49,4.0,1.0
2025-08-03,CAT-01,4.0,1.0
2025-08-03,CAT-02,6.0,1.0
2025-08-03,CAT-03,6.0,1.0
2025-08-03,CAT-04,7.0,1.0
2025-08-03,CAT-05,4.0,1.0
2025-08-03,CAT-06,3.0,1.0
2025-08-03,CAT-07,7.0,1.0
2025-08-03,CAT-08,9.0,3.0
2025-08-03,CAT-09,6.0,1.0
2025-08-03,CAT-10,6.0,1.0
2025-08-03,CAT-11,3.0,1.0
2025-08-03,CAT-12,3.0,1.0
2025-08-03,CAT-13,5.0,1.0
2025-08-03,CAT-14,7.0,1.0
2025-08-03,CAT-15,4.0,1.0
2025-08-03,CAT-16,6.0,1.0
2025-08-03,CAT-17,5.0,1.0
2025-08-03,CAT-18,4.0,1.0
2025-08-03,CAT-19,5.0,1.0
2025-08-03,CAT-20,8.0,3.0
2025-08-03,CAT-21,4.0,1.0
2025-08-03,CAT-22,9.0,3.0
2025-08-03,CAT-23,7.0,1.0
2025-08-03,CAT-24,5.0,3.0
2025-08-03,CAT-25,8.0,1.0
2025-08-03,CAT-26,6.0,1.0
2025-08-03,CAT-27,6.0,1.0
2025-08-03,CAT-28,5.0,1.0
2025-08-03,CAT-29,7.0,1.0
2025-08-03,CAT-30,8.0,1.0
2025-08-03,CAT-31,4.0,1.0
2025-08-03,CAT-32,4.0,1.0
2025-08-03,CAT-33,5.0,1.0
2025-08-03,CAT-34,8.0,1.0
2025-08-03,CAT-35,7.0,1.0
2025-08-03,CAT-36,4.0,1.0
2025-08-03,CAT-37,5.0,1.0
2025-08-03,CAT-38,5.0,1.0
2025-08-03,CAT-39,5.0,1.0
2025-08-03,CAT-40,6.0,1.0
2025-08-03,CAT-41,6.0,1.0
2025-08-03,CAT-42,7.0,3.0
2025-08-03,CAT-43,4.0,1.0
2025-08-03,CAT-44,8.0,3.0
2025-08-03,CAT-45,6.0,1.0
2025-08-03,CAT-46,5.0,1.0
2025-08-03,CAT-47,6.0,1.0
2025-08-03,CAT-48,3.0,1.0
2025-08-03,CAT-49,4.0,1.0
2025-08-04,CAT-01,4.0,1.0
2025-08-04,CAT-02,6.0,1.0
2025-08-04,CAT-03,6.0,1.0
2025-08-04,CAT-04,7.0,1.0
2025-08-04,CAT-05,4.0,1.0
2025-08-04,CAT-06,3.0,1.0
2025-08-04,CAT-07,7.0,1.0
2025-08-04,CAT-08,9.0,3.0
2025-08-04,CAT-09,6.0,1.0
2025-08-04,CAT-10,6.0,1.0
2025-08-04,CAT-11,3.0,1.0
2025-08-04,CAT-12,3.0,1.0
2025-08-04,CAT-13,5.0,1.0
2025-08-04,CAT-14,7.0,1.0
2025-08-04,CAT-15,4.0,1.0
2025-08-04,CAT-16,6.0,1.0
2025-08-04,CAT-17,5.0,1.0
2025-08-04,CAT-18,4.0,1.0
2025-08-04,CAT-19,5.0,1.0
2025-08-04,CAT-20,8.0,3.0
2025-08-04,CAT-21,4.0,1.0
2025-08-04,CAT-22,9.0,3.0
2025-08-04,CAT-23,7.0,1.0
2025-08-04,CAT-24,5.0,3.0
2025-08-04,CAT-25,8.0,1.0
2025-08-04,CAT-26,6.0,1.0
2025-08-04,CAT-27,6.0,1.0
2025-08-04,CAT-28,5.0,1.0
2025-08-04,CAT-29,7.0,1.0
2025-08-04,CAT-30,8.0,1.0
2025-08-04,CAT-31,4.0,1.0
2025-08-04,CAT-32,4.0,1.0
2025-08-04,CAT-33,5.0,1.0
2025-08-04,CAT-34,8.0,1.0
2025-08-04,CAT-35,7.0,1.0
2025-08-04,CAT-36,4.0,1.0
2025-08-04,CAT-37,5.0,1.0
2025-08-04,CAT-38,5.0,1.0
2025-08-04,CAT-39,5.0,1.0
2025-08-04,CAT-40,6.0,1.0
2025-08-04,CAT-41,6.0,1.0
2025-08-04,CAT-42,7.0,3.0
2025-08-04,CAT-43,4.0,1.0
2025-08-04,CAT-44,8.0,3.0
2025-08-04,CAT-45,6.0,1.0
2025-08-04,CAT-46,5.0,1.0
2025-08-04,CAT-47,6.0,1.0
2025-08-04,CAT-48,3.0,1.0
2025-08-04,CAT-49,4.0,1.0
2025-08-05,CAT-01,4.0,1.0
2025-08-05,CAT-02,6.0,1.0
2025-08-05,CAT-03,6.0,1.0
2025-08-05,CAT-04,7.0,1.0
2025-08-05,CAT-05,4.0,1.0
2025-08-05,CAT-06,3.0,1.0
2025-08-05,CAT-07,7.0,1.0
2025-08-05,CAT-08,9.0,3.0
2025-08-05,CAT-09,6.0,1.0
2025-08-05,CAT-10,6.0,1.0
2025-08-05,CAT-11,3.0,1.0
2025-08-05,CAT-12,3.0,1.0
2025-08-05,CAT-13,5.0,1.0
2025-08-05,CAT-14,7.0,1.0
2025-08-05,CAT-15,4.0,1.0
2025-08-05,CAT-16,6.0,1.0
2025-08-05,CAT-17,5.0,1.0
2025-08-05,CAT-18,4.0,1.0
2025-08-05,CAT-19,5.0,1.0
2025-08-05,CAT-20,8.0,3.0
2025-08-05,CAT-21,4.0,1.0
2025-08-05,CAT-22,9.0,3.0
2025-08-05,CAT-23,7.0,1.0
2025-08-05,CAT-24,5.0,3.0
2025-08-05,CAT-25,8.0,1.0
2025-08-05,CAT-26,6.0,1.0
2025-08-05,CAT-27,6.0,1.0
2025-08-05,CAT-28,5.0,1.0
2025-08-05,CAT-29,7.0,1.0
2025-08-05,CAT-30,8.0,1.0
2025-08-05,CAT-31,4.0,1.0
2025-08-05,CAT-32,4.0,1.0
2025-08-05,CAT-33,5.0,1.0
2025-08-05,CAT-34,8.0,1.0
2025-08-05,CAT-35,7.0,1.0
2025-08-05,CAT-36,4.0,1.0
2025-08-05,CAT-37,5.0,1.0
2025-08-05,CAT-38,5.0,1.0
2025-08-05,CAT-39,5.0,1.0
2025-08-05,CAT-40,6.0,1.0
2025-08-05,CAT-41,6.0,1.0
2025-08-05,CAT-42,7.0,3.0
2025-08-05,CAT-43,4.0,1.0
2025-08-05,CAT-44,8.0,3.0
2025-08-05,CAT-45,6.0,1.0
2025-08-05,CAT-46,5.0,1.0
2025-08-05,CAT-47,6.0,1.0
2025-08-05,CAT-48,3.0,1.0
2025-08-05,CAT-49,4.0,1.0
2025-08-06,CAT-01,4.0,1.0
2025-08-06,CAT-02,6.0,1.0
2025-08-06,CAT-03,6.0,1.0
2025-08-06,CAT-04,7.0,1.0
2025-08-06,CAT-05,4.0,1.0
2025-08-06,CAT-06,3.0,1.0
2025-08-06,CAT-07,7.0,1.0
2025-08-06,CAT-08,9.0,3.0
2025-08-06,CAT-09,6.0,1.0
2025-08-06,CAT-10,6.0,1.0
2025-08-06,CAT-11,3.0,1.0
2025-08-06,CAT-12,3.0,1.0
2025-08-06,CAT-13,5.0,1.0
2025-08-06,CAT-14,7.0,1.0
2025-08-06,CAT-15,4.0,1.0
2025-08-06,CAT-16,6.0,1.0
2025-08-06,CAT-17,5.0,1.0
2025-08-06,CAT-18,4.0,1.0
2025-08-06,CAT-19,5.0,1.0
2025-08-06,CAT-20,8.0,3.0
2025-08-06,CAT-21,4.0,1.0
2025-08-06,CAT-22,9.0,3.0
2025-08-06,CAT-23,7.0,1.0
2025-08-06,CAT-24,5.0,3.0
2025-08-06,CAT-25,8.0,1.0
2025-08-06,CAT-26,6.0,1.0
2025-08-06,CAT-27,6.0,1.0
2025-08-06,CAT-28,5.0,1.0
2025-08-06,CAT-29,7.0,1.0
2025-08-06,CAT-30,8.0,1.0
2025-08-06,CAT-31,4.0,1.0
2025-08-06,CAT-32,4.0,1.0
2025-08-06,CAT-33,5.0,1.0
2025-08-06,CAT-34,8.0,1.0
2025-08-06,CAT-35,7.0,1.0
2025-08-06,CAT-36,4.0,1.0
2025-08-06,CAT-37,5.0,1.0
2025-08-06,CAT-38,5.0,1.0
2025-08-06,CAT-39,5.0,1.0
2025-08-06,CAT-40,6.0,1.0
2025-08-06,CAT-41,6.0,1.0
2025-08-06,CAT-42,7.0,3.0
2025-08-06,CAT-43,4.0,1.0
2025-08-06,CAT-44,8.0,3.0
2025-08-06,CAT-45,6.0,1.0
2025-08-06,CAT-46,5.0,1.0
2025-08-06,CAT-47,6.0,1.0
2025-08-06,CAT-48,3.0,1.0
2025-08-06,CAT-49,4.0,1.0
2025-08-07,CAT-01,4.0,1.0
2025-08-07,CAT-02,6.0,1.0
2025-08-07,CAT-03,6.0,1.0
2025-08-07,CAT-04,7.0,1.0
2025-08-07,CAT-05,4.0,1.0
2025-08-07,CAT-06,3.0,1.0
2025-08-07,CAT-07,7.0,1.0
2025-08-07,CAT-08,9.0,3.0
2025-08-07,CAT-09,6.0,1.0
2025-08-07,CAT-10,6.0,1.0
2025-08-07,CAT-11,3.0,1.0
2025-08-07,CAT-12,3.0,1.0
2025-08-07,CAT-13,5.0,1.0
2025-08-07,CAT-14,7.0,1.0
2025-08-07,CAT-15,4.0,1.0
2025-08-07,CAT-16,6.0,1.0
2025-08-07,CAT-17,5.0,1.0
2025-08-07,CAT-18,4.0,1.0
2025-08-07,CAT-19,5.0,1.0
2025-08-07,CAT-20,8.0,3.0
2025-08-07,CAT-21,4.0,1.0
2025-08-07,CAT-22,9.0,3.0
2025-08-07,CAT-23,7.0,1.0
2025-08-07,CAT-24,5.0,3.0
2025-08-07,CAT-25,8.0,1.0
2025-08-07,CAT-26,6.0,1.0
2025-08-07,CAT-27,6.0,1.0
2025-08-07,CAT-28,5.0,1.0
2025-08-07,CAT-29,7.0,1.0
2025-08-07,CAT-30,8.0,1.0
2025-08-07,CAT-31,4.0,1.0
2025-08-07,CAT-32,4.0,1.0
2025-08-07,CAT-33,5.0,1.0
2025-08-07,CAT-34,8.0,1.0
2025-08-07,CAT-35,7.0,1.0
2025-08-07,CAT-36,4.0,1.0
2025-08-07,CAT-37,5.0,1.0
2025-08-07,CAT-38,5.0,1.0
2025-08-07,CAT-39,5.0,1.0
2025-08-07,CAT-40,6.0,1.0
2025-08-07,CAT-41,6.0,1.0
2025-08-07,CAT-42,7.0,3.0
2025-08-07,CAT-43,4.0,1.0
2025-08-07,CAT-44,8.0,3.0
2025-08-07,CAT-45,6.0,1.0
2025-08-07,CAT-46,5.0,1.0
2025-08-07,CAT-47,6.0,1.0
2025-08-07,CAT-48,3.0,1.0
2025-08-07,CAT-49,4.0,1.0
2025-08-08,CAT-01,4.0,1.0
2025-08-08,CAT-02,6.0,1.0
2025-08-08,CAT-03,6.0,1.0
2025-08-08,CAT-04,7.0,1.0
2025-08-08,CAT-05,4.0,1.0
2025-08-08,CAT-06,3.0,1.0
2025-08-08,CAT-07,7.0,1.0
2025-08-08,CAT-08,9.0,3.0
2025-08-08,CAT-09,6.0,1.0
2025-08-08,CAT-10,6.0,1.0
2025-08-08,CAT-11,3.0,1.0
2025-08-08,CAT-12,3.0,1.0
2025-08-08,CAT-13,5.0,1.0
2025-08-08,CAT-14,7.0,1.0
2025-08-08,CAT-15,4.0,1.0
2025-08-08,CAT-16,6.0,1.0
2025-08-08,CAT-17,5.0,1.0
2025-08-08,CAT-18,4.0,1.0
2025-08-08,CAT-19,5.0,1.0
2025-08-08,CAT-20,8.0,3.0
2025-08-08,CAT-21,4.0,1.0
2025-08-08,CAT-22,9.0,3.0
2025-08-08,CAT-23,7.0,1.0
2025-08-08,CAT-24,5.0,3.0
2025-08-08,CAT-25,8.0,1.0
2025-08-08,CAT-26,6.0,1.0
2025-08-08,CAT-27,6.0,1.0
2025-08-08,CAT-28,5.0,1.0
2025-08-08,CAT-29,7.0,1.0
2025-08-08,CAT-30,8.0,1.0
2025-08-08,CAT-31,4.0,1.0
2025-08-08,CAT-32,4.0,1.0
2025-08-08,CAT-33,5.0,1.0
2025-08-08,CAT-34,8.0,1.0
2025-08-08,CAT-35,7.0,1.0
2025-08-08,CAT-36,4.0,1.0
2025-08-08,CAT-37,5.0,1.0
2025-08-08,CAT-38,5.0,1.0
2025-08-08,CAT-39,5.0,1.0
2025-08-08,CAT-40,6.0,1.0
2025-08-08,CAT-41,6.0,1.0
2025-08-08,CAT-42,7.0,3.0
2025-08-08,CAT-43,4.0,1.0
2025-08-08,CAT-44,8.0,3.0
2025-08-08,CAT-45,6.0,1.0
2025-08-08,CAT-46,5.0,1.0
2025-08-08,CAT-47,6.0,1.0
2025-08-08,CAT-48,3.0,1.0
2025-08-08,CAT-49,4.0,1.0
2025-08-09,CAT-01,4.0,1.0
2025-08-09,CAT-02,6.0,1.0
2025-08-09,CAT-03,6.0,1.0
2025-08-09,CAT-04,7.0,1.0
2025-08-09,CAT-05,4.0,1.0
2025-08-09,CAT-06,3.0,1.0
2025-08-09,CAT-07,7.0,1.0
2025-08-09,CAT-08,12.0,7.0
2025-08-09,CAT-09,6.0,1.0
2025-08-09,CAT-10,6.0,1.0
2025-08-09,CAT-11,3.0,1.0
2025-08-09,CAT-12,3.0,1.0
2025-08-09,CAT-13,5.0,1.0
2025-08-09,CAT-14,7.0,1.0
2025-08-09,CAT-15,4.0,1.0
2025-08-09,CAT-16,6.0,1.0
2025-08-09,CAT-17,5.0,1.0
2025-08-09,CAT-18,4.0,1.0
2025-08-09,CAT-19,5.0,1.0
2025-08-09,CAT-20,11.0,7.0
2025-08-09,CAT-21,4.0,1.0
2025-08-09,CAT-22,11.0,7.0
2025-08-09,CAT-23,7.0,1.0
2025-08-09,CAT-24,8.0,7.0
2025-08-09,CAT-25,8.0,1.0
2025-08-09,CAT-26,6.0,1.0
2025-08-09,CAT-27,6.0,1.0
2025-08-09,CAT-28,5.0,1.0
2025-08-09,CAT-29,7.0,1.0
2025-08-09,CAT-30,8.0,1.0
2025-08-09,CAT-31,4.0,1.0
2025-08-09,CAT-32,4.0,1.0
2025-08-09,CAT-33,5.0,1.0
2025-08-09,CAT-34,8.0,1.0
2025-08-09,CAT-35,7.0,1.0
2025-08-09,CAT-36,4.0,1.0
2025-08-09,CAT-37,5.0,1.0
2025-08-09,CAT-38,5.0,1.0
2025-08-09,CAT-39,5.0,1.0
2025-08-09,CAT-40,6.0,1.0
2025-08-09,CAT-41,6.0,1.0
2025-08-09,CAT-42,9.0,7.0
2025-08-09,CAT-43,4.0,1.0
2025-08-09,CAT-44,10.0,7.0
2025-08-09,CAT-45,6.0,1.0
2025-08-09,CAT-46,5.0,1.0
2025-08-09,CAT-47,6.0,1.0
2025-08-09,CAT-48,3.0,1.0
2025-08-09,CAT-49,4.0,1.0
2025-08-10,CAT-01,4.0,1.0
2025-08-10,CAT-02,6.0,1.0
2025-08-10,CAT-03,6.0,1.0
2025-08-10,CAT-04,7.0,1.0
2025-08-10,CAT-05,4.0,1.0
2025-08-10,CAT-06,3.0,1.0
2025-08-10,CAT-07,7.0,1.0
2025-08-10,CAT-08,9.0,3.0
2025-08-10,CAT-09,6.0,1.0
2025-08-10,CAT-10,6.0,1.0
2025-08-10,CAT-11,3.0,1.0
2025-08-10,CAT-12,3.0,1.0
2025-08-10,CAT-13,5.0,1.0
2025-08-10,CAT-14,7.0,1.0
2025-08-10,CAT-15,4.0,1.0
2025-08-10,CAT-16,6.0,1.0
2025-08-10,CAT-17,5.0,1.0
2025-08-10,CAT-18,4.0,1.0
2025-08-10,CAT-19,5.0,1.0
2025-08-10,CAT-20,8.0,3.0
2025-08-10,CAT-21,4.0,1.0
2025-08-10,CAT-22,9.0,3.0
2025-08-10,CAT-23,7.0,1.0
2025-08-10,CAT-24,5.0,3.0
2025-08-10,CAT-25,8.0,1.0
2025-08-10,CAT-26,6.0,1.0
2025-08-10,CAT-27,6.0,1.0
2025-08-10,CAT-28,5.0,1.0
2025-08-10,CAT-29,7.0,1.0
2025-08-10,CAT-30,8.0,1.0
2025-08-10,CAT-31,4.0,1.0
2025-08-10,CAT-32,4.0,1.0
2025-08-10,CAT-33,5.0,1.0
2025-08-10,CAT-34,8.0,1.0
2025-08-10,CAT-35,7.0,1.0
2025-08-10,CAT-36,4.0,1.0
2025-08-10,CAT-37,5.0,1.0
2025-08-10,CAT-38,5.0,1.0
2025-08-10,CAT-39,5.0,1.0
2025-08-10,CAT-40,6.0,1.0
2025-08-10,CAT-41,6.0,1.0
2025-08-10,CAT-42,7.0,3.0
2025-08-10,CAT-43,4.0,1.0
2025-08-10,CAT-44,8.0,3.0
2025-08-10,CAT-45,6.0,1.0
2025-08-10,CAT-46,5.0,1.0
2025-08-10,CAT-47,6.0,1.0
2025-08-10,CAT-48,3.0,1.0
2025-08-10,CAT-49,4.0,1.0
2025-08-11,CAT-01,4.0,1.0
2025-08-11,CAT-02,6.0,1.0
2025-08-11,CAT-03,6.0,1.0
2025-08-11,CAT-04,7.0,1.0
2025-08-11,CAT-05,4.0,1.0
2025-08-11,CAT-06,3.0,1.0
2025-08-11,CAT-07,7.0,1.0
2025-08-11,CAT-08,9.0,3.0
2025-08-11,CAT-09,6.0,1.0
2025-08-11,CAT-10,6.0,1.0
2025-08-11,CAT-11,3.0,1.0
2025-08-11,CAT-12,3.0,1.0
2025-08-11,CAT-13,5.0,1.0
2025-08-11,CAT-14,7.0,1.0
2025-08-11,CAT-15,4.0,1.0
2025-08-11,CAT-16,6.0,1.0
2025-08-11,CAT-17,5.0,1.0
2025-08-11,CAT-18,4.0,1.0
2025-08-11,CAT-19,5.0,1.0
2025-08-11,CAT-20,8.0,3.0
2025-08-11,CAT-21,4.0,1.0
2025-08-11,CAT-22,9.0,3.0
2025-08-11,CAT-23,7.0,1.0
2025-08-11,CAT-24,5.0,3.0
2025-08-11,CAT-25,8.0,1.0
2025-08-11,CAT-26,6.0,1.0
2025-08-11,CAT-27,6.0,1.0
2025-08-11,CAT-28,5.0,1.0
2025-08-11,CAT-29,7.0,1.0
2025-08-11,CAT-30,8.0,1.0
2025-08-11,CAT-31,4.0,1.0
2025-08-11,CAT-32,4.0,1.0
2025-08-11,CAT-33,5.0,1.0
2025-08-11,CAT-34,8.0,1.0
2025-08-11,CAT-35,7.0,1.0
2025-08-11,CAT-36,4.0,1.0
2025-08-11,CAT-37,5.0,1.0
2025-08-11,CAT-38,5.0,1.0
2025-08-11,CAT-39,5.0,1.0
2025-08-11,CAT-40,6.0,1.0
2025-08-11,CAT-41,6.0,1.0
2025-08-11,CAT-42,7.0,3.0
2025-08-11,CAT-43,4.0,1.0
2025-08-11,CAT-44,8.0,3.0
2025-08-11,CAT-45,6.0,1.0
2025-08-11,CAT-46,5.0,1.0
2025-08-11,CAT-47,6.0,1.0
2025-08-11,CAT-48,3.0,1.0
2025-08-11,CAT-49,4.0,1.0
2025-08-12,CAT-01,4.0,1.0
2025-08-12,CAT-02,6.0,1.0
2025-08-12,CAT-03,6.0,1.0
2025-08-12,CAT-04,7.0,1.0
2025-08-12,CAT-05,4.0,1.0
2025-08-12,CAT-06,3.0,1.0
2025-08-12,CAT-07,7.0,1.0
2025-08-12,CAT-08,9.0,3.0
2025-08-12,CAT-09,6.0,1.0
2025-08-12,CAT-10,6.0,1.0
2025-08-12,CAT-11,3.0,1.0
2025-08-12,CAT-12,3.0,1.0
2025-08-12,CAT-13,5.0,1.0
2025-08-12,CAT-14,7.0,1.0
2025-08-12,CAT-15,4.0,1.0
2025-08-12,CAT-16,6.0,1.0
2025-08-12,CAT-17,5.0,1.0
2025-08-12,CAT-18,4.0,1.0
2025-08-12,CAT-19,5.0,1.0
2025-08-12,CAT-20,8.0,3.0
2025-08-12,CAT-21,4.0,1.0
2025-08-12,CAT-22,9.0,3.0
2025-08-12,CAT-23,7.0,1.0
2025-08-12,CAT-24,5.0,3.0
2025-08-12,CAT-25,8.0,1.0
2025-08-12,CAT-26,6.0,1.0
2025-08-12,CAT-27,6.0,1.0
2025-08-12,CAT-28,5.0,1.0
2025-08-12,CAT-29,7.0,1.0
2025-08-12,CAT-30,8.0,1.0
2025-08-12,CAT-31,4.0,1.0
2025-08-12,CAT-32,4.0,1.0
2025-08-12,CAT-33,5.0,1.0
2025-08-12,CAT-34,8.0,1.0
2025-08-12,CAT-35,7.0,1.0
2025-08-12,CAT-36,4.0,1.0
2025-08-12,CAT-37,5.0,1.0
2025-08-12,CAT-38,5.0,1.0
2025-08-12,CAT-39,5.0,1.0
2025-08-12,CAT-40,6.0,1.0
2025-08-12,CAT-41,6.0,1.0
2025-08-12,CAT-42,7.0,3.0
2025-08-12,CAT-43,4.0,1.0
2025-08-12,CAT-44,8.0,3.0
2025-08-12,CAT-45,6.0,1.0
2025-08-12,CAT-46,5.0,1.0
2025-08-12,CAT-47,6.0,1.0
2025-08-12,CAT-48,3.0,1.0
2025-08-12,CAT-49,4.0,1.0
2025-08-13,CAT-01,4.0,1.0
2025-08-13,CAT-02,6.0,1.0
2025-08-13,CAT-03,6.0,1.0
2025-08-13,CAT-04,7.0,1.0
2025-08-13,CAT-05,4.0,1.0
2025-08-13,CAT-06,3.0,1.0
2025-08-13,CAT-07,7.0,1.0
2025-08-13,CAT-08,9.0,3.0
2025-08-13,CAT-09,6.0,1.0
2025-08-13,CAT-10,6.0,1.0
2025-08-13,CAT-11,3.0,1.0
2025-08-13,CAT-12,3.0,1.0
2025-08-13,CAT-13,5.0,1.0
2025-08-13,CAT-14,7.0,1.0
2025-08-13,CAT-15,4.0,1.0
2025-08-13,CAT-16,6.0,1.0
2025-08-13,CAT-17,5.0,1.0
2025-08-13,CAT-18,4.0,1.0
2025-08-13,CAT-19,5.0,1.0
2025-08-13,CAT-20,8.0,3.0
2025-08-13,CAT-21,4.0,1.0
2025-08-13,CAT-22,9.0,3.0
2025-08-13,CAT-23,7.0,1.0
2025-08-13,CAT-24,8.0,8.0
2025-08-13,CAT-25,8.0,1.0
2025-08-13,CAT-26,6.0,1.0
2025-08-13,CAT-27,6.0,1.0
2025-08-13,CAT-28,5.0,1.0
2025-08-13,CAT-29,7.0,1.0
2025-08-13,CAT-30,8.0,1.0
2025-08-13,CAT-31,4.0,1.0
2025-08-13,CAT-32,4.0,1.0
2025-08-13,CAT-33,5.0,1.0
2025-08-13,CAT-34,8.0,1.0
2025-08-13,CAT-35,7.0,1.0
2025-08-13,CAT-36,4.0,1.0
2025-08-13,CAT-37,5.0,1.0
2025-08-13,CAT-38,5.0,1.0
2025-08-13,CAT-39,5.0,1.0
2025-08-13,CAT-40,6.0,1.0
2025-08-13,CAT-41,6.0,1.0
2025-08-13,CAT-42,7.0,3.0
2025-08-13,CAT-43,4.0,1.0
2025-08-13,CAT-44,8.0,3.0
2025-08-13,CAT-45,6.0,1.0
2025-08-13,CAT-46,5.0,1.0
2025-08-13,CAT-47,6.0,1.0
2025-08-13,CAT-48,3.0,1.0
2025-08-13,CAT-49,4.0,1.0
2025-08-14,CAT-01,4.0,1.0
2025-08-14,CAT-02,6.0,1.0
2025-08-14,CAT-03,6.0,1.0
2025-08-14,CAT-04,7.0,1.0
2025-08-14,CAT-05,4.0,1.0
2025-08-14,CAT-06,3.0,1.0
2025-08-14,CAT-07,7.0,1.0
2025-08-14,CAT-08,9.0,3.0
2025-08-14,CAT-09,6.0,1.0
2025-08-14,CAT-10,6.0,1.0
2025-08-14,CAT-11,3.0,1.0
2025-08-14,CAT-12,3.0,1.0
2025-08-14,CAT-13,5.0,1.0
2025-08-14,CAT-14,7.0,1.0
2025-08-14,CAT-15,4.0,1.0
2025-08-14,CAT-16,6.0,1.0
2025-08-14,CAT-17,5.0,1.0
2025-08-14,CAT-18,4.0,1.0
2025-08-14,CAT-19,5.0,1.0
2025-08-14,CAT-20,8.0,3.0
2025-08-14,CAT-21,4.0,1.0
2025-08-14,CAT-22,9.0,3.0
2025-08-14,CAT-23,7.0,1.0
2025-08-14,CAT-24,5.0,3.0
2025-08-14,CAT-25,8.0,1.0
2025-08-14,CAT-26,6.0,1.0
2025-08-14,CAT-27,6.0,1.0
2025-08-14,CAT-28,5.0,1.0
2025-08-14,CAT-29,7.0,1.0
2025-08-14,CAT-30,8.0,1.0
2025-08-14,CAT-31,4.0,1.0
2025-08-14,CAT-32,4.0,1.0
2025-08-14,CAT-33,5.0,1.0
2025-08-14,CAT-34,8.0,1.0
2025-08-14,CAT-35,7.0,1.0
2025-08-14,CAT-36,4.0,1.0
2025-08-14,CAT-37,5.0,1.0
2025-08-14,CAT-38,5.0,1.0
2025-08-14,CAT-39,5.0,1.0
2025-08-14,CAT-40,6.0,1.0
2025-08-14,CAT-41,6.0,1.0
2025-08-14,CAT-42,7.0,3.0
2025-08-14,CAT-43,4.0,1.0
2025-08-14,CAT-44,8.0,3.0
2025-08-14,CAT-45,6.0,1.0
2025-08-14,CAT-46,5.0,1.0
2025-08-14,CAT-47,6.0,1.0
2025-08-14,CAT-48,3.0,1.0
2025-08-14,CAT-49,4.0,1.0
2025-08-15,CAT-01,4.0,1.0
2025-08-15,CAT-02,6.0,1.0
2025-08-15,CAT-03,6.0,1.0
2025-08-15,CAT-04,7.0,1.0
2025-08-15,CAT-05,4.0,1.0
2025-08-15,CAT-06,3.0,1.0
2025-08-15,CAT-07,7.0,1.0
2025-08-15,CAT-08,9.0,3.0
2025-08-15,CAT-09,6.0,1.0
2025-08-15,CAT-10,6.0,1.0
2025-08-15,CAT-11,3.0,1.0
2025-08-15,CAT-12,3.0,1.0
2025-08-15,CAT-13,5.0,1.0
2025-08-15,CAT-14,7.0,1.0
2025-08-15,CAT-15,4.0,1.0
2025-08-15,CAT-16,6.0,1.0
2025-08-15,CAT-17,5.0,1.0
2025-08-15,CAT-18,4.0,1.0
2025-08-15,CAT-19,5.0,1.0
2025-08-15,CAT-20,8.0,3.0
2025-08-15,CAT-21,4.0,1.0
2025-08-15,CAT-22,9.0,3.0
2025-08-15,CAT-23,7.0,1.0
2025-08-15,CAT-24,5.0,3.0
2025-08-15,CAT-25,8.0,1.0
2025-08-15,CAT-26,6.0,1.0
2025-08-15,CAT-27,6.0,1.0
2025-08-15,CAT-28,5.0,1.0
2025-08-15,CAT-29,7.0,1.0
2025-08-15,CAT-30,8.0,1.0
2025-08-15,CAT-31,4.0,1.0
2025-08-15,CAT-32,4.0,1.0
2025-08-15,CAT-33,5.0,1.0
2025-08-15,CAT-34,8.0,1.0
2025-08-15,CAT-35,7.0,1.0
2025-08-15,CAT-36,4.0,1.0
2025-08-15,CAT-37,5.0,1.0
2025-08-15,CAT-38,5.0,1.0
2025-08-15,CAT-39,5.0,1.0
2025-08-15,CAT-40,6.0,1.0
2025-08-15,CAT-41,6.0,1.0
2025-08-15,CAT-42,7.0,3.0
2025-08-15,CAT-43,4.0,1.0
2025-08-15,CAT-44,8.0,3.0
2025-08-15,CAT-45,6.0,1.0
2025-08-15,CAT-46,5.0,1.0
2025-08-15,CAT-47,6.0,1.0
2025-08-15,CAT-48,3.0,1.0
2025-08-15,CAT-49,4.0,1.0
2025-08-16,CAT-01,4.0,1.0
2025-08-16,CAT-02,6.0,1.0
2025-08-16,CAT-03,6.0,1.0
2025-08-16,CAT-04,7.0,1.0
2025-08-16,CAT-05,4.0,1.0
2025-08-16,CAT-06,3.0,1.0
2025-08-16,CAT-07,7.0,1.0
2025-08-16,CAT-08,9.0,3.0
2025-08-16,CAT-09,6.0,1.0
2025-08-16,CAT-10,6.0,1.0
2025-08-16,CAT-11,3.0,1.0
2025-08-16,CAT-12,3.0,1.0
2025-08-16,CAT-13,5.0,1.0
2025-08-16,CAT-14,7.0,1.0
2025-08-16,CAT-15,4.0,1.0
2025-08-16,CAT-16,6.0,1.0
2025-08-16,CAT-17,5.0,1.0
2025-08-16,CAT-18,4.0,1.0
2025-08-16,CAT-19,5.0,1.0
2025-08-16,CAT-20,8.0,3.0
2025-08-16,CAT-21,4.0,1.0
2025-08-16,CAT-22,9.0,3.0
2025-08-16,CAT-23,7.0,1.0
2025-08-16,CAT-24,5.0,3.0
2025-08-16,CAT-25,8.0,1.0
2025-08-16,CAT-26,6.0,1.0
2025-08-16,CAT-27,6.0,1.0
2025-08-16,CAT-28,5.0,1.0
2025-08-16,CAT-29,7.0,1.0
2025-08-16,CAT-30,8.0,1.0
2025-08-16,CAT-31,4.0,1.0
2025-08-16,CAT-32,4.0,1.0
2025-08-16,CAT-33,5.0,1.0
2025-08-16,CAT-34,8.0,1.0
2025-08-16,CAT-35,7.0,1.0
2025-08-16,CAT-36,4.0,1.0
2025-08-16,CAT-37,5.0,1.0
2025-08-16,CAT-38,5.0,1.0
2025-08-16,CAT-39,5.0,1.0
2025-08-16,CAT-40,6.0,1.0
2025-08-16,CAT-41,6.0,1.0
2025-08-16,CAT-42,7.0,3.0
2025-08-16,CAT-43,4.0,1.0
2025-08-16,CAT-44,8.0,3.0
2025-08-16,CAT-45,6.0,1.0
2025-08-16,CAT-46,5.0,1.0
2025-08-16,CAT-47,6.0,1.0
2025-08-16,CAT-48,3.0,1.0
2025-08-16,CAT-49,4.0,1.0
2025-08-17,CAT-01,4.0,1.0
2025-08-17,CAT-02,6.0,1.0
2025-08-17,CAT-03,6.0,1.0
2025-08-17,CAT-04,7.0,1.0
2025-08-17,CAT-05,4.0,1.0
2025-08-17,CAT-06,3.0,1.0
2025-08-17,CAT-07,7.0,1.0
2025-08-17,CAT-08,9.0,3.0
2025-08-17,CAT-09,6.0,1.0
2025-08-17,CAT-10,6.0,1.0
2025-08-17,CAT-11,3.0,1.0
2025-08-17,CAT-12,3.0,1.0
2025-08-17,CAT-13,5.0,1.0
2025-08-17,CAT-14,7.0,1.0
2025-08-17,CAT-15,4.0,1.0
2025-08-17,CAT-16,6.0,1.0
2025-08-17,CAT-17,5.0,1.0
2025-08-17,CAT-18,4.0,1.0
2025-08-17,CAT-19,5.0,1.0
2025-08-17,CAT-20,8.0,3.0
2025-08-17,CAT-21,4.0,1.0
2025-08-17,CAT-22,9.0,3.0
2025-08-17,CAT-23,7.0,1.0
2025-08-17,CAT-24,5.0,3.0
2025-08-17,CAT-25,8.0,1.0
2025-08-17,CAT-26,6.0,1.0
2025-08-17,CAT-27,6.0,1.0
2025-08-17,CAT-28,5.0,1.0
2025-08-17,CAT-29,7.0,1.0
2025-08-17,CAT-30,8.0,1.0
2025-08-17,CAT-31,4.0,1.0
2025-08-17,CAT-32,4.0,1.0
2025-08-17,CAT-33,5.0,1.0
2025-08-17,CAT-34,8.0,1.0
2025-08-17,CAT-35,7.0,1.0
2025-08-17,CAT-36,4.0,1.0
2025-08-17,CAT-37,5.0,1.0
2025-08-17,CAT-38,5.0,1.0
2025-08-17,CAT-39,5.0,1.0
2025-08-17,CAT-40,6.0,1.0
2025-08-17,CAT-41,6.0,1.0
2025-08-17,CAT-42,7.0,3.0
2025-08-17,CAT-43,4.0,1.0
2025-08-17,CAT-44,8.0,3.0
2025-08-17,CAT-45,6.0,1.0
2025-08-17,CAT-46,5.0,1.0
2025-08-17,CAT-47,6.0,1.0
2025-08-17,CAT-48,3.0,1.0
2025-08-17,CAT-49,4.0,1.0
2025-08-18,CAT-01,4.0,1.0
2025-08-18,CAT-02,6.0,1.0
2025-08-18,CAT-03,6.0,1.0
2025-08-18,CAT-04,7.0,1.0
2025-08-18,CAT-05,4.0,1.0
2025-08-18,CAT-06,3.0,1.0
2025-08-18,CAT-07,7.0,1.0
2025-08-18,CAT-08,9.0,3.0
2025-08-18,CAT-09,6.0,1.0
2025-08-18,CAT-10,6.0,1.0
2025-08-18,CAT-11,3.0,1.0
2025-08-18,CAT-12,3.0,1.0
2025-08-18,CAT-13,5.0,1.0
2025-08-18,CAT-14,7.0,1.0
2025-08-18,CAT-15,4.0,1.0
2025-08-18,CAT-16,6.0,1.0
2025-08-18,CAT-17,5.0,1.0
2025-08-18,CAT-18,4.0,1.0
2025-08-18,CAT-19,5.0,1.0
2025-08-18,CAT-20,8.0,3.0
2025-08-18,CAT-21,4.0,1.0
2025-08-18,CAT-22,9.0,3.0
2025-08-18,CAT-23,7.0,1.0
2025-08-18,CAT-24,5.0,3.0
2025-08-18,CAT-25,8.0,1.0
2025-08-18,CAT-26,6.0,1.0
2025-08-18,CAT-27,6.0,1.0
2025-08-18,CAT-28,5.0,1.0
2025-08-18,CAT-29,7.0,1.0
2025-08-18,CAT-30,8.0,1.0
2025-08-18,CAT-31,4.0,1.0
2025-08-18,CAT-32,4.0,1.0
2025-08-18,CAT-33,5.0,1.0
2025-08-18,CAT-34,8.0,1.0
2025-08-18,CAT-35,7.0,1.0
2025-08-18,CAT-36,4.0,1.0
2025-08-18,CAT-37,5.0,1.0
2025-08-18,CAT-38,5.0,1.0
2025-08-18,CAT-39,5.0,1.0
2025-08-18,CAT-40,6.0,1.0
2025-08-18,CAT-41,6.0,1.0
2025-08-18,CAT-42,7.0,3.0
2025-08-18,CAT-43,4.0,1.0
2025-08-18,CAT-44,8.0,3.0
2025-08-18,CAT-45,6.0,1.0
2025-08-18,CAT-46,5.0,1.0
2025-08-18,CAT-47,6.0,1.0
2025-08-18,CAT-48,3.0,1.0
2025-08-18,CAT-49,4.0,1.0
2025-08-19,CAT-01,4.0,1.0
2025-08-19,CAT-02,6.0,1.0
2025-08-19,CAT-03,6.0,1.0
2025-08-19,CAT-04,7.0,1.0
2025-08-19,CAT-05,4.0,1.0
2025-08-19,CAT-06,3.0,1.0
2025-08-19,CAT-07,7.0,1.0
2025-08-19,CAT-08,12.0,8.0
2025-08-19,CAT-09,6.0,1.0
2025-08-19,CAT-10,6.0,1.0
2025-08-19,CAT-11,3.0,1.0
2025-08-19,CAT-12,3.0,1.0
2025-08-19,CAT-13,5.0,1.0
2025-08-19,CAT-14,7.0,1.0
2025-08-19,CAT-15,4.0,1.0
2025-08-19,CAT-16,6.0,1.0
2025-08-19,CAT-17,5.0,1.0
2025-08-19,CAT-18,4.0,1.0
2025-08-19,CAT-19,5.0,1.0
2025-08-19,CAT-20,12.0,8.0
2025-08-19,CAT-21,4.0,1.0
2025-08-19,CAT-22,12.0,8.0
2025-08-19,CAT-23,7.0,1.0
2025-08-19,CAT-24,5.0,3.0
2025-08-19,CAT-25,8.0,1.0
2025-08-19,CAT-26,6.0,1.0
2025-08-19,CAT-27,6.0,1.0
2025-08-19,CAT-28,5.0,1.0
2025-08-19,CAT-29,7.0,1.0
2025-08-19,CAT-30,8.0,1.0
2025-08-19,CAT-31,4.0,1.0
2025-08-19,CAT-32,4.0,1.0
2025-08-19,CAT-33,5.0,1.0
2025-08-19,CAT-34,8.0,1.0
2025-08-19,CAT-35,7.0,1.0
2025-08-19,CAT-36,4.0,1.0
2025-08-19,CAT-37,5.0,1.0
2025-08-19,CAT-38,5.0,1.0
2025-08-19,CAT-39,5.0,1.0
2025-08-19,CAT-40,6.0,1.0
2025-08-19,CAT-41,6.0,1.0
2025-08-19,CAT-42,7.0,3.0
2025-08-19,CAT-43,4.0,1.0
2025-08-19,CAT-44,8.0,3.0
2025-08-19,CAT-45,6.0,1.0
2025-08-19,CAT-46,5.0,1.0
2025-08-19,CAT-47,6.0,1.0
2025-08-19,CAT-48,3.0,1.0
2025-08-19,CAT-49,4.0,1.0
2025-08-20,CAT-01,4.0,1.0
2025-08-20,CAT-02,6.0,1.0
2025-08-20,CAT-03,6.0,1.0
2025-08-20,CAT-04,7.0,1.0
2025-08-20,CAT-05,4.0,1.0
2025-08-20,CAT-06,3.0,1.0
2025-08-20,CAT-07,7.0,1.0
2025-08-20,CAT-08,9.0,3.0
2025-08-20,CAT-09,6.0,1.0
2025-08-20,CAT-10,6.0,1.0
2025-08-20,CAT-11,3.0,1.0
2025-08-20,CAT-12,3.0,1.0
2025-08-20,CAT-13,5.0,1.0
2025-08-20,CAT-14,7.0,1.0
2025-08-20,CAT-15,4.0,1.0
2025-08-20,CAT-16,6.0,1.0
2025-08-20,CAT-17,5.0,1.0
2025-08-20,CAT-18,4.0,1.0
2025-08-20,CAT-19,5.0,1.0
2025-08-20,CAT-20,8.0,3.0
2025-08-20,CAT-21,4.0,1.0
2025-08-20,CAT-22,9.0,3.0
2025-08-20,CAT-23,7.0,1.0
2025-08-20,CAT-24,5.0,3.0
2025-08-20,CAT-25,8.0,1.0
2025-08-20,CAT-26,6.0,1.0
2025-08-20,CAT-27,6.0,1.0
2025-08-20,CAT-28,5.0,1.0
2025-08-20,CAT-29,7.0,1.0
2025-08-20,CAT-30,8.0,1.0
2025-08-20,CAT-31,4.0,1.0
2025-08-20,CAT-32,4.0,1.0
2025-08-20,CAT-33,5.0,1.0
2025-08-20,CAT-34,8.0,1.0
2025-08-20,CAT-35,7.0,1.0
2025-08-20,CAT-36,4.0,1.0
2025-08-20,CAT-37,5.0,1.0
2025-08-20,CAT-38,5.0,1.0
2025-08-20,CAT-39,5.0,1.0
2025-08-20,CAT-40,6.0,1.0
2025-08-20,CAT-41,6.0,1.0
2025-08-20,CAT-42,7.0,3.0
2025-08-20,CAT-43,4.0,1.0
2025-08-20,CAT-44,8.0,3.0
2025-08-20,CAT-45,6.0,1.0
2025-08-20,CAT-46,5.0,1.0
2025-08-20,CAT-47,6.0,1.0
2025-08-20,CAT-48,3.0,1.0
2025-08-20,CAT-49,4.0,1.0
2025-08-21,CAT-01,4.0,1.0
2025-08-21,CAT-02,6.0,1.0
2025-08-21,CAT-03,6.0,1.0
2025-08-21,CAT-04,7.0,1.0
2025-08-21,CAT-05,4.0,1.0
2025-08-21,CAT-06,3.0,1.0
2025-08-21,CAT-07,7.0,1.0
2025-08-21,CAT-08,9.0,3.0
2025-08-21,CAT-09,6.0,1.0
2025-08-21,CAT-10,6.0,1.0
2025-08-21,CAT-11,3.0,1.0
2025-08-21,CAT-12,3.0,1.0
2025-08-21,CAT-13,5.0,1.0
2025-08-21,CAT-14,7.0,1.0
2025-08-21,CAT-15,4.0,1.0
2025-08-21,CAT-16,6.0,1.0
2025-08-21,CAT-17,5.0,1.0
2025-08-21,CAT-18,4.0,1.0
2025-08-21,CAT-19,5.0,1.0
2025-08-21,CAT-20,8.0,3.0
2025-08-21,CAT-21,4.0,1.0
2025-08-21,CAT-22,9.0,3.0
2025-08-21,CAT-23,7.0,1.0
2025-08-21,CAT-24,5.0,3.0
2025-08-21,CAT-25,8.0,1.0
2025-08-21,CAT-26,6.0,1.0
2025-08-21,CAT-27,6.0,1.0
2025-08-21,CAT-28,5.0,1.0
2025-08-21,CAT-29,7.0,1.0
2025-08-21,CAT-30,8.0,1.0
2025-08-21,CAT-31,4.0,1.0
2025-08-21,CAT-32,4.0,1.0
2025-08-21,CAT-33,5.0,1.0
2025-08-21,CAT-34,8.0,1.0
2025-08-21,CAT-35,7.0,1.0
2025-08-21,CAT-36,4.0,1.0
2025-08-21,CAT-37,5.0,1.0
2025-08-21,CAT-38,5.0,1.0
2025-08-21,CAT-39,5.0,1.0
2025-08-21,CAT-40,6.0,1.0
2025-08-21,CAT-41,6.0,1.0
2025-08-21,CAT-42,7.0,3.0
2025-08-21,CAT-43,4.0,1.0
2025-08-21,CAT-44,8.0,3.0
2025-08-21,CAT-45,6.0,1.0
2025-08-21,CAT-46,5.0,1.0
2025-08-21,CAT-47,6.0,1.0
2025-08-21,CAT-48,3.0,1.0
2025-08-21,CAT-49,4.0,1.0
2025-08-22,CAT-01,4.0,1.0
2025-08-22,CAT-02,6.0,1.0
2025-08-22,CAT-03,6.0,1.0
2025-08-22,CAT-04,7.0,1.0
2025-08-22,CAT-05,4.0,1.0
2025-08-22,CAT-06,3.0,1.0
2025-08-22,CAT-07,7.0,1.0
2025-08-22,CAT-08,11.0,6.0
2025-08-22,CAT-09,6.0,1.0
2025-08-22,CAT-10,6.0,1.0
2025-08-22,CAT-11,3.0,1.0
2025-08-22,CAT-12,3.0,1.0
2025-08-22,CAT-13,5.0,1.0
2025-08-22,CAT-14,7.0,1.0
2025-08-22,CAT-15,4.0,1.0
2025-08-22,CAT-16,6.0,1.0
2025-08-22,CAT-17,5.0,1.0
2025-08-22,CAT-18,4.0,1.0
2025-08-22,CAT-19,5.0,1.0
2025-08-22,CAT-20,10.0,6.0
2025-08-22,CAT-21,4.0,1.0
2025-08-22,CAT-22,11.0,6.0
2025-08-22,CAT-23,7.0,1.0
2025-08-22,CAT-24,7.0,6.0
2025-08-22,CAT-25,8.0,1.0
2025-08-22,CAT-26,6.0,1.0
2025-08-22,CAT-27,6.0,1.0
2025-08-22,CAT-28,5.0,1.0
2025-08-22,CAT-29,7.0,1.0
2025-08-22,CAT-30,8.0,1.0
2025-08-22,CAT-31,4.0,1.0
2025-08-22,CAT-32,4.0,1.0
2025-08-22,CAT-33,5.0,1.0
2025-08-22,CAT-34,8.0,1.0
2025-08-22,CAT-35,7.0,1.0
2025-08-22,CAT-36,4.0,1.0
2025-08-22,CAT-37,5.0,1.0
2025-08-22,CAT-38,5.0,1.0
2025-08-22,CAT-39,5.0,1.0
2025-08-22,CAT-40,6.0,1.0
2025-08-22,CAT-41,6.0,1.0
2025-08-22,CAT-42,9.0,6.0
2025-08-22,CAT-43,4.0,1.0
2025-08-22,CAT-44,10.0,6.0
2025-08-22,CAT-45,6.0,1.0
2025-08-22,CAT-46,5.0,1.0
2025-08-22,CAT-47,6.0,1.0
2025-08-22,CAT-48,3.0,1.0
2025-08-22,CAT-49,4.0,1.0
2025-08-23,CAT-01,4.0,1.0
2025-08-23,CAT-02,6.0,1.0
2025-08-23,CAT-03,6.0,1.0
2025-08-23,CAT-04,7.0,1.0
2025-08-23,CAT-05,4.0,1.0
2025-08-23,CAT-06,3.0,1.0
2025-08-23,CAT-07,7.0,1.0
2025-08-23,CAT-08,9.0,3.0
2025-08-23,CAT-09,6.0,1.0
2025-08-23,CAT-10,6.0,1.0
2025-08-23,CAT-11,3.0,1.0
2025-08-23,CAT-12,3.0,1.0
2025-08-23,CAT-13,5.0,1.0
2025-08-23,CAT-14,7.0,1.0
2025-08-23,CAT-15,4.0,1.0
2025-08-23,CAT-16,6.0,1.0
2025-08-23,CAT-17,5.0,1.0
2025-08-23,CAT-18,4.0,1.0
2025-08-23,CAT-19,5.0,1.0
2025-08-23,CAT-20,8.0,3.0
2025-08-23,CAT-21,4.0,1.0
2025-08-23,CAT-22,9.0,3.0
2025-08-23,CAT-23,7.0,1.0
2025-08-23,CAT-24,5.0,3.0
2025-08-23,CAT-25,8.0,1.0
2025-08-23,CAT-26,6.0,1.0
2025-08-23,CAT-27,6.0,1.0
2025-08-23,CAT-28,5.0,1.0
2025-08-23,CAT-29,7.0,1.0
2025-08-23,CAT-30,8.0,1.0
2025-08-23,CAT-31,4.0,1.0
2025-08-23,CAT-32,4.0,1.0
2025-08-23,CAT-33,5.0,1.0
2025-08-23,CAT-34,8.0,1.0
2025-08-23,CAT-35,7.0,1.0
2025-08-23,CAT-36,4.0,1.0
2025-08-23,CAT-37,5.0,1.0
2025-08-23,CAT-38,5.0,1.0
2025-08-23,CAT-39,5.0,1.0
2025-08-23,CAT-40,6.0,1.0
2025-08-23,CAT-41,6.0,1.0
2025-08-23,CAT-42,5.0,1.0
2025-08-23,CAT-43,4.0,1.0
2025-08-23,CAT-44,6.0,1.0
2025-08-23,CAT-45,6.0,1.0
2025-08-23,CAT-46,5.0,1.0
2025-08-23,CAT-47,6.0,1.0
2025-08-23,CAT-48,3.0,1.0
2025-08-23,CAT-49,4.0,1.0
2025-08-24,CAT-01,4.0,1.0
2025-08-24,CAT-02,6.0,1.0
2025-08-24,CAT-03,6.0,1.0
2025-08-24,CAT-04,7.0,1.0
2025-08-24,CAT-05,4.0,1.0
2025-08-24,CAT-06,3.0,1.0
2025-08-24,CAT-07,7.0,1.0
2025-08-24,CAT-08,9.0,3.0
2025-08-24,CAT-09,6.0,1.0
2025-08-24,CAT-10,6.0,1.0
2025-08-24,CAT-11,3.0,1.0
2025-08-24,CAT-12,3.0,1.0
2025-08-24,CAT-13,5.0,1.0
2025-08-24,CAT-14,7.0,1.0
2025-08-24,CAT-15,4.0,1.0
2025-08-24,CAT-16,6.0,1.0
2025-08-24,CAT-17,5.0,1.0
2025-08-24,CAT-18,4.0,1.0
2025-08-24,CAT-19,5.0,1.0
2025-08-24,CAT-20,8.0,3.0
2025-08-24,CAT-21,4.0,1.0
2025-08-24,CAT-22,9.0,3.0
2025-08-24,CAT-23,7.0,1.0
2025-08-24,CAT-24,5.0,3.0
2025-08-24,CAT-25,8.0,1.0
2025-08-24,CAT-26,6.0,1.0
2025-08-24,CAT-27,6.0,1.0
2025-08-24,CAT-28,5.0,1.0
2025-08-24,CAT-29,7.0,1.0
2025-08-24,CAT-30,8.0,1.0
2025-08-24,CAT-31,4.0,1.0
2025-08-24,CAT-32,4.0,1.0
2025-08-24,CAT-33,5.0,1.0
2025-08-24,CAT-34,8.0,1.0
2025-08-24,CAT-35,7.0,1.0
2025-08-24,CAT-36,4.0,1.0
2025-08-24,CAT-37,5.0,1.0
2025-08-24,CAT-38,5.0,1.0
2025-08-24,CAT-39,5.0,1.0
2025-08-24,CAT-40,6.0,1.0
2025-08-24,CAT-41,6.0,1.0
2025-08-24,CAT-42,7.0,3.0
2025-08-24,CAT-43,4.0,1.0
2025-08-24,CAT-44,8.0,3.0
2025-08-24,CAT-45,6.0,1.0
2025-08-24,CAT-46,5.0,1.0
2025-08-24,CAT-47,6.0,1.0
2025-08-24,CAT-48,3.0,1.0
2025-08-24,CAT-49,4.0,1.0
2025-08-25,CAT-01,4.0,1.0
2025-08-25,CAT-02,6.0,1.0
2025-08-25,CAT-03,6.0,1.0
2025-08-25,CAT-04,7.0,1.0
2025-08-25,CAT-05,4.0,1.0
2025-08-25,CAT-06,3.0,1.0
2025-08-25,CAT-07,7.0,1.0
2025-08-25,CAT-08,9.0,3.0
2025-08-25,CAT-09,6.0,1.0
2025-08-25,CAT-10,6.0,1.0
2025-08-25,CAT-11,3.0,1.0
2025-08-25,CAT-12,3.0,1.0
2025-08-25,CAT-13,5.0,1.0
2025-08-25,CAT-14,7.0,1.0
2025-08-25,CAT-15,4.0,1.0
2025-08-25,CAT-16,6.0,1.0
2025-08-25,CAT-17,5.0,1.0
2025-08-25,CAT-18,4.0,1.0
2025-08-25,CAT-19,5.0,1.0
2025-08-25,CAT-20,8.0,3.0
2025-08-25,CAT-21,4.0,1.0
2025-08-25,CAT-22,9.0,3.0
2025-08-25,CAT-23,7.0,1.0
2025-08-25,CAT-24,5.0,3.0
2025-08-25,CAT-25,8.0,1.0
2025-08-25,CAT-26,6.0,1.0
2025-08-25,CAT-27,6.0,1.0
2025-08-25,CAT-28,5.0,1.0
2025-08-25,CAT-29,7.0,1.0
2025-08-25,CAT-30,8.0,1.0
2025-08-25,CAT-31,4.0,1.0
2025-08-25,CAT-32,4.0,1.0
2025-08-25,CAT-33,5.0,1.0
2025-08-25,CAT-34,8.0,1.0
2025-08-25,CAT-35,7.0,1.0
2025-08-25,CAT-36,4.0,1.0
2025-08-25,CAT-37,5.0,1.0
2025-08-25,CAT-38,5.0,1.0
2025-08-25,CAT-39,5.0,1.0
2025-08-25,CAT-40,6.0,1.0
2025-08-25,CAT-41,6.0,1.0
2025-08-25,CAT-42,7.0,3.0
2025-08-25,CAT-43,4.0,1.0
2025-08-25,CAT-44,8.0,3.0
2025-08-25,CAT-45,6.0,1.0
2025-08-25,CAT-46,5.0,1.0
2025-08-25,CAT-47,6.0,1.0
2025-08-25,CAT-48,3.0,1.0
2025-08-25,CAT-49,4.0,1.0
2025-08-26,CAT-01,4.0,1.0
2025-08-26,CAT-02,6.0,1.0
2025-08-26,CAT-03,6.0,1.0
2025-08-26,CAT-04,7.0,1.0
2025-08-26,CAT-05,4.0,1.0
2025-08-26,CAT-06,3.0,1.0
2025-08-26,CAT-07,7.0,1.0
2025-08-26,CAT-08,9.0,3.0
2025-08-26,CAT-09,6.0,1.0
2025-08-26,CAT-10,6.0,1.0
2025-08-26,CAT-11,3.0,1.0
2025-08-26,CAT-12,3.0,1.0
2025-08-26,CAT-13,5.0,1.0
2025-08-26,CAT-14,7.0,1.0
2025-08-26,CAT-15,4.0,1.0
2025-08-26,CAT-16,6.0,1.0
2025-08-26,CAT-17,5.0,1.0
2025-08-26,CAT-18,4.0,1.0
2025-08-26,CAT-19,5.0,1.0
2025-08-26,CAT-20,8.0,3.0
2025-08-26,CAT-21,4.0,1.0
2025-08-26,CAT-22,9.0,3.0
2025-08-26,CAT-23,7.0,1.0
2025-08-26,CAT-24,5.0,3.0
2025-08-26,CAT-25,8.0,1.0
2025-08-26,CAT-26,6.0,1.0
2025-08-26,CAT-27,6.0,1.0
2025-08-26,CAT-28,5.0,1.0
2025-08-26,CAT-29,7.0,1.0
2025-08-26,CAT-30,8.0,1.0
2025-08-26,CAT-31,4.0,1.0
2025-08-26,CAT-32,4.0,1.0
2025-08-26,CAT-33,5.0,1.0
2025-08-26,CAT-34,8.0,1.0
2025-08-26,CAT-35,7.0,1.0
2025-08-26,CAT-36,4.0,1.0
2025-08-26,CAT-37,5.0,1.0
2025-08-26,CAT-38,5.0,1.0
2025-08-26,CAT-39,5.0,1.0
2025-08-26,CAT-40,6.0,1.0
2025-08-26,CAT-41,6.0,1.0
2025-08-26,CAT-42,7.0,3.0
2025-08-26,CAT-43,4.0,1.0
2025-08-26,CAT-44,8.0,3.0
2025-08-26,CAT-45,6.0,1.0
2025-08-26,CAT-46,5.0,1.0
2025-08-26,CAT-47,6.0,1.0
2025-08-26,CAT-48,3.0,1.0
2025-08-26,CAT-49,4.0,1.0
2025-08-27,CAT-01,4.0,1.0
2025-08-27,CAT-02,6.0,1.0
2025-08-27,CAT-03,6.0,1.0
2025-08-27,CAT-04,7.0,1.0
2025-08-27,CAT-05,4.0,1.0
2025-08-27,CAT-06,3.0,1.0
2025-08-27,CAT-07,7.0,1.0
2025-08-27,CAT-08,11.0,6.0
2025-08-27,CAT-09,6.0,1.0
2025-08-27,CAT-10,6.0,1.0
2025-08-27,CAT-11,3.0,1.0
2025-08-27,CAT-12,3.0,1.0
2025-08-27,CAT-13,5.0,1.0
2025-08-27,CAT-14,7.0,1.0
2025-08-27,CAT-15,4.0,1.0
2025-08-27,CAT-16,6.0,1.0
2025-08-27,CAT-17,5.0,1.0
2025-08-27,CAT-18,4.0,1.0
2025-08-27,CAT-19,5.0,1.0
2025-08-27,CAT-20,10.0,6.0
2025-08-27,CAT-21,4.0,1.0
2025-08-27,CAT-22,11.0,6.0
2025-08-27,CAT-23,7.0,1.0
2025-08-27,CAT-24,7.0,6.0
2025-08-27,CAT-25,8.0,1.0
2025-08-27,CAT-26,6.0,1.0
2025-08-27,CAT-27,6.0,1.0
2025-08-27,CAT-28,5.0,1.0
2025-08-27,CAT-29,7.0,1.0
2025-08-27,CAT-30,8.0,1.0
2025-08-27,CAT-31,4.0,1.0
2025-08-27,CAT-32,4.0,1.0
2025-08-27,CAT-33,5.0,1.0
2025-08-27,CAT-34,8.0,1.0
2025-08-27,CAT-35,7.0,1.0
2025-08-27,CAT-36,4.0,1.0
2025-08-27,CAT-37,5.0,1.0
2025-08-27,CAT-38,5.0,1.0
2025-08-27,CAT-39,5.0,1.0
2025-08-27,CAT-40,6.0,1.0
2025-08-27,CAT-41,6.0,1.0
2025-08-27,CAT-42,9.0,6.0
2025-08-27,CAT-43,4.0,1.0
2025-08-27,CAT-44,10.0,6.0
2025-08-27,CAT-45,6.0,1.0
2025-08-27,CAT-46,5.0,1.0
2025-08-27,CAT-47,6.0,1.0
2025-08-27,CAT-48,3.0,1.0
2025-08-27,CAT-49,4.0,1.0
2025-08-28,CAT-01,4.0,1.0
2025-08-28,CAT-02,6.0,1.0
2025-08-28,CAT-03,6.0,1.0
2025-08-28,CAT-04,7.0,1.0
2025-08-28,CAT-05,4.0,1.0
2025-08-28,CAT-06,3.0,1.0
2025-08-28,CAT-07,7.0,1.0
2025-08-28,CAT-08,9.0,3.0
2025-08-28,CAT-09,6.0,1.0
2025-08-28,CAT-10,6.0,1.0
2025-08-28,CAT-11,3.0,1.0
2025-08-28,CAT-12,3.0,1.0
2025-08-28,CAT-13,5.0,1.0
2025-08-28,CAT-14,7.0,1.0
2025-08-28,CAT-15,4.0,1.0
2025-08-28,CAT-16,6.0,1.0
2025-08-28,CAT-17,5.0,1.0
2025-08-28,CAT-18,4.0,1.0
2025-08-28,CAT-19,5.0,1.0
2025-08-28,CAT-20,8.0,3.0
2025-08-28,CAT-21,4.0,1.0
2025-08-28,CAT-22,9.0,3.0
2025-08-28,CAT-23,7.0,1.0
2025-08-28,CAT-24,5.0,3.0
2025-08-28,CAT-25,8.0,1.0
2025-08-28,CAT-26,6.0,1.0
2025-08-28,CAT-27,6.0,1.0
2025-08-28,CAT-28,5.0,1.0
2025-08-28,CAT-29,7.0,1.0
2025-08-28,CAT-30,8.0,1.0
2025-08-28,CAT-31,4.0,1.0
2025-08-28,CAT-32,4.0,1.0
2025-08-28,CAT-33,5.0,1.0
2025-08-28,CAT-34,8.0,1.0
2025-08-28,CAT-35,7.0,1.0
2025-08-28,CAT-36,4.0,1.0
2025-08-28,CAT-37,5.0,1.0
2025-08-28,CAT-38,5.0,1.0
2025-08-28,CAT-39,5.0,1.0
2025-08-28,CAT-40,6.0,1.0
2025-08-28,CAT-41,6.0,1.0
2025-08-28,CAT-42,7.0,3.0
2025-08-28,CAT-43,4.0,1.0
2025-08-28,CAT-44,8.0,3.0
2025-08-28,CAT-45,6.0,1.0
2025-08-28,CAT-46,5.0,1.0
2025-08-28,CAT-47,6.0,1.0
2025-08-28,CAT-48,3.0,1.0
2025-08-28,CAT-49,4.0,1.0
2025-08-29,CAT-01,4.0,1.0
2025-08-29,CAT-02,6.0,1.0
2025-08-29,CAT-03,6.0,1.0
2025-08-29,CAT-04,7.0,1.0
2025-08-29,CAT-05,4.0,1.0
2025-08-29,CAT-06,3.0,1.0
2025-08-29,CAT-07,7.0,1.0
2025-08-29,CAT-08,9.0,3.0
2025-08-29,CAT-09,6.0,1.0
2025-08-29,CAT-10,6.0,1.0
2025-08-29,CAT-11,3.0,1.0
2025-08-29,CAT-12,3.0,1.0
2025-08-29,CAT-13,5.0,1.0
2025-08-29,CAT-14,7.0,1.0
2025-08-29,CAT-15,4.0,1.0
2025-08-29,CAT-16,6.0,1.0
2025-08-29,CAT-17,5.0,1.0
2025-08-29,CAT-18,4.0,1.0
2025-08-29,CAT-19,5.0,1.0
2025-08-29,CAT-20,8.0,3.0
2025-08-29,CAT-21,4.0,1.0
2025-08-29,CAT-22,9.0,3.0
2025-08-29,CAT-23,7.0,1.0
2025-08-29,CAT-24,5.0,3.0
2025-08-29,CAT-25,8.0,1.0
2025-08-29,CAT-26,6.0,1.0
2025-08-29,CAT-27,6.0,1.0
2025-08-29,CAT-28,5.0,1.0
2025-08-29,CAT-29,7.0,1.0
2025-08-29,CAT-30,8.0,1.0
2025-08-29,CAT-31,4.0,1.0
2025-08-29,CAT-32,4.0,1.0
2025-08-29,CAT-33,5.0,1.0
2025-08-29,CAT-34,8.0,1.0
2025-08-29,CAT-35,7.0,1.0
2025-08-29,CAT-36,4.0,1.0
2025-08-29,CAT-37,5.0,1.0
2025-08-29,CAT-38,5.0,1.0
2025-08-29,CAT-39,5.0,1.0
2025-08-29,CAT-40,6.0,1.0
2025-08-29,CAT-41,6.0,1.0
2025-08-29,CAT-42,7.0,3.0
2025-08-29,CAT-43,4.0,1.0
2025-08-29,CAT-44,8.0,3.0
2025-08-29,CAT-45,6.0,1.0
2025-08-29,CAT-46,5.0,1.0
2025-08-29,CAT-47,6.0,1.0
2025-08-29,CAT-48,3.0,1.0
2025-08-29,CAT-49,4.0,1.0
2025-08-30,CAT-01,4.0,1.0
2025-08-30,CAT-02,6.0,1.0
2025-08-30,CAT-03,6.0,1.0
2025-08-30,CAT-04,7.0,1.0
2025-08-30,CAT-05,4.0,1.0
2025-08-30,CAT-06,3.0,1.0
2025-08-30,CAT-07,7.0,1.0
2025-08-30,CAT-08,9.0,3.0
2025-08-30,CAT-09,6.0,1.0
2025-08-30,CAT-10,6.0,1.0
2025-08-30,CAT-11,3.0,1.0
2025-08-30,CAT-12,3.0,1.0
2025-08-30,CAT-13,5.0,1.0
2025-08-30,CAT-14,7.0,1.0
2025-08-30,CAT-15,4.0,1.0
2025-08-30,CAT-16,6.0,1.0
2025-08-30,CAT-17,5.0,1.0
2025-08-30,CAT-18,4.0,1.0
2025-08-30,CAT-19,5.0,1.0
2025-08-30,CAT-20,8.0,3.0
2025-08-30,CAT-21,4.0,1.0
2025-08-30,CAT-22,9.0,3.0
2025-08-30,CAT-23,7.0,1.0
2025-08-30,CAT-24,5.0,3.0
2025-08-30,CAT-25,8.0,1.0
2025-08-30,CAT-26,6.0,1.0
2025-08-30,CAT-27,6.0,1.0
2025-08-30,CAT-28,5.0,1.0
2025-08-30,CAT-29,7.0,1.0
2025-08-30,CAT-30,8.0,1.0
2025-08-30,CAT-31,4.0,1.0
2025-08-30,CAT-32,4.0,1.0
2025-08-30,CAT-33,5.0,1.0
2025-08-30,CAT-34,8.0,1.0
2025-08-30,CAT-35,7.0,1.0
2025-08-30,CAT-36,4.0,1.0
2025-08-30,CAT-37,5.0,1.0
2025-08-30,CAT-38,5.0,1.0
2025-08-30,CAT-39,5.0,1.0
2025-08-30,CAT-40,6.0,1.0
2025-08-30,CAT-41,6.0,1.0
2025-08-30,CAT-42,7.0,3.0
2025-08-30,CAT-43,4.0,1.0
2025-08-30,CAT-44,8.0,3.0
2025-08-30,CAT-45,6.0,1.0
2025-08-30,CAT-46,5.0,1.0
2025-08-30,CAT-47,6.0,1.0
2025-08-30,CAT-48,3.0,1.0
2025-08-30,CAT-49,4.0,1.0
2025-08-31,CAT-01,4.0,1.0
2025-08-31,CAT-02,6.0,1.0
2025-08-31,CAT-03,6.0,1.0
2025-08-31,CAT-04,7.0,1.0
2025-08-31,CAT-05,4.0,1.0
2025-08-31,CAT-06,3.0,1.0
2025-08-31,CAT-07,7.0,1.0
2025-08-31,CAT-08,9.0,3.0
2025-08-31,CAT-09,6.0,1.0
2025-08-31,CAT-10,6.0,1.0
2025-08-31,CAT-11,3.0,1.0
2025-08-31,CAT-12,3.0,1.0
2025-08-31,CAT-13,5.0,1.0
2025-08-31,CAT-14,7.0,1.0
2025-08-31,CAT-15,4.0,1.0
2025-08-31,CAT-16,6.0,1.0
2025-08-31,CAT-17,5.0,1.0
2025-08-31,CAT-18,4.0,1.0
2025-08-31,CAT-19,5.0,1.0
2025-08-31,CAT-20,8.0,3.0
2025-08-31,CAT-21,4.0,1.0
2025-08-31,CAT-22,9.0,3.0
2025-08-31,CAT-23,7.0,1.0
2025-08-31,CAT-24,5.0,3.0
2025-08-31,CAT-25,8.0,1.0
2025-08-31,CAT-26,6.0,1.0
2025-08-31,CAT-27,6.0,1.0
2025-08-31,CAT-28,5.0,1.0
2025-08-31,CAT-29,7.0,1.0
2025-08-31,CAT-30,8.0,1.0
2025-08-31,CAT-31,4.0,1.0
2025-08-31,CAT-32,4.0,1.0
2025-08-31,CAT-33,5.0,1.0
2025-08-31,CAT-34,8.0,1.0
2025-08-31,CAT-35,7.0,1.0
2025-08-31,CAT-36,4.0,1.0
2025-08-31,CAT-37,5.0,1.0
2025-08-31,CAT-38,5.0,1.0
2025-08-31,CAT-39,5.0,1.0
2025-08-31,CAT-40,6.0,1.0
2025-08-31,CAT-41,6.0,1.0
2025-08-31,CAT-42,7.0,3.0
2025-08-31,CAT-43,4.0,1.0
2025-08-31,CAT-44,8.0,3.0
2025-08-31,CAT-45,6.0,1.0
2025-08-31,CAT-46,5.0,1.0
2025-08-31,CAT-47,6.0,1.0
2025-08-31,CAT-48,3.0,1.0
2025-08-31,CAT-49,4.0,1.0
2025-09-01,CAT-01,4.0,1.0
2025-09-01,CAT-02,6.0,1.0
2025-09-01,CAT-03,6.0,1.0
2025-09-01,CAT-04,7.0,1.0
2025-09-01,CAT-05,4.0,1.0
2025-09-01,CAT-06,3.0,1.0
2025-09-01,CAT-07,7.0,1.0
2025-09-01,CAT-08,8.0,1.0
2025-09-01,CAT-09,6.0,1.0
2025-09-01,CAT-10,6.0,1.0
2025-09-01,CAT-11,3.0,1.0
2025-09-01,CAT-12,3.0,1.0
2025-09-01,CAT-13,5.0,1.0
2025-09-01,CAT-14,7.0,1.0
2025-09-01,CAT-15,4.0,1.0
2025-09-01,CAT-16,6.0,1.0
2025-09-01,CAT-17,5.0,1.0
2025-09-01,CAT-18,4.0,1.0
2025-09-01,CAT-19,5.0,1.0
2025-09-01,CAT-20,7.0,1.0
2025-09-01,CAT-21,4.0,1.0
2025-09-01,CAT-22,7.0,1.0
2025-09-01,CAT-23,7.0,1.0
2025-09-01,CAT-24,4.0,1.0
2025-09-01,CAT-25,8.0,1.0
2025-09-01,CAT-26,6.0,1.0
2025-09-01,CAT-27,6.0,1.0
2025-09-01,CAT-28,5.0,1.0
2025-09-01,CAT-29,7.0,1.0
2025-09-01,CAT-30,8.0,1.0
2025-09-01,CAT-31,4.0,1.0
2025-09-01,CAT-32,4.0,1.0
2025-09-01,CAT-33,5.0,1.0
2025-09-01,CAT-34,8.0,1.0
2025-09-01,CAT-35,7.0,1.0
2025-09-01,CAT-36,4.0,1.0
2025-09-01,CAT-37,5.0,1.0
2025-09-01,CAT-38,5.0,1.0
2025-09-01,CAT-39,5.0,1.0
2025-09-01,CAT-40,6.0,1.0
2025-09-01,CAT-41,6.0,1.0
2025-09-01,CAT-42,5.0,1.0
2025-09-01,CAT-43,4.0,1.0
2025-09-01,CAT-44,6.0,1.0
2025-09-01,CAT-45,6.0,1.0
2025-09-01,CAT-46,5.0,1.0
2025-09-01,CAT-47,6.0,1.0
2025-09-01,CAT-48,3.0,1.0
2025-09-01,CAT-49,4.0,1.0
2025-09-02,CAT-01,4.0,1.0
2025-09-02,CAT-02,6.0,1.0
2025-09-02,CAT-03,8.0,3.0
2025-09-02,CAT-04,7.0,1.0
2025-09-02,CAT-05,6.0,3.0
2025-09-02,CAT-06,3.0,1.0
2025-09-02,CAT-07,7.0,1.0
2025-09-02,CAT-08,8.0,1.0
2025-09-02,CAT-09,7.0,3.0
2025-09-02,CAT-10,6.0,1.0
2025-09-02,CAT-11,3.0,1.0
2025-09-02,CAT-12,3.0,1.0
2025-09-02,CAT-13,5.0,1.0
2025-09-02,CAT-14,7.0,1.0
2025-09-02,CAT-15,4.0,1.0
2025-09-02,CAT-16,7.0,3.0
2025-09-02,CAT-17,5.0,1.0
2025-09-02,CAT-18,4.0,1.0
2025-09-02,CAT-19,5.0,1.0
2025-09-02,CAT-20,7.0,1.0
2025-09-02,CAT-21,4.0,1.0
2025-09-02,CAT-22,7.0,1.0
2025-09-02,CAT-23,7.0,1.0
2025-09-02,CAT-24,4.0,1.0
2025-09-02,CAT-25,8.0,1.0
2025-09-02,CAT-26,7.0,3.0
2025-09-02,CAT-27,6.0,1.0
2025-09-02,CAT-28,5.0,1.0
2025-09-02,CAT-29,7.0,1.0
2025-09-02,CAT-30,8.0,1.0
2025-09-02,CAT-31,4.0,1.0
2025-09-02,CAT-32,4.0,1.0
2025-09-02,CAT-33,5.0,1.0
2025-09-02,CAT-34,8.0,1.0
2025-09-02,CAT-35,7.0,1.0
2025-09-02,CAT-36,4.0,1.0
2025-09-02,CAT-37,5.0,1.0
2025-09-02,CAT-38,5.0,1.0
2025-09-02,CAT-39,5.0,1.0
2025-09-02,CAT-40,8.0,3.0
2025-09-02,CAT-41,6.0,1.0
2025-09-02,CAT-42,7.0,3.0
2025-09-02,CAT-43,4.0,1.0
2025-09-02,CAT-44,6.0,1.0
2025-09-02,CAT-45,6.0,1.0
2025-09-02,CAT-46,5.0,1.0
2025-09-02,CAT-47,6.0,1.0
2025-09-02,CAT-48,3.0,1.0
2025-09-02,CAT-49,4.0,1.0
2025-09-03,CAT-01,4.0,1.0
2025-09-03,CAT-02,6.0,1.0
2025-09-03,CAT-03,10.0,6.0
2025-09-03,CAT-04,7.0,1.0
2025-09-03,CAT-05,8.0,6.0
2025-09-03,CAT-06,3.0,1.0
2025-09-03,CAT-07,7.0,1.0
2025-09-03,CAT-08,8.0,1.0
2025-09-03,CAT-09,9.0,6.0
2025-09-03,CAT-10,6.0,1.0
2025-09-03,CAT-11,3.0,1.0
2025-09-03,CAT-12,3.0,1.0
2025-09-03,CAT-13,5.0,1.0
2025-09-03,CAT-14,7.0,1.0
2025-09-03,CAT-15,4.0,1.0
2025-09-03,CAT-16,9.0,6.0
2025-09-03,CAT-17,5.0,1.0
2025-09-03,CAT-18,4.0,1.0
2025-09-03,CAT-19,5.0,1.0
2025-09-03,CAT-20,7.0,1.0
2025-09-03,CAT-21,4.0,1.0
2025-09-03,CAT-22,7.0,1.0
2025-09-03,CAT-23,7.0,1.0
2025-09-03,CAT-24,4.0,1.0
2025-09-03,CAT-25,8.0,1.0
2025-09-03,CAT-26,10.0,6.0
2025-09-03,CAT-27,6.0,1.0
2025-09-03,CAT-28,5.0,1.0
2025-09-03,CAT-29,7.0,1.0
2025-09-03,CAT-30,8.0,1.0
2025-09-03,CAT-31,4.0,1.0
2025-09-03,CAT-32,4.0,1.0
2025-09-03,CAT-33,5.0,1.0
2025-09-03,CAT-34,8.0,1.0
2025-09-03,CAT-35,7.0,1.0
2025-09-03,CAT-36,4.0,1.0
2025-09-03,CAT-37,5.0,1.0
2025-09-03,CAT-38,5.0,1.0
2025-09-03,CAT-39,5.0,1.0
2025-09-03,CAT-40,10.0,6.0
2025-09-03,CAT-41,6.0,1.0
2025-09-03,CAT-42,9.0,6.0
2025-09-03,CAT-43,4.0,1.0
2025-09-03,CAT-44,6.0,1.0
2025-09-03,CAT-45,6.0,1.0
2025-09-03,CAT-46,5.0,1.0
2025-09-03,CAT-47,6.0,1.0
2025-09-03,CAT-48,3.0,1.0
2025-09-03,CAT-49,4.0,1.0
2025-09-04,CAT-01,4.0,1.0
2025-09-04,CAT-02,6.0,1.0
2025-09-04,CAT-03,8.0,3.0
2025-09-04,CAT-04,7.0,1.0
2025-09-04,CAT-05,6.0,3.0
2025-09-04,CAT-06,3.0,1.0
2025-09-04,CAT-07,7.0,1.0
2025-09-04,CAT-08,8.0,1.0
2025-09-04,CAT-09,7.0,3.0
2025-09-04,CAT-10,6.0,1.0
2025-09-04,CAT-11,3.0,1.0
2025-09-04,CAT-12,3.0,1.0
2025-09-04,CAT-13,5.0,1.0
2025-09-04,CAT-14,7.0,1.0
2025-09-04,CAT-15,4.0,1.0
2025-09-04,CAT-16,7.0,3.0
2025-09-04,CAT-17,5.0,1.0
2025-09-04,CAT-18,4.0,1.0
2025-09-04,CAT-19,5.0,1.0
2025-09-04,CAT-20,7.0,1.0
2025-09-04,CAT-21,4.0,1.0
2025-09-04,CAT-22,7.0,1.0
2025-09-04,CAT-23,7.0,1.0
2025-09-04,CAT-24,4.0,1.0
2025-09-04,CAT-25,8.0,1.0
2025-09-04,CAT-26,7.0,3.0
2025-09-04,CAT-27,6.0,1.0
2025-09-04,CAT-28,5.0,1.0
2025-09-04,CAT-29,7.0,1.0
2025-09-04,CAT-30,8.0,1.0
2025-09-04,CAT-31,4.0,1.0
2025-09-04,CAT-32,4.0,1.0
2025-09-04,CAT-33,5.0,1.0
2025-09-04,CAT-34,8.0,1.0
2025-09-04,CAT-35,7.0,1.0
2025-09-04,CAT-36,4.0,1.0
2025-09-04,CAT-37,5.0,1.0
2025-09-04,CAT-38,5.0,1.0
2025-09-04,CAT-39,5.0,1.0
2025-09-04,CAT-40,8.0,3.0
2025-09-04,CAT-41,6.0,1.0
2025-09-04,CAT-42,7.0,3.0
2025-09-04,CAT-43,4.0,1.0
2025-09-04,CAT-44,6.0,1.0
2025-09-04,CAT-45,6.0,1.0
2025-09-04,CAT-46,5.0,1.0
2025-09-04,CAT-47,6.0,1.0
2025-09-04,CAT-48,3.0,1.0
2025-09-04,CAT-49,4.0,1.0
2025-09-05,CAT-01,4.0,1.0
2025-09-05,CAT-02,6.0,1.0
2025-09-05,CAT-03,8.0,3.0
2025-09-05,CAT-04,7.0,1.0
2025-09-05,CAT-05,6.0,3.0
2025-09-05,CAT-06,3.0,1.0
2025-09-05,CAT-07,7.0,1.0
2025-09-05,CAT-08,9.0,3.0
2025-09-05,CAT-09,7.0,3.0
2025-09-05,CAT-10,6.0,1.0
2025-09-05,CAT-11,3.0,1.0
2025-09-05,CAT-12,3.0,1.0
2025-09-05,CAT-13,5.0,1.0
2025-09-05,CAT-14,7.0,1.0
2025-09-05,CAT-15,4.0,1.0
2025-09-05,CAT-16,7.0,3.0
2025-09-05,CAT-17,5.0,1.0
2025-09-05,CAT-18,4.0,1.0
2025-09-05,CAT-19,5.0,1.0
2025-09-05,CAT-20,7.0,1.0
2025-09-05,CAT-21,4.0,1.0
2025-09-05,CAT-22,7.0,1.0
2025-09-05,CAT-23,7.0,1.0
2025-09-05,CAT-24,4.0,1.0
2025-09-05,CAT-25,8.0,1.0
2025-09-05,CAT-26,7.0,3.0
2025-09-05,CAT-27,6.0,1.0
2025-09-05,CAT-28,5.0,1.0
2025-09-05,CAT-29,7.0,1.0
2025-09-05,CAT-30,8.0,1.0
2025-09-05,CAT-31,4.0,1.0
2025-09-05,CAT-32,4.0,1.0
2025-09-05,CAT-33,5.0,1.0
2025-09-05,CAT-34,8.0,1.0
2025-09-05,CAT-35,7.0,1.0
2025-09-05,CAT-36,4.0,1.0
2025-09-05,CAT-37,5.0,1.0
2025-09-05,CAT-38,5.0,1.0
2025-09-05,CAT-39,5.0,1.0
2025-09-05,CAT-40,8.0,3.0
2025-09-05,CAT-41,6.0,1.0
2025-09-05,CAT-42,7.0,3.0
2025-09-05,CAT-43,4.0,1.0
2025-09-05,CAT-44,6.0,1.0
2025-09-05,CAT-45,6.0,1.0
2025-09-05,CAT-46,5.0,1.0
2025-09-05,CAT-47,6.0,1.0
2025-09-05,CAT-48,3.0,1.0
2025-09-05,CAT-49,4.0,1.0
2025-09-06,CAT-01,4.0,1.0
2025-09-06,CAT-02,6.0,1.0
2025-09-06,CAT-03,8.0,3.0
2025-09-06,CAT-04,7.0,1.0
2025-09-06,CAT-05,6.0,3.0
2025-09-06,CAT-06,3.0,1.0
2025-09-06,CAT-07,7.0,1.0
2025-09-06,CAT-08,9.0,3.0
2025-09-06,CAT-09,7.0,3.0
2025-09-06,CAT-10,6.0,1.0
2025-09-06,CAT-11,3.0,1.0
2025-09-06,CAT-12,3.0,1.0
2025-09-06,CAT-13,5.0,1.0
2025-09-06,CAT-14,7.0,1.0
2025-09-06,CAT-15,4.0,1.0
2025-09-06,CAT-16,7.0,3.0
2025-09-06,CAT-17,5.0,1.0
2025-09-06,CAT-18,4.0,1.0
2025-09-06,CAT-19,5.0,1.0
2025-09-06,CAT-20,7.0,1.0
2025-09-06,CAT-21,4.0,1.0
2025-09-06,CAT-22,7.0,1.0
2025-09-06,CAT-23,7.0,1.0
2025-09-06,CAT-24,4.0,1.0
2025-09-06,CAT-25,8.0,1.0
2025-09-06,CAT-26,7.0,3.0
2025-09-06,CAT-27,6.0,1.0
2025-09-06,CAT-28,5.0,1.0
2025-09-06,CAT-29,7.0,1.0
2025-09-06,CAT-30,8.0,1.0
2025-09-06,CAT-31,4.0,1.0
2025-09-06,CAT-32,4.0,1.0
2025-09-06,CAT-33,5.0,1.0
2025-09-06,CAT-34,8.0,1.0
2025-09-06,CAT-35,7.0,1.0
2025-09-06,CAT-36,4.0,1.0
2025-09-06,CAT-37,5.0,1.0
2025-09-06,CAT-38,5.0,1.0
2025-09-06,CAT-39,5.0,1.0
2025-09-06,CAT-40,8.0,3.0
2025-09-06,CAT-41,6.0,1.0
2025-09-06,CAT-42,7.0,3.0
2025-09-06,CAT-43,4.0,1.0
2025-09-06,CAT-44,6.0,1.0
2025-09-06,CAT-45,6.0,1.0
2025-09-06,CAT-46,5.0,1.0
2025-09-06,CAT-47,6.0,1.0
2025-09-06,CAT-48,3.0,1.0
2025-09-06,CAT-49,4.0,1.0
2025-09-07,CAT-01,4.0,1.0
2025-09-07,CAT-02,6.0,1.0
2025-09-07,CAT-03,8.0,3.0
2025-09-07,CAT-04,7.0,1.0
2025-09-07,CAT-05,6.0,3.0
2025-09-07,CAT-06,3.0,1.0
2025-09-07,CAT-07,7.0,1.0
2025-09-07,CAT-08,9.0,3.0
2025-09-07,CAT-09,7.0,3.0
2025-09-07,CAT-10,6.0,1.0
2025-09-07,CAT-11,3.0,1.0
2025-09-07,CAT-12,3.0,1.0
2025-09-07,CAT-13,5.0,1.0
2025-09-07,CAT-14,7.0,1.0
2025-09-07,CAT-15,4.0,1.0
2025-09-07,CAT-16,7.0,3.0
2025-09-07,CAT-17,5.0,1.0
2025-09-07,CAT-18,4.0,1.0
2025-09-07,CAT-19,5.0,1.0
2025-09-07,CAT-20,7.0,1.0
2025-09-07,CAT-21,4.0,1.0
2025-09-07,CAT-22,7.0,1.0
2025-09-07,CAT-23,7.0,1.0
2025-09-07,CAT-24,4.0,1.0
2025-09-07,CAT-25,8.0,1.0
2025-09-07,CAT-26,7.0,3.0
2025-09-07,CAT-27,6.0,1.0
2025-09-07,CAT-28,5.0,1.0
2025-09-07,CAT-29,7.0,1.0
2025-09-07,CAT-30,8.0,1.0
2025-09-07,CAT-31,4.0,1.0
2025-09-07,CAT-32,4.0,1.0
2025-09-07,CAT-33,5.0,1.0
2025-09-07,CAT-34,8.0,1.0
2025-09-07,CAT-35,7.0,1.0
2025-09-07,CAT-36,4.0,1.0
2025-09-07,CAT-37,5.0,1.0
2025-09-07,CAT-38,5.0,1.0
2025-09-07,CAT-39,5.0,1.0
2025-09-07,CAT-40,8.0,3.0
2025-09-07,CAT-41,6.0,1.0
2025-09-07,CAT-42,7.0,3.0
2025-09-07,CAT-43,4.0,1.0
2025-09-07,CAT-44,6.0,1.0
2025-09-07,CAT-45,6.0,1.0
2025-09-07,CAT-46,5.0,1.0
2025-09-07,CAT-47,6.0,1.0
2025-09-07,CAT-48,3.0,1.0
2025-09-07,CAT-49,4.0,1.0
2025-09-08,CAT-01,4.0,1.0
2025-09-08,CAT-02,6.0,1.0
2025-09-08,CAT-03,8.0,3.0
2025-09-08,CAT-04,7.0,1.0
2025-09-08,CAT-05,6.0,3.0
2025-09-08,CAT-06,3.0,1.0
2025-09-08,CAT-07,7.0,1.0
2025-09-08,CAT-08,9.0,3.0
2025-09-08,CAT-09,7.0,3.0
2025-09-08,CAT-10,6.0,1.0
2025-09-08,CAT-11,3.0,1.0
2025-09-08,CAT-12,3.0,1.0
2025-09-08,CAT-13,5.0,1.0
2025-09-08,CAT-14,7.0,1.0
2025-09-08,CAT-15,4.0,1.0
2025-09-08,CAT-16,7.0,3.0
2025-09-08,CAT-17,5.0,1.0
2025-09-08,CAT-18,4.0,1.0
2025-09-08,CAT-19,5.0,1.0
2025-09-08,CAT-20,7.0,1.0
2025-09-08,CAT-21,4.0,1.0
2025-09-08,CAT-22,7.0,1.0
2025-09-08,CAT-23,7.0,1.0
2025-09-08,CAT-24,4.0,1.0
2025-09-08,CAT-25,8.0,1.0
2025-09-08,CAT-26,7.0,3.0
2025-09-08,CAT-27,6.0,1.0
2025-09-08,CAT-28,5.0,1.0
2025-09-08,CAT-29,7.0,1.0
2025-09-08,CAT-30,8.0,1.0
2025-09-08,CAT-31,4.0,1.0
2025-09-08,CAT-32,4.0,1.0
2025-09-08,CAT-33,5.0,1.0
2025-09-08,CAT-34,8.0,1.0
2025-09-08,CAT-35,7.0,1.0
2025-09-08,CAT-36,4.0,1.0
2025-09-08,CAT-37,5.0,1.0
2025-09-08,CAT-38,5.0,1.0
2025-09-08,CAT-39,5.0,1.0
2025-09-08,CAT-40,8.0,3.0
2025-09-08,CAT-41,6.0,1.0
2025-09-08,CAT-42,7.0,3.0
2025-09-08,CAT-43,4.0,1.0
2025-09-08,CAT-44,6.0,1.0
2025-09-08,CAT-45,6.0,1.0
2025-09-08,CAT-46,5.0,1.0
2025-09-08,CAT-47,6.0,1.0
2025-09-08,CAT-48,3.0,1.0
2025-09-08,CAT-49,4.0,1.0
2025-09-09,CAT-01,4.0,1.0
2025-09-09,CAT-02,6.0,1.0
2025-09-09,CAT-03,8.0,3.0
2025-09-09,CAT-04,7.0,1.0
2025-09-09,CAT-05,6.0,3.0
2025-09-09,CAT-06,3.0,1.0
2025-09-09,CAT-07,7.0,1.0
2025-09-09,CAT-08,9.0,3.0
2025-09-09,CAT-09,7.0,3.0
2025-09-09,CAT-10,6.0,1.0
2025-09-09,CAT-11,3.0,1.0
2025-09-09,CAT-12,3.0,1.0
2025-09-09,CAT-13,5.0,1.0
2025-09-09,CAT-14,7.0,1.0
2025-09-09,CAT-15,4.0,1.0
2025-09-09,CAT-16,7.0,3.0
2025-09-09,CAT-17,5.0,1.0
2025-09-09,CAT-18,4.0,1.0
2025-09-09,CAT-19,5.0,1.0
2025-09-09,CAT-20,7.0,1.0
2025-09-09,CAT-21,4.0,1.0
2025-09-09,CAT-22,7.0,1.0
2025-09-09,CAT-23,7.0,1.0
2025-09-09,CAT-24,4.0,1.0
2025-09-09,CAT-25,8.0,1.0
2025-09-09,CAT-26,7.0,3.0
2025-09-09,CAT-27,6.0,1.0
2025-09-09,CAT-28,5.0,1.0
2025-09-09,CAT-29,7.0,1.0
2025-09-09,CAT-30,8.0,1.0
2025-09-09,CAT-31,4.0,1.0
2025-09-09,CAT-32,4.0,1.0
2025-09-09,CAT-33,5.0,1.0
2025-09-09,CAT-34,8.0,1.0
2025-09-09,CAT-35,7.0,1.0
2025-09-09,CAT-36,4.0,1.0
2025-09-09,CAT-37,5.0,1.0
2025-09-09,CAT-38,5.0,1.0
2025-09-09,CAT-39,5.0,1.0
2025-09-09,CAT-40,8.0,3.0
2025-09-09,CAT-41,6.0,1.0
2025-09-09,CAT-42,7.0,3.0
2025-09-09,CAT-43,4.0,1.0
2025-09-09,CAT-44,6.0,1.0
2025-09-09,CAT-45,6.0,1.0
2025-09-09,CAT-46,5.0,1.0
2025-09-09,CAT-47,6.0,1.0
2025-09-09,CAT-48,3.0,1.0
2025-09-09,CAT-49,4.0,1.0
2025-09-10,CAT-01,4.0,1.0
2025-09-10,CAT-02,6.0,1.0
2025-09-10,CAT-03,8.0,3.0
2025-09-10,CAT-04,7.0,1.0
2025-09-10,CAT-05,6.0,3.0
2025-09-10,CAT-06,3.0,1.0
2025-09-10,CAT-07,7.0,1.0
2025-09-10,CAT-08,9.0,3.0
2025-09-10,CAT-09,11.0,8.0
2025-09-10,CAT-10,6.0,1.0
2025-09-10,CAT-11,3.0,1.0
2025-09-10,CAT-12,3.0,1.0
2025-09-10,CAT-13,5.0,1.0
2025-09-10,CAT-14,7.0,1.0
2025-09-10,CAT-15,4.0,1.0
2025-09-10,CAT-16,10.0,8.0
2025-09-10,CAT-17,5.0,1.0
2025-09-10,CAT-18,4.0,1.0
2025-09-10,CAT-19,5.0,1.0
2025-09-10,CAT-20,7.0,1.0
2025-09-10,CAT-21,4.0,1.0
2025-09-10,CAT-22,7.0,1.0
2025-09-10,CAT-23,7.0,1.0
2025-09-10,CAT-24,4.0,1.0
2025-09-10,CAT-25,8.0,1.0
2025-09-10,CAT-26,7.0,3.0
2025-09-10,CAT-27,6.0,1.0
2025-09-10,CAT-28,5.0,1.0
2025-09-10,CAT-29,7.0,1.0
2025-09-10,CAT-30,8.0,1.0
2025-09-10,CAT-31,4.0,1.0
2025-09-10,CAT-32,4.0,1.0
2025-09-10,CAT-33,5.0,1.0
2025-09-10,CAT-34,8.0,1.0
2025-09-10,CAT-35,7.0,1.0
2025-09-10,CAT-36,4.0,1.0
2025-09-10,CAT-37,5.0,1.0
2025-09-10,CAT-38,5.0,1.0
2025-09-10,CAT-39,5.0,1.0
2025-09-10,CAT-40,8.0,3.0
2025-09-10,CAT-41,6.0,1.0
2025-09-10,CAT-42,7.0,3.0
2025-09-10,CAT-43,4.0,1.0
2025-09-10,CAT-44,6.0,1.0
2025-09-10,CAT-45,6.0,1.0
2025-09-10,CAT-46,5.0,1.0
2025-09-10,CAT-47,6.0,1.0
2025-09-10,CAT-48,3.0,1.0
2025-09-10,CAT-49,4.0,1.0
2025-09-11,CAT-01,4.0,1.0
2025-09-11,CAT-02,6.0,1.0
2025-09-11,CAT-03,8.0,3.0
2025-09-11,CAT-04,7.0,1.0
2025-09-11,CAT-05,6.0,3.0
2025-09-11,CAT-06,3.0,1.0
2025-09-11,CAT-07,7.0,1.0
2025-09-11,CAT-08,9.0,3.0
2025-09-11,CAT-09,7.0,3.0
2025-09-11,CAT-10,6.0,1.0
2025-09-11,CAT-11,3.0,1.0
2025-09-11,CAT-12,3.0,1.0
2025-09-11,CAT-13,5.0,1.0
2025-09-11,CAT-14,7.0,1.0
2025-09-11,CAT-15,4.0,1.0
2025-09-11,CAT-16,7.0,3.0
2025-09-11,CAT-17,5.0,1.0
2025-09-11,CAT-18,4.0,1.0
2025-09-11,CAT-19,5.0,1.0
2025-09-11,CAT-20,7.0,1.0
2025-09-11,CAT-21,4.0,1.0
2025-09-11,CAT-22,7.0,1.0
2025-09-11,CAT-23,7.0,1.0
2025-09-11,CAT-24,4.0,1.0
2025-09-11,CAT-25,8.0,1.0
2025-09-11,CAT-26,7.0,3.0
2025-09-11,CAT-27,6.0,1.0
2025-09-11,CAT-28,5.0,1.0
2025-09-11,CAT-29,7.0,1.0
2025-09-11,CAT-30,8.0,1.0
2025-09-11,CAT-31,4.0,1.0
2025-09-11,CAT-32,4.0,1.0
2025-09-11,CAT-33,5.0,1.0
2025-09-11,CAT-34,8.0,1.0
2025-09-11,CAT-35,7.0,1.0
2025-09-11,CAT-36,4.0,1.0
2025-09-11,CAT-37,5.0,1.0
2025-09-11,CAT-38,5.0,1.0
2025-09-11,CAT-39,5.0,1.0
2025-09-11,CAT-40,8.0,3.0
2025-09-11,CAT-41,6.0,1.0
2025-09-11,CAT-42,7.0,3.0
2025-09-11,CAT-43,4.0,1.0
2025-09-11,CAT-44,6.0,1.0
2025-09-11,CAT-45,6.0,1.0
2025-09-11,CAT-46,5.0,1.0
2025-09-11,CAT-47,6.0,1.0
2025-09-11,CAT-48,3.0,1.0
2025-09-11,CAT-49,4.0,1.0
2025-09-12,CAT-01,4.0,1.0
2025-09-12,CAT-02,6.0,1.0
2025-09-12,CAT-03,8.0,3.0
2025-09-12,CAT-04,7.0,1.0
2025-09-12,CAT-05,6.0,3.0
2025-09-12,CAT-06,3.0,1.0
2025-09-12,CAT-07,7.0,1.0
2025-09-12,CAT-08,9.0,3.0
2025-09-12,CAT-09,7.0,3.0
2025-09-12,CAT-10,6.0,1.0
2025-09-12,CAT-11,3.0,1.0
2025-09-12,CAT-12,3.0,1.0
2025-09-12,CAT-13,5.0,1.0
2025-09-12,CAT-14,7.0,1.0
2025-09-12,CAT-15,4.0,1.0
2025-09-12,CAT-16,7.0,3.0
2025-09-12,CAT-17,5.0,1.0
2025-09-12,CAT-18,4.0,1.0
2025-09-12,CAT-19,5.0,1.0
2025-09-12,CAT-20,7.0,1.0
2025-09-12,CAT-21,4.0,1.0
2025-09-12,CAT-22,7.0,1.0
2025-09-12,CAT-23,7.0,1.0
2025-09-12,CAT-24,4.0,1.0
2025-09-12,CAT-25,8.0,1.0
2025-09-12,CAT-26,7.0,3.0
2025-09-12,CAT-27,6.0,1.0
2025-09-12,CAT-28,5.0,1.0
2025-09-12,CAT-29,7.0,1.0
2025-09-12,CAT-30,8.0,1.0
2025-09-12,CAT-31,4.0,1.0
2025-09-12,CAT-32,4.0,1.0
2025-09-12,CAT-33,5.0,1.0
2025-09-12,CAT-34,8.0,1.0
2025-09-12,CAT-35,7.0,1.0
2025-09-12,CAT-36,4.0,1.0
2025-09-12,CAT-37,5.0,1.0
2025-09-12,CAT-38,5.0,1.0
2025-09-12,CAT-39,5.0,1.0
2025-09-12,CAT-40,8.0,3.0
2025-09-12,CAT-41,6.0,1.0
2025-09-12,CAT-42,7.0,3.0
2025-09-12,CAT-43,4.0,1.0
2025-09-12,CAT-44,6.0,1.0
2025-09-12,CAT-45,6.0,1.0
2025-09-12,CAT-46,5.0,1.0
2025-09-12,CAT-47,6.0,1.0
2025-09-12,CAT-48,3.0,1.0
2025-09-12,CAT-49,4.0,1.0
2025-09-13,CAT-01,4.0,1.0
2025-09-13,CAT-02,6.0,1.0
2025-09-13,CAT-03,8.0,3.0
2025-09-13,CAT-04,7.0,1.0
2025-09-13,CAT-05,6.0,3.0
2025-09-13,CAT-06,3.0,1.0
2025-09-13,CAT-07,7.0,1.0
2025-09-13,CAT-08,9.0,3.0
2025-09-13,CAT-09,7.0,3.0
2025-09-13,CAT-10,6.0,1.0
2025-09-13,CAT-11,3.0,1.0
2025-09-13,CAT-12,3.0,1.0
2025-09-13,CAT-13,5.0,1.0
2025-09-13,CAT-14,7.0,1.0
2025-09-13,CAT-15,4.0,1.0
2025-09-13,CAT-16,7.0,3.0
2025-09-13,CAT-17,5.0,1.0
2025-09-13,CAT-18,4.0,1.0
2025-09-13,CAT-19,5.0,1.0
2025-09-13,CAT-20,7.0,1.0
2025-09-13,CAT-21,4.0,1.0
2025-09-13,CAT-22,7.0,1.0
2025-09-13,CAT-23,7.0,1.0
2025-09-13,CAT-24,4.0,1.0
2025-09-13,CAT-25,8.0,1.0
2025-09-13,CAT-26,7.0,3.0
2025-09-13,CAT-27,6.0,1.0
2025-09-13,CAT-28,5.0,1.0
2025-09-13,CAT-29,7.0,1.0
2025-09-13,CAT-30,8.0,1.0
2025-09-13,CAT-31,4.0,1.0
2025-09-13,CAT-32,4.0,1.0
2025-09-13,CAT-33,5.0,1.0
2025-09-13,CAT-34,8.0,1.0
2025-09-13,CAT-35,7.0,1.0
2025-09-13,CAT-36,4.0,1.0
2025-09-13,CAT-37,5.0,1.0
2025-09-13,CAT-38,5.0,1.0
2025-09-13,CAT-39,5.0,1.0
2025-09-13,CAT-40,8.0,3.0
2025-09-13,CAT-41,6.0,1.0
2025-09-13,CAT-42,7.0,3.0
2025-09-13,CAT-43,4.0,1.0
2025-09-13,CAT-44,6.0,1.0
2025-09-13,CAT-45,6.0,1.0
2025-09-13,CAT-46,5.0,1.0
2025-09-13,CAT-47,6.0,1.0
2025-09-13,CAT-48,3.0,1.0
2025-09-13,CAT-49,4.0,1.0
2025-09-14,CAT-01,4.0,1.0
2025-09-14,CAT-02,6.0,1.0
2025-09-14,CAT-03,8.0,3.0
2025-09-14,CAT-04,7.0,1.0
2025-09-14,CAT-05,6.0,3.0
2025-09-14,CAT-06,3.0,1.0
2025-09-14,CAT-07,7.0,1.0
2025-09-14,CAT-08,9.0,3.0
2025-09-14,CAT-09,7.0,3.0
2025-09-14,CAT-10,6.0,1.0
2025-09-14,CAT-11,3.0,1.0
2025-09-14,CAT-12,3.0,1.0
2025-09-14,CAT-13,5.0,1.0
2025-09-14,CAT-14,7.0,1.0
2025-09-14,CAT-15,4.0,1.0
2025-09-14,CAT-16,7.0,3.0
2025-09-14,CAT-17,5.0,1.0
2025-09-14,CAT-18,4.0,1.0
2025-09-14,CAT-19,5.0,1.0
2025-09-14,CAT-20,7.0,1.0
2025-09-14,CAT-21,4.0,1.0
2025-09-14,CAT-22,7.0,1.0
2025-09-14,CAT-23,7.0,1.0
2025-09-14,CAT-24,4.0,1.0
2025-09-14,CAT-25,8.0,1.0
2025-09-14,CAT-26,7.0,3.0
2025-09-14,CAT-27,6.0,1.0
2025-09-14,CAT-28,5.0,1.0
2025-09-14,CAT-29,7.0,1.0
2025-09-14,CAT-30,8.0,1.0
2025-09-14,CAT-31,4.0,1.0
2025-09-14,CAT-32,4.0,1.0
2025-09-14,CAT-33,5.0,1.0
2025-09-14,CAT-34,8.0,1.0
2025-09-14,CAT-35,7.0,1.0
2025-09-14,CAT-36,4.0,1.0
2025-09-14,CAT-37,5.0,1.0
2025-09-14,CAT-38,5.0,1.0
2025-09-14,CAT-39,5.0,1.0
2025-09-14,CAT-40,8.0,3.0
2025-09-14,CAT-41,6.0,1.0
2025-09-14,CAT-42,7.0,3.0
2025-09-14,CAT-43,4.0,1.0
2025-09-14,CAT-44,6.0,1.0
2025-09-14,CAT-45,6.0,1.0
2025-09-14,CAT-46,5.0,1.0
2025-09-14,CAT-47,6.0,1.0
2025-09-14,CAT-48,3.0,1.0
2025-09-14,CAT-49,4.0,1.0
2025-09-15,CAT-01,4.0,1.0
2025-09-15,CAT-02,6.0,1.0
2025-09-15,CAT-03,8.0,3.0
2025-09-15,CAT-04,7.0,1.0
2025-09-15,CAT-05,6.0,3.0
2025-09-15,CAT-06,3.0,1.0
2025-09-15,CAT-07,7.0,1.0
2025-09-15,CAT-08,9.0,3.0
2025-09-15,CAT-09,7.0,3.0
2025-09-15,CAT-10,6.0,1.0
2025-09-15,CAT-11,3.0,1.0
2025-09-15,CAT-12,3.0,1.0
2025-09-15,CAT-13,5.0,1.0
2025-09-15,CAT-14,7.0,1.0
2025-09-15,CAT-15,4.0,1.0
2025-09-15,CAT-16,7.0,3.0
2025-09-15,CAT-17,5.0,1.0
2025-09-15,CAT-18,4.0,1.0
2025-09-15,CAT-19,5.0,1.0
2025-09-15,CAT-20,7.0,1.0
2025-09-15,CAT-21,4.0,1.0
2025-09-15,CAT-22,7.0,1.0
2025-09-15,CAT-23,7.0,1.0
2025-09-15,CAT-24,4.0,1.0
2025-09-15,CAT-25,8.0,1.0
2025-09-15,CAT-26,7.0,3.0
2025-09-15,CAT-27,6.0,1.0
2025-09-15,CAT-28,5.0,1.0
2025-09-15,CAT-29,7.0,1.0
2025-09-15,CAT-30,8.0,1.0
2025-09-15,CAT-31,4.0,1.0
2025-09-15,CAT-32,4.0,1.0
2025-09-15,CAT-33,5.0,1.0
2025-09-15,CAT-34,8.0,1.0
2025-09-15,CAT-35,7.0,1.0
2025-09-15,CAT-36,4.0,1.0
2025-09-15,CAT-37,5.0,1.0
2025-09-15,CAT-38,5.0,1.0
2025-09-15,CAT-39,5.0,1.0
2025-09-15,CAT-40,8.0,3.0
2025-09-15,CAT-41,6.0,1.0
2025-09-15,CAT-42,7.0,3.0
2025-09-15,CAT-43,4.0,1.0
2025-09-15,CAT-44,6.0,1.0
2025-09-15,CAT-45,6.0,1.0
2025-09-15,CAT-46,5.0,1.0
2025-09-15,CAT-47,6.0,1.0
2025-09-15,CAT-48,3.0,1.0
2025-09-15,CAT-49,4.0,1.0
2025-09-16,CAT-01,4.0,1.0
2025-09-16,CAT-02,6.0,1.0
2025-09-16,CAT-03,8.0,3.0
2025-09-16,CAT-04,7.0,1.0
2025-09-16,CAT-05,6.0,3.0
2025-09-16,CAT-06,3.0,1.0
2025-09-16,CAT-07,7.0,1.0
2025-09-16,CAT-08,9.0,3.0
2025-09-16,CAT-09,7.0,3.0
2025-09-16,CAT-10,6.0,1.0
2025-09-16,CAT-11,3.0,1.0
2025-09-16,CAT-12,3.0,1.0
2025-09-16,CAT-13,5.0,1.0
2025-09-16,CAT-14,7.0,1.0
2025-09-16,CAT-15,4.0,1.0
2025-09-16,CAT-16,7.0,3.0
2025-09-16,CAT-17,5.0,1.0
2025-09-16,CAT-18,4.0,1.0
2025-09-16,CAT-19,5.0,1.0
2025-09-16,CAT-20,7.0,1.0
2025-09-16,CAT-21,4.0,1.0
2025-09-16,CAT-22,7.0,1.0
2025-09-16,CAT-23,7.0,1.0
2025-09-16,CAT-24,4.0,1.0
2025-09-16,CAT-25,8.0,1.0
2025-09-16,CAT-26,7.0,3.0
2025-09-16,CAT-27,6.0,1.0
2025-09-16,CAT-28,5.0,1.0
2025-09-16,CAT-29,7.0,1.0
2025-09-16,CAT-30,8.0,1.0
2025-09-16,CAT-31,4.0,1.0
2025-09-16,CAT-32,4.0,1.0
2025-09-16,CAT-33,5.0,1.0
2025-09-16,CAT-34,8.0,1.0
2025-09-16,CAT-35,7.0,1.0
2025-09-16,CAT-36,4.0,1.0
2025-09-16,CAT-37,5.0,1.0
2025-09-16,CAT-38,5.0,1.0
2025-09-16,CAT-39,5.0,1.0
2025-09-16,CAT-40,8.0,3.0
2025-09-16,CAT-41,6.0,1.0
2025-09-16,CAT-42,7.0,3.0
2025-09-16,CAT-43,4.0,1.0
2025-09-16,CAT-44,6.0,1.0
2025-09-16,CAT-45,6.0,1.0
2025-09-16,CAT-46,5.0,1.0
2025-09-16,CAT-47,6.0,1.0
2025-09-16,CAT-48,3.0,1.0
2025-09-16,CAT-49,4.0,1.0
2025-09-17,CAT-01,4.0,1.0
2025-09-17,CAT-02,6.0,1.0
2025-09-17,CAT-03,8.0,3.0
2025-09-17,CAT-04,7.0,1.0
2025-09-17,CAT-05,6.0,3.0
2025-09-17,CAT-06,3.0,1.0
2025-09-17,CAT-07,7.0,1.0
2025-09-17,CAT-08,9.0,3.0
2025-09-17,CAT-09,7.0,3.0
2025-09-17,CAT-10,6.0,1.0
2025-09-17,CAT-11,3.0,1.0
2025-09-17,CAT-12,3.0,1.0
2025-09-17,CAT-13,5.0,1.0
2025-09-17,CAT-14,7.0,1.0
2025-09-17,CAT-15,4.0,1.0
2025-09-17,CAT-16,7.0,3.0
2025-09-17,CAT-17,5.0,1.0
2025-09-17,CAT-18,4.0,1.0
2025-09-17,CAT-19,5.0,1.0
2025-09-17,CAT-20,7.0,1.0
2025-09-17,CAT-21,4.0,1.0
2025-09-17,CAT-22,7.0,1.0
2025-09-17,CAT-23,7.0,1.0
2025-09-17,CAT-24,4.0,1.0
2025-09-17,CAT-25,8.0,1.0
2025-09-17,CAT-26,7.0,3.0
2025-09-17,CAT-27,6.0,1.0
2025-09-17,CAT-28,5.0,1.0
2025-09-17,CAT-29,7.0,1.0
2025-09-17,CAT-30,8.0,1.0
2025-09-17,CAT-31,4.0,1.0
2025-09-17,CAT-32,4.0,1.0
2025-09-17,CAT-33,5.0,1.0
2025-09-17,CAT-34,8.0,1.0
2025-09-17,CAT-35,7.0,1.0
2025-09-17,CAT-36,4.0,1.0
2025-09-17,CAT-37,5.0,1.0
2025-09-17,CAT-38,5.0,1.0
2025-09-17,CAT-39,5.0,1.0
2025-09-17,CAT-40,8.0,3.0
2025-09-17,CAT-41,6.0,1.0
2025-09-17,CAT-42,7.0,3.0
2025-09-17,CAT-43,4.0,1.0
2025-09-17,CAT-44,6.0,1.0
2025-09-17,CAT-45,6.0,1.0
2025-09-17,CAT-46,5.0,1.0
2025-09-17,CAT-47,6.0,1.0
2025-09-17,CAT-48,3.0,1.0
2025-09-17,CAT-49,4.0,1.0
2025-09-18,CAT-01,4.0,1.0
2025-09-18,CAT-02,6.0,1.0
2025-09-18,CAT-03,8.0,3.0
2025-09-18,CAT-04,7.0,1.0
2025-09-18,CAT-05,6.0,3.0
2025-09-18,CAT-06,3.0,1.0
2025-09-18,CAT-07,7.0,1.0
2025-09-18,CAT-08,9.0,3.0
2025-09-18,CAT-09,7.0,3.0
2025-09-18,CAT-10,6.0,1.0
2025-09-18,CAT-11,3.0,1.0
2025-09-18,CAT-12,3.0,1.0
2025-09-18,CAT-13,5.0,1.0
2025-09-18,CAT-14,7.0,1.0
2025-09-18,CAT-15,4.0,1.0
2025-09-18,CAT-16,7.0,3.0
2025-09-18,CAT-17,5.0,1.0
2025-09-18,CAT-18,4.0,1.0
2025-09-18,CAT-19,5.0,1.0
2025-09-18,CAT-20,7.0,1.0
2025-09-18,CAT-21,4.0,1.0
2025-09-18,CAT-22,7.0,1.0
2025-09-18,CAT-23,7.0,1.0
2025-09-18,CAT-24,4.0,1.0
2025-09-18,CAT-25,8.0,1.0
2025-09-18,CAT-26,7.0,3.0
2025-09-18,CAT-27,6.0,1.0
2025-09-18,CAT-28,5.0,1.0
2025-09-18,CAT-29,7.0,1.0
2025-09-18,CAT-30,8.0,1.0
2025-09-18,CAT-31,4.0,1.0
2025-09-18,CAT-32,4.0,1.0
2025-09-18,CAT-33,5.0,1.0
2025-09-18,CAT-34,8.0,1.0
2025-09-18,CAT-35,7.0,1.0
2025-09-18,CAT-36,4.0,1.0
2025-09-18,CAT-37,5.0,1.0
2025-09-18,CAT-38,5.0,1.0
2025-09-18,CAT-39,5.0,1.0
2025-09-18,CAT-40,8.0,3.0
2025-09-18,CAT-41,6.0,1.0
2025-09-18,CAT-42,7.0,3.0
2025-09-18,CAT-43,4.0,1.0
2025-09-18,CAT-44,6.0,1.0
2025-09-18,CAT-45,6.0,1.0
2025-09-18,CAT-46,5.0,1.0
2025-09-18,CAT-47,6.0,1.0
2025-09-18,CAT-48,3.0,1.0
2025-09-18,CAT-49,4.0,1.0
2025-09-19,CAT-01,4.0,1.0
2025-09-19,CAT-02,6.0,1.0
2025-09-19,CAT-03,8.0,3.0
2025-09-19,CAT-04,7.0,1.0
2025-09-19,CAT-05,6.0,3.0
2025-09-19,CAT-06,3.0,1.0
2025-09-19,CAT-07,7.0,1.0
2025-09-19,CAT-08,9.0,3.0
2025-09-19,CAT-09,7.0,3.0
2025-09-19,CAT-10,6.0,1.0
2025-09-19,CAT-11,3.0,1.0
2025-09-19,CAT-12,3.0,1.0
2025-09-19,CAT-13,5.0,1.0
2025-09-19,CAT-14,7.0,1.0
2025-09-19,CAT-15,4.0,1.0
2025-09-19,CAT-16,7.0,3.0
2025-09-19,CAT-17,5.0,1.0
2025-09-19,CAT-18,4.0,1.0
2025-09-19,CAT-19,5.0,1.0
2025-09-19,CAT-20,7.0,1.0
2025-09-19,CAT-21,4.0,1.0
2025-09-19,CAT-22,7.0,1.0
2025-09-19,CAT-23,7.0,1.0
2025-09-19,CAT-24,4.0,1.0
2025-09-19,CAT-25,8.0,1.0
2025-09-19,CAT-26,7.0,3.0
2025-09-19,CAT-27,6.0,1.0
2025-09-19,CAT-28,5.0,1.0
2025-09-19,CAT-29,7.0,1.0
2025-09-19,CAT-30,8.0,1.0
2025-09-19,CAT-31,4.0,1.0
2025-09-19,CAT-32,4.0,1.0
2025-09-19,CAT-33,5.0,1.0
2025-09-19,CAT-34,8.0,1.0
2025-09-19,CAT-35,7.0,1.0
2025-09-19,CAT-36,4.0,1.0
2025-09-19,CAT-37,5.0,1.0
2025-09-19,CAT-38,5.0,1.0
2025-09-19,CAT-39,5.0,1.0
2025-09-19,CAT-40,8.0,3.0
2025-09-19,CAT-41,6.0,1.0
2025-09-19,CAT-42,7.0,3.0
2025-09-19,CAT-43,4.0,1.0
2025-09-19,CAT-44,6.0,1.0
2025-09-19,CAT-45,6.0,1.0
2025-09-19,CAT-46,5.0,1.0
2025-09-19,CAT-47,6.0,1.0
2025-09-19,CAT-48,3.0,1.0
2025-09-19,CAT-49,4.0,1.0
2025-09-20,CAT-01,4.0,1.0
2025-09-20,CAT-02,6.0,1.0
2025-09-20,CAT-03,11.0,8.0
2025-09-20,CAT-04,7.0,1.0
2025-09-20,CAT-05,6.0,3.0
2025-09-20,CAT-06,3.0,1.0
2025-09-20,CAT-07,7.0,1.0
2025-09-20,CAT-08,12.0,8.0
2025-09-20,CAT-09,7.0,3.0
2025-09-20,CAT-10,6.0,1.0
2025-09-20,CAT-11,3.0,1.0
2025-09-20,CAT-12,3.0,1.0
2025-09-20,CAT-13,5.0,1.0
2025-09-20,CAT-14,7.0,1.0
2025-09-20,CAT-15,4.0,1.0
2025-09-20,CAT-16,7.0,3.0
2025-09-20,CAT-17,5.0,1.0
2025-09-20,CAT-18,4.0,1.0
2025-09-20,CAT-19,5.0,1.0
2025-09-20,CAT-20,7.0,1.0
2025-09-20,CAT-21,4.0,1.0
2025-09-20,CAT-22,7.0,1.0
2025-09-20,CAT-23,7.0,1.0
2025-09-20,CAT-24,4.0,1.0
2025-09-20,CAT-25,8.0,1.0
2025-09-20,CAT-26,11.0,8.0
2025-09-20,CAT-27,6.0,1.0
2025-09-20,CAT-28,5.0,1.0
2025-09-20,CAT-29,7.0,1.0
2025-09-20,CAT-30,8.0,1.0
2025-09-20,CAT-31,4.0,1.0
2025-09-20,CAT-32,4.0,1.0
2025-09-20,CAT-33,5.0,1.0
2025-09-20,CAT-34,8.0,1.0
2025-09-20,CAT-35,7.0,1.0
2025-09-20,CAT-36,4.0,1.0
2025-09-20,CAT-37,5.0,1.0
2025-09-20,CAT-38,5.0,1.0
2025-09-20,CAT-39,5.0,1.0
2025-09-20,CAT-40,11.0,8.0
2025-09-20,CAT-41,6.0,1.0
2025-09-20,CAT-42,10.0,8.0
2025-09-20,CAT-43,4.0,1.0
2025-09-20,CAT-44,6.0,1.0
2025-09-20,CAT-45,6.0,1.0
2025-09-20,CAT-46,5.0,1.0
2025-09-20,CAT-47,6.0,1.0
2025-09-20,CAT-48,3.0,1.0
2025-09-20,CAT-49,4.0,1.0
2025-09-21,CAT-01,4.0,1.0
2025-09-21,CAT-02,6.0,1.0
2025-09-21,CAT-03,8.0,3.0
2025-09-21,CAT-04,7.0,1.0
2025-09-21,CAT-05,6.0,3.0
2025-09-21,CAT-06,3.0,1.0
2025-09-21,CAT-07,7.0,1.0
2025-09-21,CAT-08,9.0,3.0
2025-09-21,CAT-09,7.0,3.0
2025-09-21,CAT-10,6.0,1.0
2025-09-21,CAT-11,3.0,1.0
2025-09-21,CAT-12,3.0,1.0
2025-09-21,CAT-13,5.0,1.0
2025-09-21,CAT-14,7.0,1.0
2025-09-21,CAT-15,4.0,1.0
2025-09-21,CAT-16,7.0,3.0
2025-09-21,CAT-17,5.0,1.0
2025-09-21,CAT-18,4.0,1.0
2025-09-21,CAT-19,5.0,1.0
2025-09-21,CAT-20,7.0,1.0
2025-09-21,CAT-21,4.0,1.0
2025-09-21,CAT-22,7.0,1.0
2025-09-21,CAT-23,7.0,1.0
2025-09-21,CAT-24,4.0,1.0
2025-09-21,CAT-25,8.0,1.0
2025-09-21,CAT-26,7.0,3.0
2025-09-21,CAT-27,6.0,1.0
2025-09-21,CAT-28,5.0,1.0
2025-09-21,CAT-29,7.0,1.0
2025-09-21,CAT-30,8.0,1.0
2025-09-21,CAT-31,4.0,1.0
2025-09-21,CAT-32,4.0,1.0
2025-09-21,CAT-33,5.0,1.0
2025-09-21,CAT-34,8.0,1.0
2025-09-21,CAT-35,7.0,1.0
2025-09-21,CAT-36,4.0,1.0
2025-09-21,CAT-37,5.0,1.0
2025-09-21,CAT-38,5.0,1.0
2025-09-21,CAT-39,5.0,1.0
2025-09-21,CAT-40,8.0,3.0
2025-09-21,CAT-41,6.0,1.0
2025-09-21,CAT-42,7.0,3.0
2025-09-21,CAT-43,4.0,1.0
2025-09-21,CAT-44,6.0,1.0
2025-09-21,CAT-45,6.0,1.0
2025-09-21,CAT-46,5.0,1.0
2025-09-21,CAT-47,6.0,1.0
2025-09-21,CAT-48,3.0,1.0
2025-09-21,CAT-49,4.0,1.0
2025-09-22,CAT-01,4.0,1.0
2025-09-22,CAT-02,6.0,1.0
2025-09-22,CAT-03,8.0,3.0
2025-09-22,CAT-04,7.0,1.0
2025-09-22,CAT-05,6.0,3.0
2025-09-22,CAT-06,3.0,1.0
2025-09-22,CAT-07,7.0,1.0
2025-09-22,CAT-08,9.0,3.0
2025-09-22,CAT-09,7.0,3.0
2025-09-22,CAT-10,6.0,1.0
2025-09-22,CAT-11,3.0,1.0
2025-09-22,CAT-12,3.0,1.0
2025-09-22,CAT-13,5.0,1.0
2025-09-22,CAT-14,7.0,1.0
2025-09-22,CAT-15,4.0,1.0
2025-09-22,CAT-16,7.0,3.0
2025-09-22,CAT-17,5.0,1.0
2025-09-22,CAT-18,4.0,1.0
2025-09-22,CAT-19,5.0,1.0
2025-09-22,CAT-20,7.0,1.0
2025-09-22,CAT-21,4.0,1.0
2025-09-22,CAT-22,7.0,1.0
2025-09-22,CAT-23,7.0,1.0
2025-09-22,CAT-24,4.0,1.0
2025-09-22,CAT-25,8.0,1.0
2025-09-22,CAT-26,7.0,3.0
2025-09-22,CAT-27,6.0,1.0
2025-09-22,CAT-28,5.0,1.0
2025-09-22,CAT-29,7.0,1.0
2025-09-22,CAT-30,8.0,1.0
2025-09-22,CAT-31,4.0,1.0
2025-09-22,CAT-32,4.0,1.0
2025-09-22,CAT-33,5.0,1.0
2025-09-22,CAT-34,8.0,1.0
2025-09-22,CAT-35,7.0,1.0
2025-09-22,CAT-36,4.0,1.0
2025-09-22,CAT-37,5.0,1.0
2025-09-22,CAT-38,5.0,1.0
2025-09-22,CAT-39,5.0,1.0
2025-09-22,CAT-40,8.0,3.0
2025-09-22,CAT-41,6.0,1.0
2025-09-22,CAT-42,7.0,3.0
2025-09-22,CAT-43,4.0,1.0
2025-09-22,CAT-44,6.0,1.0
2025-09-22,CAT-45,6.0,1.0
2025-09-22,CAT-46,5.0,1.0
2025-09-22,CAT-47,6.0,1.0
2025-09-22,CAT-48,3.0,1.0
2025-09-22,CAT-49,4.0,1.0
2025-09-23,CAT-01,4.0,1.0
2025-09-23,CAT-02,6.0,1.0
2025-09-23,CAT-03,10.0,6.0
2025-09-23,CAT-04,7.0,1.0
2025-09-23,CAT-05,8.0,6.0
2025-09-23,CAT-06,3.0,1.0
2025-09-23,CAT-07,7.0,1.0
2025-09-23,CAT-08,11.0,6.0
2025-09-23,CAT-09,9.0,6.0
2025-09-23,CAT-10,6.0,1.0
2025-09-23,CAT-11,3.0,1.0
2025-09-23,CAT-12,3.0,1.0
2025-09-23,CAT-13,5.0,1.0
2025-09-23,CAT-14,7.0,1.0
2025-09-23,CAT-15,4.0,1.0
2025-09-23,CAT-16,9.0,6.0
2025-09-23,CAT-17,5.0,1.0
2025-09-23,CAT-18,4.0,1.0
2025-09-23,CAT-19,5.0,1.0
2025-09-23,CAT-20,7.0,1.0
2025-09-23,CAT-21,4.0,1.0
2025-09-23,CAT-22,7.0,1.0
2025-09-23,CAT-23,7.0,1.0
2025-09-23,CAT-24,4.0,1.0
2025-09-23,CAT-25,8.0,1.0
2025-09-23,CAT-26,10.0,6.0
2025-09-23,CAT-27,6.0,1.0
2025-09-23,CAT-28,5.0,1.0
2025-09-23,CAT-29,7.0,1.0
2025-09-23,CAT-30,8.0,1.0
2025-09-23,CAT-31,4.0,1.0
2025-09-23,CAT-32,4.0,1.0
2025-09-23,CAT-33,5.0,1.0
2025-09-23,CAT-34,8.0,1.0
2025-09-23,CAT-35,7.0,1.0
2025-09-23,CAT-36,4.0,1.0
2025-09-23,CAT-37,5.0,1.0
2025-09-23,CAT-38,5.0,1.0
2025-09-23,CAT-39,5.0,1.0
2025-09-23,CAT-40,10.0,6.0
2025-09-23,CAT-41,6.0,1.0
2025-09-23,CAT-42,9.0,6.0
2025-09-23,CAT-43,4.0,1.0
2025-09-23,CAT-44,6.0,1.0
2025-09-23,CAT-45,6.0,1.0
2025-09-23,CAT-46,5.0,1.0
2025-09-23,CAT-47,6.0,1.0
2025-09-23,CAT-48,3.0,1.0
2025-09-23,CAT-49,4.0,1.0
2025-09-24,CAT-01,4.0,1.0
2025-09-24,CAT-02,6.0,1.0
2025-09-24,CAT-03,8.0,3.0
2025-09-24,CAT-04,7.0,1.0
2025-09-24,CAT-05,6.0,3.0
2025-09-24,CAT-06,3.0,1.0
2025-09-24,CAT-07,7.0,1.0
2025-09-24,CAT-08,9.0,3.0
2025-09-24,CAT-09,7.0,3.0
2025-09-24,CAT-10,6.0,1.0
2025-09-24,CAT-11,3.0,1.0
2025-09-24,CAT-12,3.0,1.0
2025-09-24,CAT-13,5.0,1.0
2025-09-24,CAT-14,7.0,1.0
2025-09-24,CAT-15,4.0,1.0
2025-09-24,CAT-16,7.0,3.0
2025-09-24,CAT-17,5.0,1.0
2025-09-24,CAT-18,4.0,1.0
2025-09-24,CAT-19,5.0,1.0
2025-09-24,CAT-20,7.0,1.0
2025-09-24,CAT-21,4.0,1.0
2025-09-24,CAT-22,7.0,1.0
2025-09-24,CAT-23,7.0,1.0
2025-09-24,CAT-24,4.0,1.0
2025-09-24,CAT-25,8.0,1.0
2025-09-24,CAT-26,7.0,3.0
2025-09-24,CAT-27,6.0,1.0
2025-09-24,CAT-28,5.0,1.0
2025-09-24,CAT-29,7.0,1.0
2025-09-24,CAT-30,8.0,1.0
2025-09-24,CAT-31,4.0,1.0
2025-09-24,CAT-32,4.0,1.0
2025-09-24,CAT-33,5.0,1.0
2025-09-24,CAT-34,8.0,1.0
2025-09-24,CAT-35,7.0,1.0
2025-09-24,CAT-36,4.0,1.0
2025-09-24,CAT-37,5.0,1.0
2025-09-24,CAT-38,5.0,1.0
2025-09-24,CAT-39,5.0,1.0
2025-09-24,CAT-40,8.0,3.0
2025-09-24,CAT-41,6.0,1.0
2025-09-24,CAT-42,7.0,3.0
2025-09-24,CAT-43,4.0,1.0
2025-09-24,CAT-44,6.0,1.0
2025-09-24,CAT-45,6.0,1.0
2025-09-24,CAT-46,5.0,1.0
2025-09-24,CAT-47,6.0,1.0
2025-09-24,CAT-48,3.0,1.0
2025-09-24,CAT-49,4.0,1.0
2025-09-25,CAT-01,4.0,1.0
2025-09-25,CAT-02,6.0,1.0
2025-09-25,CAT-03,8.0,3.0
2025-09-25,CAT-04,7.0,1.0
2025-09-25,CAT-05,9.0,8.0
2025-09-25,CAT-06,3.0,1.0
2025-09-25,CAT-07,7.0,1.0
2025-09-25,CAT-08,9.0,3.0
2025-09-25,CAT-09,7.0,3.0
2025-09-25,CAT-10,6.0,1.0
2025-09-25,CAT-11,3.0,1.0
2025-09-25,CAT-12,3.0,1.0
2025-09-25,CAT-13,5.0,1.0
2025-09-25,CAT-14,7.0,1.0
2025-09-25,CAT-15,4.0,1.0
2025-09-25,CAT-16,7.0,3.0
2025-09-25,CAT-17,5.0,1.0
2025-09-25,CAT-18,4.0,1.0
2025-09-25,CAT-19,5.0,1.0
2025-09-25,CAT-20,7.0,1.0
2025-09-25,CAT-21,4.0,1.0
2025-09-25,CAT-22,7.0,1.0
2025-09-25,CAT-23,7.0,1.0
2025-09-25,CAT-24,4.0,1.0
2025-09-25,CAT-25,8.0,1.0
2025-09-25,CAT-26,7.0,3.0
2025-09-25,CAT-27,6.0,1.0
2025-09-25,CAT-28,5.0,1.0
2025-09-25,CAT-29,7.0,1.0
2025-09-25,CAT-30,8.0,1.0
2025-09-25,CAT-31,4.0,1.0
2025-09-25,CAT-32,4.0,1.0
2025-09-25,CAT-33,5.0,1.0
2025-09-25,CAT-34,8.0,1.0
2025-09-25,CAT-35,7.0,1.0
2025-09-25,CAT-36,4.0,1.0
2025-09-25,CAT-37,5.0,1.0
2025-09-25,CAT-38,5.0,1.0
2025-09-25,CAT-39,5.0,1.0
2025-09-25,CAT-40,8.0,3.0
2025-09-25,CAT-41,6.0,1.0
2025-09-25,CAT-42,7.0,3.0
2025-09-25,CAT-43,4.0,1.0
2025-09-25,CAT-44,6.0,1.0
2025-09-25,CAT-45,6.0,1.0
2025-09-25,CAT-46,5.0,1.0
2025-09-25,CAT-47,6.0,1.0
2025-09-25,CAT-48,3.0,1.0
2025-09-25,CAT-49,4.0,1.0
2025-09-26,CAT-01,4.0,1.0
2025-09-26,CAT-02,6.0,1.0
2025-09-26,CAT-03,8.0,3.0
2025-09-26,CAT-04,7.0,1.0
2025-09-26,CAT-05,6.0,3.0
2025-09-26,CAT-06,3.0,1.0
2025-09-26,CAT-07,7.0,1.0
2025-09-26,CAT-08,9.0,3.0
2025-09-26,CAT-09,7.0,3.0
2025-09-26,CAT-10,6.0,1.0
2025-09-26,CAT-11,3.0,1.0
2025-09-26,CAT-12,3.0,1.0
2025-09-26,CAT-13,5.0,1.0
2025-09-26,CAT-14,7.0,1.0
2025-09-26,CAT-15,4.0,1.0
2025-09-26,CAT-16,7.0,3.0
2025-09-26,CAT-17,5.0,1.0
2025-09-26,CAT-18,4.0,1.0
2025-09-26,CAT-19,5.0,1.0
2025-09-26,CAT-20,7.0,1.0
2025-09-26,CAT-21,4.0,1.0
2025-09-26,CAT-22,7.0,1.0
2025-09-26,CAT-23,7.0,1.0
2025-09-26,CAT-24,4.0,1.0
2025-09-26,CAT-25,8.0,1.0
2025-09-26,CAT-26,7.0,3.0
2025-09-26,CAT-27,6.0,1.0
2025-09-26,CAT-28,5.0,1.0
2025-09-26,CAT-29,7.0,1.0
2025-09-26,CAT-30,8.0,1.0
2025-09-26,CAT-31,4.0,1.0
2025-09-26,CAT-32,4.0,1.0
2025-09-26,CAT-33,5.0,1.0
2025-09-26,CAT-34,8.0,1.0
2025-09-26,CAT-35,7.0,1.0
2025-09-26,CAT-36,4.0,1.0
2025-09-26,CAT-37,5.0,1.0
2025-09-26,CAT-38,5.0,1.0
2025-09-26,CAT-39,5.0,1.0
2025-09-26,CAT-40,8.0,3.0
2025-09-26,CAT-41,6.0,1.0
2025-09-26,CAT-42,7.0,3.0
2025-09-26,CAT-43,4.0,1.0
2025-09-26,CAT-44,6.0,1.0
2025-09-26,CAT-45,6.0,1.0
2025-09-26,CAT-46,5.0,1.0
2025-09-26,CAT-47,6.0,1.0
2025-09-26,CAT-48,3.0,1.0
2025-09-26,CAT-49,4.0,1.0
2025-09-27,CAT-01,4.0,1.0
2025-09-27,CAT-02,6.0,1.0
2025-09-27,CAT-03,8.0,3.0
2025-09-27,CAT-04,7.0,1.0
2025-09-27,CAT-05,6.0,3.0
2025-09-27,CAT-06,3.0,1.0
2025-09-27,CAT-07,7.0,1.0
2025-09-27,CAT-08,9.0,3.0
2025-09-27,CAT-09,7.0,3.0
2025-09-27,CAT-10,6.0,1.0
2025-09-27,CAT-11,3.0,1.0
2025-09-27,CAT-12,3.0,1.0
2025-09-27,CAT-13,5.0,1.0
2025-09-27,CAT-14,7.0,1.0
2025-09-27,CAT-15,4.0,1.0
2025-09-27,CAT-16,7.0,3.0
2025-09-27,CAT-17,5.0,1.0
2025-09-27,CAT-18,4.0,1.0
2025-09-27,CAT-19,5.0,1.0
2025-09-27,CAT-20,7.0,1.0
2025-09-27,CAT-21,4.0,1.0
2025-09-27,CAT-22,7.0,1.0
2025-09-27,CAT-23,7.0,1.0
2025-09-27,CAT-24,4.0,1.0
2025-09-27,CAT-25,8.0,1.0
2025-09-27,CAT-26,7.0,3.0
2025-09-27,CAT-27,6.0,1.0
2025-09-27,CAT-28,5.0,1.0
2025-09-27,CAT-29,7.0,1.0
2025-09-27,CAT-30,8.0,1.0
2025-09-27,CAT-31,4.0,1.0
2025-09-27,CAT-32,4.0,1.0
2025-09-27,CAT-33,5.0,1.0
2025-09-27,CAT-34,8.0,1.0
2025-09-27,CAT-35,7.0,1.0
2025-09-27,CAT-36,4.0,1.0
2025-09-27,CAT-37,5.0,1.0
2025-09-27,CAT-38,5.0,1.0
2025-09-27,CAT-39,5.0,1.0
2025-09-27,CAT-40,8.0,3.0
2025-09-27,CAT-41,6.0,1.0
2025-09-27,CAT-42,7.0,3.0
2025-09-27,CAT-43,4.0,1.0
2025-09-27,CAT-44,6.0,1.0
2025-09-27,CAT-45,6.0,1.0
2025-09-27,CAT-46,5.0,1.0
2025-09-27,CAT-47,6.0,1.0
2025-09-27,CAT-48,3.0,1.0
2025-09-27,CAT-49,4.0,1.0
2025-09-28,CAT-01,4.0,1.0
2025-09-28,CAT-02,6.0,1.0
2025-09-28,CAT-03,8.0,3.0
2025-09-28,CAT-04,7.0,1.0
2025-09-28,CAT-05,6.0,3.0
2025-09-28,CAT-06,3.0,1.0
2025-09-28,CAT-07,7.0,1.0
2025-09-28,CAT-08,9.0,3.0
2025-09-28,CAT-09,7.0,3.0
2025-09-28,CAT-10,6.0,1.0
2025-09-28,CAT-11,3.0,1.0
2025-09-28,CAT-12,3.0,1.0
2025-09-28,CAT-13,5.0,1.0
2025-09-28,CAT-14,7.0,1.0
2025-09-28,CAT-15,4.0,1.0
2025-09-28,CAT-16,7.0,3.0
2025-09-28,CAT-17,5.0,1.0
2025-09-28,CAT-18,4.0,1.0
2025-09-28,CAT-19,5.0,1.0
2025-09-28,CAT-20,7.0,1.0
2025-09-28,CAT-21,4.0,1.0
2025-09-28,CAT-22,7.0,1.0
2025-09-28,CAT-23,7.0,1.0
2025-09-28,CAT-24,4.0,1.0
2025-09-28,CAT-25,8.0,1.0
2025-09-28,CAT-26,7.0,3.0
2025-09-28,CAT-27,6.0,1.0
2025-09-28,CAT-28,5.0,1.0
2025-09-28,CAT-29,7.0,1.0
2025-09-28,CAT-30,8.0,1.0
2025-09-28,CAT-31,4.0,1.0
2025-09-28,CAT-32,4.0,1.0
2025-09-28,CAT-33,5.0,1.0
2025-09-28,CAT-34,8.0,1.0
2025-09-28,CAT-35,7.0,1.0
2025-09-28,CAT-36,4.0,1.0
2025-09-28,CAT-37,5.0,1.0
2025-09-28,CAT-38,5.0,1.0
2025-09-28,CAT-39,5.0,1.0
2025-09-28,CAT-40,8.0,3.0
2025-09-28,CAT-41,6.0,1.0
2025-09-28,CAT-42,7.0,3.0
2025-09-28,CAT-43,4.0,1.0
2025-09-28,CAT-44,6.0,1.0
2025-09-28,CAT-45,6.0,1.0
2025-09-28,CAT-46,5.0,1.0
2025-09-28,CAT-47,6.0,1.0
2025-09-28,CAT-48,3.0,1.0
2025-09-28,CAT-49,4.0,1.0
2025-09-29,CAT-01,4.0,1.0
2025-09-29,CAT-02,6.0,1.0
2025-09-29,CAT-03,8.0,3.0
2025-09-29,CAT-04,7.0,1.0
2025-09-29,CAT-05,6.0,3.0
2025-09-29,CAT-06,3.0,1.0
2025-09-29,CAT-07,7.0,1.0
2025-09-29,CAT-08,9.0,3.0
2025-09-29,CAT-09,7.0,3.0
2025-09-29,CAT-10,6.0,1.0
2025-09-29,CAT-11,3.0,1.0
2025-09-29,CAT-12,3.0,1.0
2025-09-29,CAT-13,5.0,1.0
2025-09-29,CAT-14,7.0,1.0
2025-09-29,CAT-15,4.0,1.0
2025-09-29,CAT-16,7.0,3.0
2025-09-29,CAT-17,5.0,1.0
2025-09-29,CAT-18,4.0,1.0
2025-09-29,CAT-19,5.0,1.0
2025-09-29,CAT-20,7.0,1.0
2025-09-29,CAT-21,4.0,1.0
2025-09-29,CAT-22,7.0,1.0
2025-09-29,CAT-23,7.0,1.0
2025-09-29,CAT-24,4.0,1.0
2025-09-29,CAT-25,8.0,1.0
2025-09-29,CAT-26,7.0,3.0
2025-09-29,CAT-27,6.0,1.0
2025-09-29,CAT-28,5.0,1.0
2025-09-29,CAT-29,7.0,1.0
2025-09-29,CAT-30,8.0,1.0
2025-09-29,CAT-31,4.0,1.0
2025-09-29,CAT-32,4.0,1.0
2025-09-29,CAT-33,5.0,1.0
2025-09-29,CAT-34,8.0,1.0
2025-09-29,CAT-35,7.0,1.0
2025-09-29,CAT-36,4.0,1.0
2025-09-29,CAT-37,5.0,1.0
2025-09-29,CAT-38,5.0,1.0
2025-09-29,CAT-39,5.0,1.0
2025-09-29,CAT-40,8.0,3.0
2025-09-29,CAT-41,6.0,1.0
2025-09-29,CAT-42,7.0,3.0
2025-09-29,CAT-43,4.0,1.0
2025-09-29,CAT-44,6.0,1.0
2025-09-29,CAT-45,6.0,1.0
2025-09-29,CAT-46,5.0,1.0
2025-09-29,CAT-47,6.0,1.0
2025-09-29,CAT-48,3.0,1.0
2025-09-29,CAT-49,4.0,1.0
2025-09-30,CAT-01,4.0,1.0
2025-09-30,CAT-02,6.0,1.0
2025-09-30,CAT-03,8.0,3.0
2025-09-30,CAT-04,7.0,1.0
2025-09-30,CAT-05,6.0,3.0
2025-09-30,CAT-06,3.0,1.0
2025-09-30,CAT-07,7.0,1.0
2025-09-30,CAT-08,9.0,3.0
2025-09-30,CAT-09,7.0,3.0
2025-09-30,CAT-10,6.0,1.0
2025-09-30,CAT-11,3.0,1.0
2025-09-30,CAT-12,3.0,1.0
2025-09-30,CAT-13,5.0,1.0
2025-09-30,CAT-14,7.0,1.0
2025-09-30,CAT-15,4.0,1.0
2025-09-30,CAT-16,7.0,3.0
2025-09-30,CAT-17,5.0,1.0
2025-09-30,CAT-18,4.0,1.0
2025-09-30,CAT-19,5.0,1.0
2025-09-30,CAT-20,7.0,1.0
2025-09-30,CAT-21,4.0,1.0
2025-09-30,CAT-22,7.0,1.0
2025-09-30,CAT-23,7.0,1.0
2025-09-30,CAT-24,4.0,1.0
2025-09-30,CAT-25,8.0,1.0
2025-09-30,CAT-26,7.0,3.0
2025-09-30,CAT-27,6.0,1.0
2025-09-30,CAT-28,5.0,1.0
2025-09-30,CAT-29,7.0,1.0
2025-09-30,CAT-30,8.0,1.0
2025-09-30,CAT-31,4.0,1.0
2025-09-30,CAT-32,4.0,1.0
2025-09-30,CAT-33,5.0,1.0
2025-09-30,CAT-34,8.0,1.0
2025-09-30,CAT-35,7.0,1.0
2025-09-30,CAT-36,4.0,1.0
2025-09-30,CAT-37,5.0,1.0
2025-09-30,CAT-38,5.0,1.0
2025-09-30,CAT-39,5.0,1.0
2025-09-30,CAT-40,8.0,3.0
2025-09-30,CAT-41,6.0,1.0
2025-09-30,CAT-42,7.0,3.0
2025-09-30,CAT-43,4.0,1.0
2025-09-30,CAT-44,6.0,1.0
2025-09-30,CAT-45,6.0,1.0
2025-09-30,CAT-46,5.0,1.0
2025-09-30,CAT-47,6.0,1.0
2025-09-30,CAT-48,3.0,1.0
2025-09-30,CAT-49,4.0,1.0
2025-10-01,CAT-01,4.0,1.0
2025-10-01,CAT-02,6.0,1.0
2025-10-01,CAT-03,6.0,1.0
2025-10-01,CAT-04,7.0,1.0
2025-10-01,CAT-05,4.0,1.0
2025-10-01,CAT-06,3.0,1.0
2025-10-01,CAT-07,7.0,1.0
2025-10-01,CAT-08,9.0,3.0
2025-10-01,CAT-09,6.0,1.0
2025-10-01,CAT-10,6.0,1.0
2025-10-01,CAT-11,3.0,1.0
2025-10-01,CAT-12,3.0,1.0
2025-10-01,CAT-13,5.0,1.0
2025-10-01,CAT-14,7.0,1.0
2025-10-01,CAT-15,4.0,1.0
2025-10-01,CAT-16,6.0,1.0
2025-10-01,CAT-17,5.0,1.0
2025-10-01,CAT-18,4.0,1.0
2025-10-01,CAT-19,5.0,1.0
2025-10-01,CAT-20,7.0,1.0
2025-10-01,CAT-21,4.0,1.0
2025-10-01,CAT-22,7.0,1.0
2025-10-01,CAT-23,7.0,1.0
2025-10-01,CAT-24,4.0,1.0
2025-10-01,CAT-25,8.0,1.0
2025-10-01,CAT-26,6.0,1.0
2025-10-01,CAT-27,6.0,1.0
2025-10-01,CAT-28,5.0,1.0
2025-10-01,CAT-29,8.0,3.0
2025-10-01,CAT-30,8.0,1.0
2025-10-01,CAT-31,6.0,3.0
2025-10-01,CAT-32,4.0,1.0
2025-10-01,CAT-33,5.0,1.0
2025-10-01,CAT-34,8.0,1.0
2025-10-01,CAT-35,7.0,1.0
2025-10-01,CAT-36,4.0,1.0
2025-10-01,CAT-37,5.0,1.0
2025-10-01,CAT-38,5.0,1.0
2025-10-01,CAT-39,5.0,1.0
2025-10-01,CAT-40,6.0,1.0
2025-10-01,CAT-41,6.0,1.0
2025-10-01,CAT-42,5.0,1.0
2025-10-01,CAT-43,4.0,1.0
2025-10-01,CAT-44,6.0,1.0
2025-10-01,CAT-45,6.0,1.0
2025-10-01,CAT-46,5.0,1.0
2025-10-01,CAT-47,7.0,3.0
2025-10-01,CAT-48,3.0,1.0
2025-10-01,CAT-49,4.0,1.0
2025-10-02,CAT-01,4.0,1.0
2025-10-02,CAT-02,6.0,1.0
2025-10-02,CAT-03,6.0,1.0
2025-10-02,CAT-04,7.0,1.0
2025-10-02,CAT-05,4.0,1.0
2025-10-02,CAT-06,3.0,1.0
2025-10-02,CAT-07,7.0,1.0
2025-10-02,CAT-08,11.0,6.0
2025-10-02,CAT-09,6.0,1.0
2025-10-02,CAT-10,6.0,1.0
2025-10-02,CAT-11,3.0,1.0
2025-10-02,CAT-12,3.0,1.0
2025-10-02,CAT-13,5.0,1.0
2025-10-02,CAT-14,7.0,1.0
2025-10-02,CAT-15,4.0,1.0
2025-10-02,CAT-16,6.0,1.0
2025-10-02,CAT-17,5.0,1.0
2025-10-02,CAT-18,4.0,1.0
2025-10-02,CAT-19,5.0,1.0
2025-10-02,CAT-20,7.0,1.0
2025-10-02,CAT-21,4.0,1.0
2025-10-02,CAT-22,7.0,1.0
2025-10-02,CAT-23,7.0,1.0
2025-10-02,CAT-24,4.0,1.0
2025-10-02,CAT-25,8.0,1.0
2025-10-02,CAT-26,6.0,1.0
2025-10-02,CAT-27,6.0,1.0
2025-10-02,CAT-28,5.0,1.0
2025-10-02,CAT-29,10.0,6.0
2025-10-02,CAT-30,8.0,1.0
2025-10-02,CAT-31,8.0,6.0
2025-10-02,CAT-32,4.0,1.0
2025-10-02,CAT-33,5.0,1.0
2025-10-02,CAT-34,8.0,1.0
2025-10-02,CAT-35,7.0,1.0
2025-10-02,CAT-36,4.0,1.0
2025-10-02,CAT-37,5.0,1.0
2025-10-02,CAT-38,5.0,1.0
2025-10-02,CAT-39,5.0,1.0
2025-10-02,CAT-40,6.0,1.0
2025-10-02,CAT-41,6.0,1.0
2025-10-02,CAT-42,5.0,1.0
2025-10-02,CAT-43,4.0,1.0
2025-10-02,CAT-44,6.0,1.0
2025-10-02,CAT-45,6.0,1.0
2025-10-02,CAT-46,5.0,1.0
2025-10-02,CAT-47,9.0,6.0
2025-10-02,CAT-48,3.0,1.0
2025-10-02,CAT-49,4.0,1.0
2025-10-03,CAT-01,4.0,1.0
2025-10-03,CAT-02,6.0,1.0
2025-10-03,CAT-03,6.0,1.0
2025-10-03,CAT-04,7.0,1.0
2025-10-03,CAT-05,4.0,1.0
2025-10-03,CAT-06,3.0,1.0
2025-10-03,CAT-07,7.0,1.0
2025-10-03,CAT-08,9.0,3.0
2025-10-03,CAT-09,6.0,1.0
2025-10-03,CAT-10,6.0,1.0
2025-10-03,CAT-11,3.0,1.0
2025-10-03,CAT-12,3.0,1.0
2025-10-03,CAT-13,5.0,1.0
2025-10-03,CAT-14,7.0,1.0
2025-10-03,CAT-15,4.0,1.0
2025-10-03,CAT-16,6.0,1.0
2025-10-03,CAT-17,5.0,1.0
2025-10-03,CAT-18,4.0,1.0
2025-10-03,CAT-19,5.0,1.0
2025-10-03,CAT-20,7.0,1.0
2025-10-03,CAT-21,4.0,1.0
2025-10-03,CAT-22,7.0,1.0
2025-10-03,CAT-23,7.0,1.0
2025-10-03,CAT-24,4.0,1.0
2025-10-03,CAT-25,8.0,1.0
2025-10-03,CAT-26,6.0,1.0
2025-10-03,CAT-27,6.0,1.0
2025-10-03,CAT-28,5.0,1.0
2025-10-03,CAT-29,8.0,3.0
2025-10-03,CAT-30,8.0,1.0
2025-10-03,CAT-31,6.0,3.0
2025-10-03,CAT-32,4.0,1.0
2025-10-03,CAT-33,5.0,1.0
2025-10-03,CAT-34,8.0,1.0
2025-10-03,CAT-35,7.0,1.0
2025-10-03,CAT-36,4.0,1.0
2025-10-03,CAT-37,5.0,1.0
2025-10-03,CAT-38,5.0,1.0
2025-10-03,CAT-39,5.0,1.0
2025-10-03,CAT-40,6.0,1.0
2025-10-03,CAT-41,6.0,1.0
2025-10-03,CAT-42,5.0,1.0
2025-10-03,CAT-43,4.0,1.0
2025-10-03,CAT-44,6.0,1.0
2025-10-03,CAT-45,6.0,1.0
2025-10-03,CAT-46,5.0,1.0
2025-10-03,CAT-47,7.0,3.0
2025-10-03,CAT-48,3.0,1.0
2025-10-03,CAT-49,4.0,1.0
2025-10-04,CAT-01,4.0,1.0
2025-10-04,CAT-02,6.0,1.0
2025-10-04,CAT-03,6.0,1.0
2025-10-04,CAT-04,7.0,1.0
2025-10-04,CAT-05,4.0,1.0
2025-10-04,CAT-06,3.0,1.0
2025-10-04,CAT-07,7.0,1.0
2025-10-04,CAT-08,12.0,8.0
2025-10-04,CAT-09,6.0,1.0
2025-10-04,CAT-10,6.0,1.0
2025-10-04,CAT-11,3.0,1.0
2025-10-04,CAT-12,3.0,1.0
2025-10-04,CAT-13,5.0,1.0
2025-10-04,CAT-14,7.0,1.0
2025-10-04,CAT-15,4.0,1.0
2025-10-04,CAT-16,6.0,1.0
2025-10-04,CAT-17,5.0,1.0
2025-10-04,CAT-18,4.0,1.0
2025-10-04,CAT-19,5.0,1.0
2025-10-04,CAT-20,7.0,1.0
2025-10-04,CAT-21,4.0,1.0
2025-10-04,CAT-22,7.0,1.0
2025-10-04,CAT-23,7.0,1.0
2025-10-04,CAT-24,4.0,1.0
2025-10-04,CAT-25,8.0,1.0
2025-10-04,CAT-26,6.0,1.0
2025-10-04,CAT-27,6.0,1.0
2025-10-04,CAT-28,5.0,1.0
2025-10-04,CAT-29,11.0,8.0
2025-10-04,CAT-30,8.0,1.0
2025-10-04,CAT-31,9.0,8.0
2025-10-04,CAT-32,4.0,1.0
2025-10-04,CAT-33,5.0,1.0
2025-10-04,CAT-34,8.0,1.0
2025-10-04,CAT-35,7.0,1.0
2025-10-04,CAT-36,4.0,1.0
2025-10-04,CAT-37,5.0,1.0
2025-10-04,CAT-38,5.0,1.0
2025-10-04,CAT-39,5.0,1.0
2025-10-04,CAT-40,6.0,1.0
2025-10-04,CAT-41,6.0,1.0
2025-10-04,CAT-42,5.0,1.0
2025-10-04,CAT-43,4.0,1.0
2025-10-04,CAT-44,6.0,1.0
2025-10-04,CAT-45,6.0,1.0
2025-10-04,CAT-46,5.0,1.0
2025-10-04,CAT-47,11.0,8.0
2025-10-04,CAT-48,3.0,1.0
2025-10-04,CAT-49,4.0,1.0
2025-10-05,CAT-01,4.0,1.0
2025-10-05,CAT-02,6.0,1.0
2025-10-05,CAT-03,6.0,1.0
2025-10-05,CAT-04,7.0,1.0
2025-10-05,CAT-05,4.0,1.0
2025-10-05,CAT-06,3.0,1.0
2025-10-05,CAT-07,7.0,1.0
2025-10-05,CAT-08,9.0,3.0
2025-10-05,CAT-09,6.0,1.0
2025-10-05,CAT-10,6.0,1.0
2025-10-05,CAT-11,3.0,1.0
2025-10-05,CAT-12,3.0,1.0
2025-10-05,CAT-13,5.0,1.0
2025-10-05,CAT-14,7.0,1.0
2025-10-05,CAT-15,4.0,1.0
2025-10-05,CAT-16,6.0,1.0
2025-10-05,CAT-17,5.0,1.0
2025-10-05,CAT-18,4.0,1.0
2025-10-05,CAT-19,5.0,1.0
2025-10-05,CAT-20,7.0,1.0
2025-10-05,CAT-21,4.0,1.0
2025-10-05,CAT-22,7.0,1.0
2025-10-05,CAT-23,7.0,1.0
2025-10-05,CAT-24,4.0,1.0
2025-10-05,CAT-25,8.0,1.0
2025-10-05,CAT-26,6.0,1.0
2025-10-05,CAT-27,6.0,1.0
2025-10-05,CAT-28,5.0,1.0
2025-10-05,CAT-29,8.0,3.0
2025-10-05,CAT-30,8.0,1.0
2025-10-05,CAT-31,4.0,1.0
2025-10-05,CAT-32,4.0,1.0
2025-10-05,CAT-33,5.0,1.0
2025-10-05,CAT-34,8.0,1.0
2025-10-05,CAT-35,7.0,1.0
2025-10-05,CAT-36,4.0,1.0
2025-10-05,CAT-37,5.0,1.0
2025-10-05,CAT-38,5.0,1.0
2025-10-05,CAT-39,5.0,1.0
2025-10-05,CAT-40,6.0,1.0
2025-10-05,CAT-41,6.0,1.0
2025-10-05,CAT-42,5.0,1.0
2025-10-05,CAT-43,4.0,1.0
2025-10-05,CAT-44,6.0,1.0
2025-10-05,CAT-45,6.0,1.0
2025-10-05,CAT-46,5.0,1.0
2025-10-05,CAT-47,7.0,3.0
2025-10-05,CAT-48,3.0,1.0
2025-10-05,CAT-49,4.0,1.0
2025-10-06,CAT-01,4.0,1.0
2025-10-06,CAT-02,6.0,1.0
2025-10-06,CAT-03,6.0,1.0
2025-10-06,CAT-04,7.0,1.0
2025-10-06,CAT-05,4.0,1.0
2025-10-06,CAT-06,3.0,1.0
2025-10-06,CAT-07,7.0,1.0
2025-10-06,CAT-08,9.0,3.0
2025-10-06,CAT-09,6.0,1.0
2025-10-06,CAT-10,6.0,1.0
2025-10-06,CAT-11,3.0,1.0
2025-10-06,CAT-12,3.0,1.0
2025-10-06,CAT-13,5.0,1.0
2025-10-06,CAT-14,7.0,1.0
2025-10-06,CAT-15,4.0,1.0
2025-10-06,CAT-16,6.0,1.0
2025-10-06,CAT-17,5.0,1.0
2025-10-06,CAT-18,4.0,1.0
2025-10-06,CAT-19,5.0,1.0
2025-10-06,CAT-20,7.0,1.0
2025-10-06,CAT-21,4.0,1.0
2025-10-06,CAT-22,7.0,1.0
2025-10-06,CAT-23,7.0,1.0
2025-10-06,CAT-24,4.0,1.0
2025-10-06,CAT-25,8.0,1.0
2025-10-06,CAT-26,6.0,1.0
2025-10-06,CAT-27,6.0,1.0
2025-10-06,CAT-28,5.0,1.0
2025-10-06,CAT-29,8.0,3.0
2025-10-06,CAT-30,8.0,1.0
2025-10-06,CAT-31,4.0,1.0
2025-10-06,CAT-32,4.0,1.0
2025-10-06,CAT-33,5.0,1.0
2025-10-06,CAT-34,8.0,1.0
2025-10-06,CAT-35,7.0,1.0
2025-10-06,CAT-36,4.0,1.0
2025-10-06,CAT-37,5.0,1.0
2025-10-06,CAT-38,5.0,1.0
2025-10-06,CAT-39,5.0,1.0
2025-10-06,CAT-40,6.0,1.0
2025-10-06,CAT-41,6.0,1.0
2025-10-06,CAT-42,5.0,1.0
2025-10-06,CAT-43,4.0,1.0
2025-10-06,CAT-44,6.0,1.0
2025-10-06,CAT-45,6.0,1.0
2025-10-06,CAT-46,5.0,1.0
2025-10-06,CAT-47,7.0,3.0
2025-10-06,CAT-48,3.0,1.0
2025-10-06,CAT-49,4.0,1.0
2025-10-07,CAT-01,4.0,1.0
2025-10-07,CAT-02,6.0,1.0
2025-10-07,CAT-03,6.0,1.0
2025-10-07,CAT-04,7.0,1.0
2025-10-07,CAT-05,4.0,1.0
2025-10-07,CAT-06,3.0,1.0
2025-10-07,CAT-07,7.0,1.0
2025-10-07,CAT-08,9.0,3.0
2025-10-07,CAT-09,6.0,1.0
2025-10-07,CAT-10,6.0,1.0
2025-10-07,CAT-11,3.0,1.0
2025-10-07,CAT-12,3.0,1.0
2025-10-07,CAT-13,5.0,1.0
2025-10-07,CAT-14,7.0,1.0
2025-10-07,CAT-15,4.0,1.0
2025-10-07,CAT-16,6.0,1.0
2025-10-07,CAT-17,5.0,1.0
2025-10-07,CAT-18,4.0,1.0
2025-10-07,CAT-19,5.0,1.0
2025-10-07,CAT-20,7.0,1.0
2025-10-07,CAT-21,4.0,1.0
2025-10-07,CAT-22,7.0,1.0
2025-10-07,CAT-23,7.0,1.0
2025-10-07,CAT-24,4.0,1.0
2025-10-07,CAT-25,8.0,1.0
2025-10-07,CAT-26,6.0,1.0
2025-10-07,CAT-27,6.0,1.0
2025-10-07,CAT-28,5.0,1.0
2025-10-07,CAT-29,8.0,3.0
2025-10-07,CAT-30,8.0,1.0
2025-10-07,CAT-31,4.0,1.0
2025-10-07,CAT-32,4.0,1.0
2025-10-07,CAT-33,5.0,1.0
2025-10-07,CAT-34,8.0,1.0
2025-10-07,CAT-35,7.0,1.0
2025-10-07,CAT-36,4.0,1.0
2025-10-07,CAT-37,5.0,1.0
2025-10-07,CAT-38,5.0,1.0
2025-10-07,CAT-39,5.0,1.0
2025-10-07,CAT-40,6.0,1.0
2025-10-07,CAT-41,6.0,1.0
2025-10-07,CAT-42,5.0,1.0
2025-10-07,CAT-43,4.0,1.0
2025-10-07,CAT-44,6.0,1.0
2025-10-07,CAT-45,6.0,1.0
2025-10-07,CAT-46,5.0,1.0
2025-10-07,CAT-47,7.0,3.0
2025-10-07,CAT-48,3.0,1.0
2025-10-07,CAT-49,4.0,1.0
2025-10-08,CAT-01,4.0,1.0
2025-10-08,CAT-02,6.0,1.0
2025-10-08,CAT-03,6.0,1.0
2025-10-08,CAT-04,7.0,1.0
2025-10-08,CAT-05,4.0,1.0
2025-10-08,CAT-06,3.0,1.0
2025-10-08,CAT-07,7.0,1.0
2025-10-08,CAT-08,14.0,10.0
2025-10-08,CAT-09,6.0,1.0
2025-10-08,CAT-10,6.0,1.0
2025-10-08,CAT-11,3.0,1.0
2025-10-08,CAT-12,3.0,1.0
2025-10-08,CAT-13,5.0,1.0
2025-10-08,CAT-14,7.0,1.0
2025-10-08,CAT-15,4.0,1.0
2025-10-08,CAT-16,6.0,1.0
2025-10-08,CAT-17,5.0,1.0
2025-10-08,CAT-18,4.0,1.0
2025-10-08,CAT-19,5.0,1.0
2025-10-08,CAT-20,7.0,1.0
2025-10-08,CAT-21,4.0,1.0
2025-10-08,CAT-22,7.0,1.0
2025-10-08,CAT-23,7.0,1.0
2025-10-08,CAT-24,4.0,1.0
2025-10-08,CAT-25,8.0,1.0
2025-10-08,CAT-26,6.0,1.0
2025-10-08,CAT-27,6.0,1.0
2025-10-08,CAT-28,5.0,1.0
2025-10-08,CAT-29,13.0,10.0
2025-10-08,CAT-30,8.0,1.0
2025-10-08,CAT-31,11.0,10.0
2025-10-08,CAT-32,4.0,1.0
2025-10-08,CAT-33,5.0,1.0
2025-10-08,CAT-34,8.0,1.0
2025-10-08,CAT-35,7.0,1.0
2025-10-08,CAT-36,4.0,1.0
2025-10-08,CAT-37,5.0,1.0
2025-10-08,CAT-38,5.0,1.0
2025-10-08,CAT-39,5.0,1.0
2025-10-08,CAT-40,6.0,1.0
2025-10-08,CAT-41,6.0,1.0
2025-10-08,CAT-42,5.0,1.0
2025-10-08,CAT-43,4.0,1.0
2025-10-08,CAT-44,6.0,1.0
2025-10-08,CAT-45,6.0,1.0
2025-10-08,CAT-46,5.0,1.0
2025-10-08,CAT-47,12.0,10.0
2025-10-08,CAT-48,3.0,1.0
2025-10-08,CAT-49,4.0,1.0
2025-10-09,CAT-01,4.0,1.0
2025-10-09,CAT-02,6.0,1.0
2025-10-09,CAT-03,6.0,1.0
2025-10-09,CAT-04,7.0,1.0
2025-10-09,CAT-05,4.0,1.0
2025-10-09,CAT-06,3.0,1.0
2025-10-09,CAT-07,7.0,1.0
2025-10-09,CAT-08,14.0,10.0
2025-10-09,CAT-09,6.0,1.0
2025-10-09,CAT-10,6.0,1.0
2025-10-09,CAT-11,3.0,1.0
2025-10-09,CAT-12,3.0,1.0
2025-10-09,CAT-13,5.0,1.0
2025-10-09,CAT-14,7.0,1.0
2025-10-09,CAT-15,4.0,1.0
2025-10-09,CAT-16,6.0,1.0
2025-10-09,CAT-17,5.0,1.0
2025-10-09,CAT-18,4.0,1.0
2025-10-09,CAT-19,5.0,1.0
2025-10-09,CAT-20,7.0,1.0
2025-10-09,CAT-21,4.0,1.0
2025-10-09,CAT-22,7.0,1.0
2025-10-09,CAT-23,7.0,1.0
2025-10-09,CAT-24,4.0,1.0
2025-10-09,CAT-25,8.0,1.0
2025-10-09,CAT-26,6.0,1.0
2025-10-09,CAT-27,6.0,1.0
2025-10-09,CAT-28,5.0,1.0
2025-10-09,CAT-29,13.0,10.0
2025-10-09,CAT-30,8.0,1.0
2025-10-09,CAT-31,11.0,10.0
2025-10-09,CAT-32,4.0,1.0
2025-10-09,CAT-33,5.0,1.0
2025-10-09,CAT-34,8.0,1.0
2025-10-09,CAT-35,7.0,1.0
2025-10-09,CAT-36,4.0,1.0
2025-10-09,CAT-37,5.0,1.0
2025-10-09,CAT-38,5.0,1.0
2025-10-09,CAT-39,5.0,1.0
2025-10-09,CAT-40,6.0,1.0
2025-10-09,CAT-41,6.0,1.0
2025-10-09,CAT-42,5.0,1.0
2025-10-09,CAT-43,4.0,1.0
2025-10-09,CAT-44,6.0,1.0
2025-10-09,CAT-45,6.0,1.0
2025-10-09,CAT-46,5.0,1.0
2025-10-09,CAT-47,12.0,10.0
2025-10-09,CAT-48,3.0,1.0
2025-10-09,CAT-49,4.0,1.0
2025-10-10,CAT-01,4.0,1.0
2025-10-10,CAT-02,6.0,1.0
2025-10-10,CAT-03,6.0,1.0
2025-10-10,CAT-04,7.0,1.0
2025-10-10,CAT-05,4.0,1.0
2025-10-10,CAT-06,3.0,1.0
2025-10-10,CAT-07,7.0,1.0
2025-10-10,CAT-08,9.0,3.0
2025-10-10,CAT-09,6.0,1.0
2025-10-10,CAT-10,6.0,1.0
2025-10-10,CAT-11,3.0,1.0
2025-10-10,CAT-12,3.0,1.0
2025-10-10,CAT-13,5.0,1.0
2025-10-10,CAT-14,7.0,1.0
2025-10-10,CAT-15,4.0,1.0
2025-10-10,CAT-16,6.0,1.0
2025-10-10,CAT-17,5.0,1.0
2025-10-10,CAT-18,4.0,1.0
2025-10-10,CAT-19,5.0,1.0
2025-10-10,CAT-20,7.0,1.0
2025-10-10,CAT-21,4.0,1.0
2025-10-10,CAT-22,7.0,1.0
2025-10-10,CAT-23,7.0,1.0
2025-10-10,CAT-24,4.0,1.0
2025-10-10,CAT-25,8.0,1.0
2025-10-10,CAT-26,6.0,1.0
2025-10-10,CAT-27,6.0,1.0
2025-10-10,CAT-28,5.0,1.0
2025-10-10,CAT-29,8.0,3.0
2025-10-10,CAT-30,8.0,1.0
2025-10-10,CAT-31,4.0,1.0
2025-10-10,CAT-32,4.0,1.0
2025-10-10,CAT-33,5.0,1.0
2025-10-10,CAT-34,8.0,1.0
2025-10-10,CAT-35,7.0,1.0
2025-10-10,CAT-36,4.0,1.0
2025-10-10,CAT-37,5.0,1.0
2025-10-10,CAT-38,5.0,1.0
2025-10-10,CAT-39,5.0,1.0
2025-10-10,CAT-40,6.0,1.0
2025-10-10,CAT-41,6.0,1.0
2025-10-10,CAT-42,5.0,1.0
2025-10-10,CAT-43,4.0,1.0
2025-10-10,CAT-44,6.0,1.0
2025-10-10,CAT-45,6.0,1.0
2025-10-10,CAT-46,5.0,1.0
2025-10-10,CAT-47,7.0,3.0
2025-10-10,CAT-48,3.0,1.0
2025-10-10,CAT-49,4.0,1.0
2025-10-11,CAT-01,4.0,1.0
2025-10-11,CAT-02,6.0,1.0
2025-10-11,CAT-03,6.0,1.0
2025-10-11,CAT-04,7.0,1.0
2025-10-11,CAT-05,4.0,1.0
2025-10-11,CAT-06,3.0,1.0
2025-10-11,CAT-07,7.0,1.0
2025-10-11,CAT-08,12.0,8.0
2025-10-11,CAT-09,6.0,1.0
2025-10-11,CAT-10,6.0,1.0
2025-10-11,CAT-11,3.0,1.0
2025-10-11,CAT-12,3.0,1.0
2025-10-11,CAT-13,5.0,1.0
2025-10-11,CAT-14,7.0,1.0
2025-10-11,CAT-15,4.0,1.0
2025-10-11,CAT-16,6.0,1.0
2025-10-11,CAT-17,5.0,1.0
2025-10-11,CAT-18,4.0,1.0
2025-10-11,CAT-19,5.0,1.0
2025-10-11,CAT-20,7.0,1.0
2025-10-11,CAT-21,4.0,1.0
2025-10-11,CAT-22,7.0,1.0
2025-10-11,CAT-23,7.0,1.0
2025-10-11,CAT-24,4.0,1.0
2025-10-11,CAT-25,8.0,1.0
2025-10-11,CAT-26,6.0,1.0
2025-10-11,CAT-27,6.0,1.0
2025-10-11,CAT-28,5.0,1.0
2025-10-11,CAT-29,11.0,8.0
2025-10-11,CAT-30,8.0,1.0
2025-10-11,CAT-31,4.0,1.0
2025-10-11,CAT-32,4.0,1.0
2025-10-11,CAT-33,5.0,1.0
2025-10-11,CAT-34,8.0,1.0
2025-10-11,CAT-35,7.0,1.0
2025-10-11,CAT-36,4.0,1.0
2025-10-11,CAT-37,5.0,1.0
2025-10-11,CAT-38,5.0,1.0
2025-10-11,CAT-39,5.0,1.0
2025-10-11,CAT-40,6.0,1.0
2025-10-11,CAT-41,6.0,1.0
2025-10-11,CAT-42,5.0,1.0
2025-10-11,CAT-43,4.0,1.0
2025-10-11,CAT-44,6.0,1.0
2025-10-11,CAT-45,6.0,1.0
2025-10-11,CAT-46,5.0,1.0
2025-10-11,CAT-47,11.0,8.0
2025-10-11,CAT-48,3.0,1.0
2025-10-11,CAT-49,4.0,1.0
2025-10-12,CAT-01,4.0,1.0
2025-10-12,CAT-02,6.0,1.0
2025-10-12,CAT-03,6.0,1.0
2025-10-12,CAT-04,7.0,1.0
2025-10-12,CAT-05,4.0,1.0
2025-10-12,CAT-06,3.0,1.0
2025-10-12,CAT-07,7.0,1.0
2025-10-12,CAT-08,9.0,3.0
2025-10-12,CAT-09,6.0,1.0
2025-10-12,CAT-10,6.0,1.0
2025-10-12,CAT-11,3.0,1.0
2025-10-12,CAT-12,3.0,1.0
2025-10-12,CAT-13,5.0,1.0
2025-10-12,CAT-14,7.0,1.0
2025-10-12,CAT-15,4.0,1.0
2025-10-12,CAT-16,6.0,1.0
2025-10-12,CAT-17,5.0,1.0
2025-10-12,CAT-18,4.0,1.0
2025-10-12,CAT-19,5.0,1.0
2025-10-12,CAT-20,7.0,1.0
2025-10-12,CAT-21,4.0,1.0
2025-10-12,CAT-22,7.0,1.0
2025-10-12,CAT-23,7.0,1.0
2025-10-12,CAT-24,4.0,1.0
2025-10-12,CAT-25,8.0,1.0
2025-10-12,CAT-26,6.0,1.0
2025-10-12,CAT-27,6.0,1.0
2025-10-12,CAT-28,5.0,1.0
2025-10-12,CAT-29,8.0,3.0
2025-10-12,CAT-30,8.0,1.0
2025-10-12,CAT-31,4.0,1.0
2025-10-12,CAT-32,4.0,1.0
2025-10-12,CAT-33,5.0,1.0
2025-10-12,CAT-34,8.0,1.0
2025-10-12,CAT-35,7.0,1.0
2025-10-12,CAT-36,4.0,1.0
2025-10-12,CAT-37,5.0,1.0
2025-10-12,CAT-38,5.0,1.0
2025-10-12,CAT-39,5.0,1.0
2025-10-12,CAT-40,6.0,1.0
2025-10-12,CAT-41,6.0,1.0
2025-10-12,CAT-42,5.0,1.0
2025-10-12,CAT-43,4.0,1.0
2025-10-12,CAT-44,6.0,1.0
2025-10-12,CAT-45,6.0,1.0
2025-10-12,CAT-46,5.0,1.0
2025-10-12,CAT-47,7.0,3.0
2025-10-12,CAT-48,3.0,1.0
2025-10-12,CAT-49,4.0,1.0
2025-10-13,CAT-01,4.0,1.0
2025-10-13,CAT-02,6.0,1.0
2025-10-13,CAT-03,6.0,1.0
2025-10-13,CAT-04,7.0,1.0
2025-10-13,CAT-05,4.0,1.0
2025-10-13,CAT-06,3.0,1.0
2025-10-13,CAT-07,7.0,1.0
2025-10-13,CAT-08,9.0,3.0
2025-10-13,CAT-09,6.0,1.0
2025-10-13,CAT-10,6.0,1.0
2025-10-13,CAT-11,3.0,1.0
2025-10-13,CAT-12,3.0,1.0
2025-10-13,CAT-13,5.0,1.0
2025-10-13,CAT-14,7.0,1.0
2025-10-13,CAT-15,4.0,1.0
2025-10-13,CAT-16,6.0,1.0
2025-10-13,CAT-17,5.0,1.0
2025-10-13,CAT-18,4.0,1.0
2025-10-13,CAT-19,5.0,1.0
2025-10-13,CAT-20,7.0,1.0
2025-10-13,CAT-21,4.0,1.0
2025-10-13,CAT-22,7.0,1.0
2025-10-13,CAT-23,7.0,1.0
2025-10-13,CAT-24,4.0,1.0
2025-10-13,CAT-25,8.0,1.0
2025-10-13,CAT-26,6.0,1.0
2025-10-13,CAT-27,6.0,1.0
2025-10-13,CAT-28,5.0,1.0
2025-10-13,CAT-29,8.0,3.0
2025-10-13,CAT-30,8.0,1.0
2025-10-13,CAT-31,4.0,1.0
2025-10-13,CAT-32,4.0,1.0
2025-10-13,CAT-33,5.0,1.0
2025-10-13,CAT-34,8.0,1.0
2025-10-13,CAT-35,7.0,1.0
2025-10-13,CAT-36,4.0,1.0
2025-10-13,CAT-37,5.0,1.0
2025-10-13,CAT-38,5.0,1.0
2025-10-13,CAT-39,5.0,1.0
2025-10-13,CAT-40,6.0,1.0
2025-10-13,CAT-41,6.0,1.0
2025-10-13,CAT-42,5.0,1.0
2025-10-13,CAT-43,4.0,1.0
2025-10-13,CAT-44,6.0,1.0
2025-10-13,CAT-45,6.0,1.0
2025-10-13,CAT-46,5.0,1.0
2025-10-13,CAT-47,7.0,3.0
2025-10-13,CAT-48,3.0,1.0
2025-10-13,CAT-49,4.0,1.0
2025-10-14,CAT-01,4.0,1.0
2025-10-14,CAT-02,6.0,1.0
2025-10-14,CAT-03,6.0,1.0
2025-10-14,CAT-04,7.0,1.0
2025-10-14,CAT-05,4.0,1.0
2025-10-14,CAT-06,3.0,1.0
2025-10-14,CAT-07,7.0,1.0
2025-10-14,CAT-08,9.0,3.0
2025-10-14,CAT-09,6.0,1.0
2025-10-14,CAT-10,6.0,1.0
2025-10-14,CAT-11,3.0,1.0
2025-10-14,CAT-12,3.0,1.0
2025-10-14,CAT-13,5.0,1.0
2025-10-14,CAT-14,7.0,1.0
2025-10-14,CAT-15,4.0,1.0
2025-10-14,CAT-16,6.0,1.0
2025-10-14,CAT-17,5.0,1.0
2025-10-14,CAT-18,4.0,1.0
2025-10-14,CAT-19,5.0,1.0
2025-10-14,CAT-20,7.0,1.0
2025-10-14,CAT-21,4.0,1.0
2025-10-14,CAT-22,7.0,1.0
2025-10-14,CAT-23,7.0,1.0
2025-10-14,CAT-24,4.0,1.0
2025-10-14,CAT-25,8.0,1.0
2025-10-14,CAT-26,6.0,1.0
2025-10-14,CAT-27,6.0,1.0
2025-10-14,CAT-28,5.0,1.0
2025-10-14,CAT-29,8.0,3.0
2025-10-14,CAT-30,8.0,1.0
2025-10-14,CAT-31,4.0,1.0
2025-10-14,CAT-32,4.0,1.0
2025-10-14,CAT-33,5.0,1.0
2025-10-14,CAT-34,8.0,1.0
2025-10-14,CAT-35,7.0,1.0
2025-10-14,CAT-36,4.0,1.0
2025-10-14,CAT-37,5.0,1.0
2025-10-14,CAT-38,5.0,1.0
2025-10-14,CAT-39,5.0,1.0
2025-10-14,CAT-40,6.0,1.0
2025-10-14,CAT-41,6.0,1.0
2025-10-14,CAT-42,5.0,1.0
2025-10-14,CAT-43,4.0,1.0
2025-10-14,CAT-44,6.0,1.0
2025-10-14,CAT-45,6.0,1.0
2025-10-14,CAT-46,5.0,1.0
2025-10-14,CAT-47,7.0,3.0
2025-10-14,CAT-48,3.0,1.0
2025-10-14,CAT-49,4.0,1.0
2025-10-15,CAT-01,4.0,1.0
2025-10-15,CAT-02,6.0,1.0
2025-10-15,CAT-03,6.0,1.0
2025-10-15,CAT-04,7.0,1.0
2025-10-15,CAT-05,4.0,1.0
2025-10-15,CAT-06,3.0,1.0
2025-10-15,CAT-07,7.0,1.0
2025-10-15,CAT-08,9.0,3.0
2025-10-15,CAT-09,6.0,1.0
2025-10-15,CAT-10,6.0,1.0
2025-10-15,CAT-11,3.0,1.0
2025-10-15,CAT-12,3.0,1.0
2025-10-15,CAT-13,5.0,1.0
2025-10-15,CAT-14,7.0,1.0
2025-10-15,CAT-15,4.0,1.0
2025-10-15,CAT-16,6.0,1.0
2025-10-15,CAT-17,5.0,1.0
2025-10-15,CAT-18,4.0,1.0
2025-10-15,CAT-19,5.0,1.0
2025-10-15,CAT-20,7.0,1.0
2025-10-15,CAT-21,4.0,1.0
2025-10-15,CAT-22,7.0,1.0
2025-10-15,CAT-23,7.0,1.0
2025-10-15,CAT-24,4.0,1.0
2025-10-15,CAT-25,8.0,1.0
2025-10-15,CAT-26,6.0,1.0
2025-10-15,CAT-27,6.0,1.0
2025-10-15,CAT-28,5.0,1.0
2025-10-15,CAT-29,8.0,3.0
2025-10-15,CAT-30,8.0,1.0
2025-10-15,CAT-31,4.0,1.0
2025-10-15,CAT-32,4.0,1.0
2025-10-15,CAT-33,5.0,1.0
2025-10-15,CAT-34,8.0,1.0
2025-10-15,CAT-35,7.0,1.0
2025-10-15,CAT-36,4.0,1.0
2025-10-15,CAT-37,5.0,1.0
2025-10-15,CAT-38,5.0,1.0
2025-10-15,CAT-39,5.0,1.0
2025-10-15,CAT-40,6.0,1.0
2025-10-15,CAT-41,6.0,1.0
2025-10-15,CAT-42,5.0,1.0
2025-10-15,CAT-43,4.0,1.0
2025-10-15,CAT-44,6.0,1.0
2025-10-15,CAT-45,6.0,1.0
2025-10-15,CAT-46,5.0,1.0
2025-10-15,CAT-47,7.0,3.0
2025-10-15,CAT-48,3.0,1.0
2025-10-15,CAT-49,4.0,1.0
2025-10-16,CAT-01,4.0,1.0
2025-10-16,CAT-02,6.0,1.0
2025-10-16,CAT-03,6.0,1.0
2025-10-16,CAT-04,7.0,1.0
2025-10-16,CAT-05,4.0,1.0
2025-10-16,CAT-06,3.0,1.0
2025-10-16,CAT-07,7.0,1.0
2025-10-16,CAT-08,9.0,3.0
2025-10-16,CAT-09,6.0,1.0
2025-10-16,CAT-10,6.0,1.0
2025-10-16,CAT-11,3.0,1.0
2025-10-16,CAT-12,3.0,1.0
2025-10-16,CAT-13,5.0,1.0
2025-10-16,CAT-14,7.0,1.0
2025-10-16,CAT-15,4.0,1.0
2025-10-16,CAT-16,6.0,1.0
2025-10-16,CAT-17,5.0,1.0
2025-10-16,CAT-18,4.0,1.0
2025-10-16,CAT-19,5.0,1.0
2025-10-16,CAT-20,7.0,1.0
2025-10-16,CAT-21,4.0,1.0
2025-10-16,CAT-22,7.0,1.0
2025-10-16,CAT-23,7.0,1.0
2025-10-16,CAT-24,4.0,1.0
2025-10-16,CAT-25,8.0,1.0
2025-10-16,CAT-26,6.0,1.0
2025-10-16,CAT-27,6.0,1.0
2025-10-16,CAT-28,5.0,1.0
2025-10-16,CAT-29,8.0,3.0
2025-10-16,CAT-30,8.0,1.0
2025-10-16,CAT-31,4.0,1.0
2025-10-16,CAT-32,4.0,1.0
2025-10-16,CAT-33,5.0,1.0
2025-10-16,CAT-34,8.0,1.0
2025-10-16,CAT-35,7.0,1.0
2025-10-16,CAT-36,4.0,1.0
2025-10-16,CAT-37,5.0,1.0
2025-10-16,CAT-38,5.0,1.0
2025-10-16,CAT-39,5.0,1.0
2025-10-16,CAT-40,6.0,1.0
2025-10-16,CAT-41,6.0,1.0
2025-10-16,CAT-42,5.0,1.0
2025-10-16,CAT-43,4.0,1.0
2025-10-16,CAT-44,6.0,1.0
2025-10-16,CAT-45,6.0,1.0
2025-10-16,CAT-46,5.0,1.0
2025-10-16,CAT-47,7.0,3.0
2025-10-16,CAT-48,3.0,1.0
2025-10-16,CAT-49,4.0,1.0
2025-10-17,CAT-01,4.0,1.0
2025-10-17,CAT-02,6.0,1.0
2025-10-17,CAT-03,6.0,1.0
2025-10-17,CAT-04,7.0,1.0
2025-10-17,CAT-05,4.0,1.0
2025-10-17,CAT-06,3.0,1.0
2025-10-17,CAT-07,7.0,1.0
2025-10-17,CAT-08,9.0,3.0
2025-10-17,CAT-09,6.0,1.0
2025-10-17,CAT-10,6.0,1.0
2025-10-17,CAT-11,3.0,1.0
2025-10-17,CAT-12,3.0,1.0
2025-10-17,CAT-13,5.0,1.0
2025-10-17,CAT-14,7.0,1.0
2025-10-17,CAT-15,4.0,1.0
2025-10-17,CAT-16,6.0,1.0
2025-10-17,CAT-17,5.0,1.0
2025-10-17,CAT-18,4.0,1.0
2025-10-17,CAT-19,5.0,1.0
2025-10-17,CAT-20,7.0,1.0
2025-10-17,CAT-21,4.0,1.0
2025-10-17,CAT-22,7.0,1.0
2025-10-17,CAT-23,7.0,1.0
2025-10-17,CAT-24,4.0,1.0
2025-10-17,CAT-25,8.0,1.0
2025-10-17,CAT-26,6.0,1.0
2025-10-17,CAT-27,6.0,1.0
2025-10-17,CAT-28,5.0,1.0
2025-10-17,CAT-29,8.0,3.0
2025-10-17,CAT-30,8.0,1.0
2025-10-17,CAT-31,4.0,1.0
2025-10-17,CAT-32,4.0,1.0
2025-10-17,CAT-33,5.0,1.0
2025-10-17,CAT-34,8.0,1.0
2025-10-17,CAT-35,7.0,1.0
2025-10-17,CAT-36,4.0,1.0
2025-10-17,CAT-37,5.0,1.0
2025-10-17,CAT-38,5.0,1.0
2025-10-17,CAT-39,5.0,1.0
2025-10-17,CAT-40,6.0,1.0
2025-10-17,CAT-41,6.0,1.0
2025-10-17,CAT-42,5.0,1.0
2025-10-17,CAT-43,4.0,1.0
2025-10-17,CAT-44,6.0,1.0
2025-10-17,CAT-45,6.0,1.0
2025-10-17,CAT-46,5.0,1.0
2025-10-17,CAT-47,7.0,3.0
2025-10-17,CAT-48,3.0,1.0
2025-10-17,CAT-49,4.0,1.0
2025-10-18,CAT-01,4.0,1.0
2025-10-18,CAT-02,6.0,1.0
2025-10-18,CAT-03,6.0,1.0
2025-10-18,CAT-04,7.0,1.0
2025-10-18,CAT-05,4.0,1.0
2025-10-18,CAT-06,3.0,1.0
2025-10-18,CAT-07,7.0,1.0
2025-10-18,CAT-08,12.0,8.0
2025-10-18,CAT-09,6.0,1.0
2025-10-18,CAT-10,6.0,1.0
2025-10-18,CAT-11,3.0,1.0
2025-10-18,CAT-12,3.0,1.0
2025-10-18,CAT-13,5.0,1.0
2025-10-18,CAT-14,7.0,1.0
2025-10-18,CAT-15,4.0,1.0
2025-10-18,CAT-16,6.0,1.0
2025-10-18,CAT-17,5.0,1.0
2025-10-18,CAT-18,4.0,1.0
2025-10-18,CAT-19,5.0,1.0
2025-10-18,CAT-20,7.0,1.0
2025-10-18,CAT-21,4.0,1.0
2025-10-18,CAT-22,7.0,1.0
2025-10-18,CAT-23,7.0,1.0
2025-10-18,CAT-24,4.0,1.0
2025-10-18,CAT-25,8.0,1.0
2025-10-18,CAT-26,6.0,1.0
2025-10-18,CAT-27,6.0,1.0
2025-10-18,CAT-28,5.0,1.0
2025-10-18,CAT-29,11.0,8.0
2025-10-18,CAT-30,8.0,1.0
2025-10-18,CAT-31,4.0,1.0
2025-10-18,CAT-32,4.0,1.0
2025-10-18,CAT-33,5.0,1.0
2025-10-18,CAT-34,8.0,1.0
2025-10-18,CAT-35,7.0,1.0
2025-10-18,CAT-36,4.0,1.0
2025-10-18,CAT-37,5.0,1.0
2025-10-18,CAT-38,5.0,1.0
2025-10-18,CAT-39,5.0,1.0
2025-10-18,CAT-40,6.0,1.0
2025-10-18,CAT-41,6.0,1.0
2025-10-18,CAT-42,5.0,1.0
2025-10-18,CAT-43,4.0,1.0
2025-10-18,CAT-44,6.0,1.0
2025-10-18,CAT-45,6.0,1.0
2025-10-18,CAT-46,5.0,1.0
2025-10-18,CAT-47,11.0,8.0
2025-10-18,CAT-48,3.0,1.0
2025-10-18,CAT-49,4.0,1.0
2025-10-19,CAT-01,4.0,1.0
2025-10-19,CAT-02,6.0,1.0
2025-10-19,CAT-03,6.0,1.0
2025-10-19,CAT-04,7.0,1.0
2025-10-19,CAT-05,4.0,1.0
2025-10-19,CAT-06,3.0,1.0
2025-10-19,CAT-07,7.0,1.0
2025-10-19,CAT-08,9.0,3.0
2025-10-19,CAT-09,6.0,1.0
2025-10-19,CAT-10,6.0,1.0
2025-10-19,CAT-11,3.0,1.0
2025-10-19,CAT-12,3.0,1.0
2025-10-19,CAT-13,5.0,1.0
2025-10-19,CAT-14,7.0,1.0
2025-10-19,CAT-15,4.0,1.0
2025-10-19,CAT-16,6.0,1.0
2025-10-19,CAT-17,5.0,1.0
2025-10-19,CAT-18,4.0,1.0
2025-10-19,CAT-19,5.0,1.0
2025-10-19,CAT-20,7.0,1.0
2025-10-19,CAT-21,4.0,1.0
2025-10-19,CAT-22,7.0,1.0
2025-10-19,CAT-23,7.0,1.0
2025-10-19,CAT-24,4.0,1.0
2025-10-19,CAT-25,8.0,1.0
2025-10-19,CAT-26,6.0,1.0
2025-10-19,CAT-27,6.0,1.0
2025-10-19,CAT-28,5.0,1.0
2025-10-19,CAT-29,8.0,3.0
2025-10-19,CAT-30,8.0,1.0
2025-10-19,CAT-31,4.0,1.0
2025-10-19,CAT-32,4.0,1.0
2025-10-19,CAT-33,5.0,1.0
2025-10-19,CAT-34,8.0,1.0
2025-10-19,CAT-35,7.0,1.0
2025-10-19,CAT-36,4.0,1.0
2025-10-19,CAT-37,5.0,1.0
2025-10-19,CAT-38,5.0,1.0
2025-10-19,CAT-39,5.0,1.0
2025-10-19,CAT-40,6.0,1.0
2025-10-19,CAT-41,6.0,1.0
2025-10-19,CAT-42,5.0,1.0
2025-10-19,CAT-43,4.0,1.0
2025-10-19,CAT-44,6.0,1.0
2025-10-19,CAT-45,6.0,1.0
2025-10-19,CAT-46,5.0,1.0
2025-10-19,CAT-47,7.0,3.0
2025-10-19,CAT-48,3.0,1.0
2025-10-19,CAT-49,4.0,1.0
2025-10-20,CAT-01,4.0,1.0
2025-10-20,CAT-02,6.0,1.0
2025-10-20,CAT-03,6.0,1.0
2025-10-20,CAT-04,7.0,1.0
2025-10-20,CAT-05,4.0,1.0
2025-10-20,CAT-06,3.0,1.0
2025-10-20,CAT-07,7.0,1.0
2025-10-20,CAT-08,9.0,3.0
2025-10-20,CAT-09,6.0,1.0
2025-10-20,CAT-10,6.0,1.0
2025-10-20,CAT-11,3.0,1.0
2025-10-20,CAT-12,3.0,1.0
2025-10-20,CAT-13,5.0,1.0
2025-10-20,CAT-14,7.0,1.0
2025-10-20,CAT-15,4.0,1.0
2025-10-20,CAT-16,6.0,1.0
2025-10-20,CAT-17,5.0,1.0
2025-10-20,CAT-18,4.0,1.0
2025-10-20,CAT-19,5.0,1.0
2025-10-20,CAT-20,7.0,1.0
2025-10-20,CAT-21,4.0,1.0
2025-10-20,CAT-22,7.0,1.0
2025-10-20,CAT-23,7.0,1.0
2025-10-20,CAT-24,4.0,1.0
2025-10-20,CAT-25,8.0,1.0
2025-10-20,CAT-26,6.0,1.0
2025-10-20,CAT-27,6.0,1.0
2025-10-20,CAT-28,5.0,1.0
2025-10-20,CAT-29,8.0,3.0
2025-10-20,CAT-30,8.0,1.0
2025-10-20,CAT-31,4.0,1.0
2025-10-20,CAT-32,4.0,1.0
2025-10-20,CAT-33,5.0,1.0
2025-10-20,CAT-34,8.0,1.0
2025-10-20,CAT-35,7.0,1.0
2025-10-20,CAT-36,4.0,1.0
2025-10-20,CAT-37,5.0,1.0
2025-10-20,CAT-38,5.0,1.0
2025-10-20,CAT-39,5.0,1.0
2025-10-20,CAT-40,6.0,1.0
2025-10-20,CAT-41,6.0,1.0
2025-10-20,CAT-42,5.0,1.0
2025-10-20,CAT-43,4.0,1.0
2025-10-20,CAT-44,6.0,1.0
2025-10-20,CAT-45,6.0,1.0
2025-10-20,CAT-46,5.0,1.0
2025-10-20,CAT-47,7.0,3.0
2025-10-20,CAT-48,3.0,1.0
2025-10-20,CAT-49,4.0,1.0
2025-10-21,CAT-01,4.0,1.0
2025-10-21,CAT-02,6.0,1.0
2025-10-21,CAT-03,6.0,1.0
2025-10-21,CAT-04,7.0,1.0
2025-10-21,CAT-05,4.0,1.0
2025-10-21,CAT-06,3.0,1.0
2025-10-21,CAT-07,7.0,1.0
2025-10-21,CAT-08,9.0,3.0
2025-10-21,CAT-09,6.0,1.0
2025-10-21,CAT-10,6.0,1.0
2025-10-21,CAT-11,3.0,1.0
2025-10-21,CAT-12,3.0,1.0
2025-10-21,CAT-13,5.0,1.0
2025-10-21,CAT-14,7.0,1.0
2025-10-21,CAT-15,4.0,1.0
2025-10-21,CAT-16,6.0,1.0
2025-10-21,CAT-17,5.0,1.0
2025-10-21,CAT-18,4.0,1.0
2025-10-21,CAT-19,5.0,1.0
2025-10-21,CAT-20,7.0,1.0
2025-10-21,CAT-21,4.0,1.0
2025-10-21,CAT-22,7.0,1.0
2025-10-21,CAT-23,7.0,1.0
2025-10-21,CAT-24,4.0,1.0
2025-10-21,CAT-25,8.0,1.0
2025-10-21,CAT-26,6.0,1.0
2025-10-21,CAT-27,6.0,1.0
2025-10-21,CAT-28,5.0,1.0
2025-10-21,CAT-29,8.0,3.0
2025-10-21,CAT-30,8.0,1.0
2025-10-21,CAT-31,4.0,1.0
2025-10-21,CAT-32,4.0,1.0
2025-10-21,CAT-33,5.0,1.0
2025-10-21,CAT-34,8.0,1.0
2025-10-21,CAT-35,7.0,1.0
2025-10-21,CAT-36,4.0,1.0
2025-10-21,CAT-37,5.0,1.0
2025-10-21,CAT-38,5.0,1.0
2025-10-21,CAT-39,5.0,1.0
2025-10-21,CAT-40,6.0,1.0
2025-10-21,CAT-41,6.0,1.0
2025-10-21,CAT-42,5.0,1.0
2025-10-21,CAT-43,4.0,1.0
2025-10-21,CAT-44,6.0,1.0
2025-10-21,CAT-45,6.0,1.0
2025-10-21,CAT-46,5.0,1.0
2025-10-21,CAT-47,7.0,3.0
2025-10-21,CAT-48,3.0,1.0
2025-10-21,CAT-49,4.0,1.0
2025-10-22,CAT-01,4.0,1.0
2025-10-22,CAT-02,6.0,1.0
2025-10-22,CAT-03,6.0,1.0
2025-10-22,CAT-04,7.0,1.0
2025-10-22,CAT-05,4.0,1.0
2025-10-22,CAT-06,3.0,1.0
2025-10-22,CAT-07,7.0,1.0
2025-10-22,CAT-08,9.0,3.0
2025-10-22,CAT-09,6.0,1.0
2025-10-22,CAT-10,6.0,1.0
2025-10-22,CAT-11,3.0,1.0
2025-10-22,CAT-12,3.0,1.0
2025-10-22,CAT-13,5.0,1.0
2025-10-22,CAT-14,7.0,1.0
2025-10-22,CAT-15,4.0,1.0
2025-10-22,CAT-16,6.0,1.0
2025-10-22,CAT-17,5.0,1.0
2025-10-22,CAT-18,4.0,1.0
2025-10-22,CAT-19,5.0,1.0
2025-10-22,CAT-20,7.0,1.0
2025-10-22,CAT-21,4.0,1.0
2025-10-22,CAT-22,7.0,1.0
2025-10-22,CAT-23,7.0,1.0
2025-10-22,CAT-24,4.0,1.0
2025-10-22,CAT-25,8.0,1.0
2025-10-22,CAT-26,6.0,1.0
2025-10-22,CAT-27,6.0,1.0
2025-10-22,CAT-28,5.0,1.0
2025-10-22,CAT-29,8.0,3.0
2025-10-22,CAT-30,8.0,1.0
2025-10-22,CAT-31,4.0,1.0
2025-10-22,CAT-32,4.0,1.0
2025-10-22,CAT-33,5.0,1.0
2025-10-22,CAT-34,8.0,1.0
2025-10-22,CAT-35,7.0,1.0
2025-10-22,CAT-36,4.0,1.0
2025-10-22,CAT-37,5.0,1.0
2025-10-22,CAT-38,5.0,1.0
2025-10-22,CAT-39,5.0,1.0
2025-10-22,CAT-40,6.0,1.0
2025-10-22,CAT-41,6.0,1.0
2025-10-22,CAT-42,5.0,1.0
2025-10-22,CAT-43,4.0,1.0
2025-10-22,CAT-44,6.0,1.0
2025-10-22,CAT-45,6.0,1.0
2025-10-22,CAT-46,5.0,1.0
2025-10-22,CAT-47,7.0,3.0
2025-10-22,CAT-48,3.0,1.0
2025-10-22,CAT-49,4.0,1.0
2025-10-23,CAT-01,4.0,1.0
2025-10-23,CAT-02,6.0,1.0
2025-10-23,CAT-03,6.0,1.0
2025-10-23,CAT-04,7.0,1.0
2025-10-23,CAT-05,4.0,1.0
2025-10-23,CAT-06,3.0,1.0
2025-10-23,CAT-07,7.0,1.0
2025-10-23,CAT-08,9.0,3.0
2025-10-23,CAT-09,6.0,1.0
2025-10-23,CAT-10,6.0,1.0
2025-10-23,CAT-11,3.0,1.0
2025-10-23,CAT-12,3.0,1.0
2025-10-23,CAT-13,5.0,1.0
2025-10-23,CAT-14,7.0,1.0
2025-10-23,CAT-15,4.0,1.0
2025-10-23,CAT-16,6.0,1.0
2025-10-23,CAT-17,5.0,1.0
2025-10-23,CAT-18,4.0,1.0
2025-10-23,CAT-19,5.0,1.0
2025-10-23,CAT-20,7.0,1.0
2025-10-23,CAT-21,4.0,1.0
2025-10-23,CAT-22,7.0,1.0
2025-10-23,CAT-23,7.0,1.0
2025-10-23,CAT-24,4.0,1.0
2025-10-23,CAT-25,8.0,1.0
2025-10-23,CAT-26,6.0,1.0
2025-10-23,CAT-27,6.0,1.0
2025-10-23,CAT-28,5.0,1.0
2025-10-23,CAT-29,8.0,3.0
2025-10-23,CAT-30,8.0,1.0
2025-10-23,CAT-31,4.0,1.0
2025-10-23,CAT-32,4.0,1.0
2025-10-23,CAT-33,5.0,1.0
2025-10-23,CAT-34,8.0,1.0
2025-10-23,CAT-35,7.0,1.0
2025-10-23,CAT-36,4.0,1.0
2025-10-23,CAT-37,5.0,1.0
2025-10-23,CAT-38,5.0,1.0
2025-10-23,CAT-39,5.0,1.0
2025-10-23,CAT-40,6.0,1.0
2025-10-23,CAT-41,6.0,1.0
2025-10-23,CAT-42,5.0,1.0
2025-10-23,CAT-43,4.0,1.0
2025-10-23,CAT-44,6.0,1.0
2025-10-23,CAT-45,6.0,1.0
2025-10-23,CAT-46,5.0,1.0
2025-10-23,CAT-47,7.0,3.0
2025-10-23,CAT-48,3.0,1.0
2025-10-23,CAT-49,4.0,1.0
2025-10-24,CAT-01,4.0,1.0
2025-10-24,CAT-02,6.0,1.0
2025-10-24,CAT-03,6.0,1.0
2025-10-24,CAT-04,7.0,1.0
2025-10-24,CAT-05,4.0,1.0
2025-10-24,CAT-06,3.0,1.0
2025-10-24,CAT-07,7.0,1.0
2025-10-24,CAT-08,9.0,3.0
2025-10-24,CAT-09,6.0,1.0
2025-10-24,CAT-10,6.0,1.0
2025-10-24,CAT-11,3.0,1.0
2025-10-24,CAT-12,3.0,1.0
2025-10-24,CAT-13,5.0,1.0
2025-10-24,CAT-14,7.0,1.0
2025-10-24,CAT-15,4.0,1.0
2025-10-24,CAT-16,6.0,1.0
2025-10-24,CAT-17,5.0,1.0
2025-10-24,CAT-18,4.0,1.0
2025-10-24,CAT-19,5.0,1.0
2025-10-24,CAT-20,7.0,1.0
2025-10-24,CAT-21,4.0,1.0
2025-10-24,CAT-22,7.0,1.0
2025-10-24,CAT-23,7.0,1.0
2025-10-24,CAT-24,4.0,1.0
2025-10-24,CAT-25,8.0,1.0
2025-10-24,CAT-26,6.0,1.0
2025-10-24,CAT-27,6.0,1.0
2025-10-24,CAT-28,5.0,1.0
2025-10-24,CAT-29,8.0,3.0
2025-10-24,CAT-30,8.0,1.0
2025-10-24,CAT-31,4.0,1.0
2025-10-24,CAT-32,4.0,1.0
2025-10-24,CAT-33,5.0,1.0
2025-10-24,CAT-34,8.0,1.0
2025-10-24,CAT-35,7.0,1.0
2025-10-24,CAT-36,4.0,1.0
2025-10-24,CAT-37,5.0,1.0
2025-10-24,CAT-38,5.0,1.0
2025-10-24,CAT-39,5.0,1.0
2025-10-24,CAT-40,6.0,1.0
2025-10-24,CAT-41,6.0,1.0
2025-10-24,CAT-42,5.0,1.0
2025-10-24,CAT-43,4.0,1.0
2025-10-24,CAT-44,6.0,1.0
2025-10-24,CAT-45,6.0,1.0
2025-10-24,CAT-46,5.0,1.0
2025-10-24,CAT-47,7.0,3.0
2025-10-24,CAT-48,3.0,1.0
2025-10-24,CAT-49,4.0,1.0
2025-10-25,CAT-01,4.0,1.0
2025-10-25,CAT-02,6.0,1.0
2025-10-25,CAT-03,6.0,1.0
2025-10-25,CAT-04,7.0,1.0
2025-10-25,CAT-05,4.0,1.0
2025-10-25,CAT-06,3.0,1.0
2025-10-25,CAT-07,7.0,1.0
2025-10-25,CAT-08,9.0,3.0
2025-10-25,CAT-09,6.0,1.0
2025-10-25,CAT-10,6.0,1.0
2025-10-25,CAT-11,3.0,1.0
2025-10-25,CAT-12,3.0,1.0
2025-10-25,CAT-13,5.0,1.0
2025-10-25,CAT-14,7.0,1.0
2025-10-25,CAT-15,4.0,1.0
2025-10-25,CAT-16,6.0,1.0
2025-10-25,CAT-17,5.0,1.0
2025-10-25,CAT-18,4.0,1.0
2025-10-25,CAT-19,5.0,1.0
2025-10-25,CAT-20,7.0,1.0
2025-10-25,CAT-21,4.0,1.0
2025-10-25,CAT-22,7.0,1.0
2025-10-25,CAT-23,7.0,1.0
2025-10-25,CAT-24,4.0,1.0
2025-10-25,CAT-25,8.0,1.0
2025-10-25,CAT-26,6.0,1.0
2025-10-25,CAT-27,6.0,1.0
2025-10-25,CAT-28,5.0,1.0
2025-10-25,CAT-29,8.0,3.0
2025-10-25,CAT-30,8.0,1.0
2025-10-25,CAT-31,4.0,1.0
2025-10-25,CAT-32,4.0,1.0
2025-10-25,CAT-33,5.0,1.0
2025-10-25,CAT-34,8.0,1.0
2025-10-25,CAT-35,7.0,1.0
2025-10-25,CAT-36,4.0,1.0
2025-10-25,CAT-37,5.0,1.0
2025-10-25,CAT-38,5.0,1.0
2025-10-25,CAT-39,5.0,1.0
2025-10-25,CAT-40,6.0,1.0
2025-10-25,CAT-41,6.0,1.0
2025-10-25,CAT-42,5.0,1.0
2025-10-25,CAT-43,4.0,1.0
2025-10-25,CAT-44,6.0,1.0
2025-10-25,CAT-45,6.0,1.0
2025-10-25,CAT-46,5.0,1.0
2025-10-25,CAT-47,7.0,3.0
2025-10-25,CAT-48,3.0,1.0
2025-10-25,CAT-49,4.0,1.0
2025-10-26,CAT-01,4.0,1.0
2025-10-26,CAT-02,6.0,1.0
2025-10-26,CAT-03,6.0,1.0
2025-10-26,CAT-04,7.0,1.0
2025-10-26,CAT-05,4.0,1.0
2025-10-26,CAT-06,3.0,1.0
2025-10-26,CAT-07,7.0,1.0
2025-10-26,CAT-08,9.0,3.0
2025-10-26,CAT-09,6.0,1.0
2025-10-26,CAT-10,6.0,1.0
2025-10-26,CAT-11,3.0,1.0
2025-10-26,CAT-12,3.0,1.0
2025-10-26,CAT-13,5.0,1.0
2025-10-26,CAT-14,7.0,1.0
2025-10-26,CAT-15,4.0,1.0
2025-10-26,CAT-16,6.0,1.0
2025-10-26,CAT-17,5.0,1.0
2025-10-26,CAT-18,4.0,1.0
2025-10-26,CAT-19,5.0,1.0
2025-10-26,CAT-20,7.0,1.0
2025-10-26,CAT-21,4.0,1.0
2025-10-26,CAT-22,7.0,1.0
2025-10-26,CAT-23,7.0,1.0
2025-10-26,CAT-24,4.0,1.0
2025-10-26,CAT-25,8.0,1.0
2025-10-26,CAT-26,6.0,1.0
2025-10-26,CAT-27,6.0,1.0
2025-10-26,CAT-28,5.0,1.0
2025-10-26,CAT-29,8.0,3.0
2025-10-26,CAT-30,8.0,1.0
2025-10-26,CAT-31,4.0,1.0
2025-10-26,CAT-32,4.0,1.0
2025-10-26,CAT-33,5.0,1.0
2025-10-26,CAT-34,8.0,1.0
2025-10-26,CAT-35,7.0,1.0
2025-10-26,CAT-36,4.0,1.0
2025-10-26,CAT-37,5.0,1.0
2025-10-26,CAT-38,5.0,1.0
2025-10-26,CAT-39,5.0,1.0
2025-10-26,CAT-40,6.0,1.0
2025-10-26,CAT-41,6.0,1.0
2025-10-26,CAT-42,5.0,1.0
2025-10-26,CAT-43,4.0,1.0
2025-10-26,CAT-44,6.0,1.0
2025-10-26,CAT-45,6.0,1.0
2025-10-26,CAT-46,5.0,1.0
2025-10-26,CAT-47,7.0,3.0
2025-10-26,CAT-48,3.0,1.0
2025-10-26,CAT-49,4.0,1.0
2025-10-27,CAT-01,4.0,1.0
2025-10-27,CAT-02,6.0,1.0
2025-10-27,CAT-03,6.0,1.0
2025-10-27,CAT-04,7.0,1.0
2025-10-27,CAT-05,4.0,1.0
2025-10-27,CAT-06,3.0,1.0
2025-10-27,CAT-07,7.0,1.0
2025-10-27,CAT-08,9.0,3.0
2025-10-27,CAT-09,6.0,1.0
2025-10-27,CAT-10,6.0,1.0
2025-10-27,CAT-11,3.0,1.0
2025-10-27,CAT-12,3.0,1.0
2025-10-27,CAT-13,5.0,1.0
2025-10-27,CAT-14,7.0,1.0
2025-10-27,CAT-15,4.0,1.0
2025-10-27,CAT-16,6.0,1.0
2025-10-27,CAT-17,5.0,1.0
2025-10-27,CAT-18,4.0,1.0
2025-10-27,CAT-19,5.0,1.0
2025-10-27,CAT-20,7.0,1.0
2025-10-27,CAT-21,4.0,1.0
2025-10-27,CAT-22,7.0,1.0
2025-10-27,CAT-23,7.0,1.0
2025-10-27,CAT-24,4.0,1.0
2025-10-27,CAT-25,8.0,1.0
2025-10-27,CAT-26,6.0,1.0
2025-10-27,CAT-27,6.0,1.0
2025-10-27,CAT-28,5.0,1.0
2025-10-27,CAT-29,8.0,3.0
2025-10-27,CAT-30,8.0,1.0
2025-10-27,CAT-31,4.0,1.0
2025-10-27,CAT-32,4.0,1.0
2025-10-27,CAT-33,5.0,1.0
2025-10-27,CAT-34,8.0,1.0
2025-10-27,CAT-35,7.0,1.0
2025-10-27,CAT-36,4.0,1.0
2025-10-27,CAT-37,5.0,1.0
2025-10-27,CAT-38,5.0,1.0
2025-10-27,CAT-39,5.0,1.0
2025-10-27,CAT-40,6.0,1.0
2025-10-27,CAT-41,6.0,1.0
2025-10-27,CAT-42,5.0,1.0
2025-10-27,CAT-43,4.0,1.0
2025-10-27,CAT-44,6.0,1.0
2025-10-27,CAT-45,6.0,1.0
2025-10-27,CAT-46,5.0,1.0
2025-10-27,CAT-47,7.0,3.0
2025-10-27,CAT-48,3.0,1.0
2025-10-27,CAT-49,4.0,1.0
2025-10-28,CAT-01,4.0,1.0
2025-10-28,CAT-02,6.0,1.0
2025-10-28,CAT-03,6.0,1.0
2025-10-28,CAT-04,7.0,1.0
2025-10-28,CAT-05,4.0,1.0
2025-10-28,CAT-06,3.0,1.0
2025-10-28,CAT-07,7.0,1.0
2025-10-28,CAT-08,9.0,3.0
2025-10-28,CAT-09,6.0,1.0
2025-10-28,CAT-10,6.0,1.0
2025-10-28,CAT-11,3.0,1.0
2025-10-28,CAT-12,3.0,1.0
2025-10-28,CAT-13,5.0,1.0
2025-10-28,CAT-14,7.0,1.0
2025-10-28,CAT-15,4.0,1.0
2025-10-28,CAT-16,6.0,1.0
2025-10-28,CAT-17,5.0,1.0
2025-10-28,CAT-18,4.0,1.0
2025-10-28,CAT-19,5.0,1.0
2025-10-28,CAT-20,7.0,1.0
2025-10-28,CAT-21,4.0,1.0
2025-10-28,CAT-22,7.0,1.0
2025-10-28,CAT-23,7.0,1.0
2025-10-28,CAT-24,4.0,1.0
2025-10-28,CAT-25,8.0,1.0
2025-10-28,CAT-26,6.0,1.0
2025-10-28,CAT-27,6.0,1.0
2025-10-28,CAT-28,5.0,1.0
2025-10-28,CAT-29,8.0,3.0
2025-10-28,CAT-30,8.0,1.0
2025-10-28,CAT-31,4.0,1.0
2025-10-28,CAT-32,4.0,1.0
2025-10-28,CAT-33,5.0,1.0
2025-10-28,CAT-34,8.0,1.0
2025-10-28,CAT-35,7.0,1.0
2025-10-28,CAT-36,4.0,1.0
2025-10-28,CAT-37,5.0,1.0
2025-10-28,CAT-38,5.0,1.0
2025-10-28,CAT-39,5.0,1.0
2025-10-28,CAT-40,6.0,1.0
2025-10-28,CAT-41,6.0,1.0
2025-10-28,CAT-42,5.0,1.0
2025-10-28,CAT-43,4.0,1.0
2025-10-28,CAT-44,6.0,1.0
2025-10-28,CAT-45,6.0,1.0
2025-10-28,CAT-46,5.0,1.0
2025-10-28,CAT-47,7.0,3.0
2025-10-28,CAT-48,3.0,1.0
2025-10-28,CAT-49,4.0,1.0
2025-10-29,CAT-01,4.0,1.0
2025-10-29,CAT-02,6.0,1.0
2025-10-29,CAT-03,6.0,1.0
2025-10-29,CAT-04,7.0,1.0
2025-10-29,CAT-05,4.0,1.0
2025-10-29,CAT-06,3.0,1.0
2025-10-29,CAT-07,7.0,1.0
2025-10-29,CAT-08,12.0,8.0
2025-10-29,CAT-09,6.0,1.0
2025-10-29,CAT-10,6.0,1.0
2025-10-29,CAT-11,3.0,1.0
2025-10-29,CAT-12,3.0,1.0
2025-10-29,CAT-13,5.0,1.0
2025-10-29,CAT-14,7.0,1.0
2025-10-29,CAT-15,4.0,1.0
2025-10-29,CAT-16,6.0,1.0
2025-10-29,CAT-17,5.0,1.0
2025-10-29,CAT-18,4.0,1.0
2025-10-29,CAT-19,5.0,1.0
2025-10-29,CAT-20,7.0,1.0
2025-10-29,CAT-21,4.0,1.0
2025-10-29,CAT-22,7.0,1.0
2025-10-29,CAT-23,7.0,1.0
2025-10-29,CAT-24,4.0,1.0
2025-10-29,CAT-25,8.0,1.0
2025-10-29,CAT-26,6.0,1.0
2025-10-29,CAT-27,6.0,1.0
2025-10-29,CAT-28,5.0,1.0
2025-10-29,CAT-29,11.0,8.0
2025-10-29,CAT-30,8.0,1.0
2025-10-29,CAT-31,9.0,8.0
2025-10-29,CAT-32,4.0,1.0
2025-10-29,CAT-33,5.0,1.0
2025-10-29,CAT-34,8.0,1.0
2025-10-29,CAT-35,7.0,1.0
2025-10-29,CAT-36,4.0,1.0
2025-10-29,CAT-37,5.0,1.0
2025-10-29,CAT-38,5.0,1.0
2025-10-29,CAT-39,5.0,1.0
2025-10-29,CAT-40,6.0,1.0
2025-10-29,CAT-41,6.0,1.0
2025-10-29,CAT-42,5.0,1.0
2025-10-29,CAT-43,4.0,1.0
2025-10-29,CAT-44,6.0,1.0
2025-10-29,CAT-45,6.0,1.0
2025-10-29,CAT-46,5.0,1.0
2025-10-29,CAT-47,11.0,8.0
2025-10-29,CAT-48,3.0,1.0
2025-10-29,CAT-49,4.0,1.0
2025-10-30,CAT-01,4.0,1.0
2025-10-30,CAT-02,6.0,1.0
2025-10-30,CAT-03,6.0,1.0
2025-10-30,CAT-04,7.0,1.0
2025-10-30,CAT-05,4.0,1.0
2025-10-30,CAT-06,3.0,1.0
2025-10-30,CAT-07,7.0,1.0
2025-10-30,CAT-08,9.0,3.0
2025-10-30,CAT-09,6.0,1.0
2025-10-30,CAT-10,6.0,1.0
2025-10-30,CAT-11,3.0,1.0
2025-10-30,CAT-12,3.0,1.0
2025-10-30,CAT-13,5.0,1.0
2025-10-30,CAT-14,7.0,1.0
2025-10-30,CAT-15,4.0,1.0
2025-10-30,CAT-16,6.0,1.0
2025-10-30,CAT-17,5.0,1.0
2025-10-30,CAT-18,4.0,1.0
2025-10-30,CAT-19,5.0,1.0
2025-10-30,CAT-20,7.0,1.0
2025-10-30,CAT-21,4.0,1.0
2025-10-30,CAT-22,7.0,1.0
2025-10-30,CAT-23,7.0,1.0
2025-10-30,CAT-24,4.0,1.0
2025-10-30,CAT-25,8.0,1.0
2025-10-30,CAT-26,6.0,1.0
2025-10-30,CAT-27,6.0,1.0
2025-10-30,CAT-28,5.0,1.0
2025-10-30,CAT-29,8.0,3.0
2025-10-30,CAT-30,8.0,1.0
2025-10-30,CAT-31,4.0,1.0
2025-10-30,CAT-32,4.0,1.0
2025-10-30,CAT-33,5.0,1.0
2025-10-30,CAT-34,8.0,1.0
2025-10-30,CAT-35,7.0,1.0
2025-10-30,CAT-36,4.0,1.0
2025-10-30,CAT-37,5.0,1.0
2025-10-30,CAT-38,5.0,1.0
2025-10-30,CAT-39,5.0,1.0
2025-10-30,CAT-40,6.0,1.0
2025-10-30,CAT-41,6.0,1.0
2025-10-30,CAT-42,5.0,1.0
2025-10-30,CAT-43,4.0,1.0
2025-10-30,CAT-44,6.0,1.0
2025-10-30,CAT-45,6.0,1.0
2025-10-30,CAT-46,5.0,1.0
2025-10-30,CAT-47,7.0,3.0
2025-10-30,CAT-48,3.0,1.0
2025-10-30,CAT-49,4.0,1.0
2025-10-31,CAT-01,4.0,1.0
2025-10-31,CAT-02,6.0,1.0
2025-10-31,CAT-03,6.0,1.0
2025-10-31,CAT-04,7.0,1.0
2025-10-31,CAT-05,4.0,1.0
2025-10-31,CAT-06,3.0,1.0
2025-10-31,CAT-07,7.0,1.0
2025-10-31,CAT-08,9.0,3.0
2025-10-31,CAT-09,6.0,1.0
2025-10-31,CAT-10,6.0,1.0
2025-10-31,CAT-11,3.0,1.0
2025-10-31,CAT-12,3.0,1.0
2025-10-31,CAT-13,5.0,1.0
2025-10-31,CAT-14,7.0,1.0
2025-10-31,CAT-15,4.0,1.0
2025-10-31,CAT-16,6.0,1.0
2025-10-31,CAT-17,5.0,1.0
2025-10-31,CAT-18,4.0,1.0
2025-10-31,CAT-19,5.0,1.0
2025-10-31,CAT-20,7.0,1.0
2025-10-31,CAT-21,4.0,1.0
2025-10-31,CAT-22,7.0,1.0
2025-10-31,CAT-23,7.0,1.0
2025-10-31,CAT-24,4.0,1.0
2025-10-31,CAT-25,8.0,1.0
2025-10-31,CAT-26,6.0,1.0
2025-10-31,CAT-27,6.0,1.0
2025-10-31,CAT-28,5.0,1.0
2025-10-31,CAT-29,8.0,3.0
2025-10-31,CAT-30,8.0,1.0
2025-10-31,CAT-31,4.0,1.0
2025-10-31,CAT-32,4.0,1.0
2025-10-31,CAT-33,5.0,1.0
2025-10-31,CAT-34,8.0,1.0
2025-10-31,CAT-35,7.0,1.0
2025-10-31,CAT-36,4.0,1.0
2025-10-31,CAT-37,5.0,1.0
2025-10-31,CAT-38,5.0,1.0
2025-10-31,CAT-39,5.0,1.0
2025-10-31,CAT-40,6.0,1.0
2025-10-31,CAT-41,6.0,1.0
2025-10-31,CAT-42,5.0,1.0
2025-10-31,CAT-43,4.0,1.0
2025-10-31,CAT-44,6.0,1.0
2025-10-31,CAT-45,6.0,1.0
2025-10-31,CAT-46,5.0,1.0
2025-10-31,CAT-47,7.0,3.0
2025-10-31,CAT-48,3.0,1.0
2025-10-31,CAT-49,4.0,1.0
2025-11-01,CAT-01,4.0,1.0
2025-11-01,CAT-02,6.0,1.0
2025-11-01,CAT-03,6.0,1.0
2025-11-01,CAT-04,7.0,1.0
2025-11-01,CAT-05,4.0,1.0
2025-11-01,CAT-06,3.0,1.0
2025-11-01,CAT-07,7.0,1.0
2025-11-01,CAT-08,9.0,3.0
2025-11-01,CAT-09,7.0,3.0
2025-11-01,CAT-10,6.0,1.0
2025-11-01,CAT-11,3.0,1.0
2025-11-01,CAT-12,3.0,1.0
2025-11-01,CAT-13,5.0,1.0
2025-11-01,CAT-14,7.0,1.0
2025-11-01,CAT-15,4.0,1.0
2025-11-01,CAT-16,7.0,3.0
2025-11-01,CAT-17,5.0,1.0
2025-11-01,CAT-18,5.0,3.0
2025-11-01,CAT-19,5.0,1.0
2025-11-01,CAT-20,8.0,3.0
2025-11-01,CAT-21,4.0,1.0
2025-11-01,CAT-22,9.0,3.0
2025-11-01,CAT-23,7.0,1.0
2025-11-01,CAT-24,4.0,1.0
2025-11-01,CAT-25,8.0,1.0
2025-11-01,CAT-26,6.0,1.0
2025-11-01,CAT-27,6.0,1.0
2025-11-01,CAT-28,5.0,1.0
2025-11-01,CAT-29,7.0,1.0
2025-11-01,CAT-30,8.0,1.0
2025-11-01,CAT-31,4.0,1.0
2025-11-01,CAT-32,4.0,1.0
2025-11-01,CAT-33,5.0,1.0
2025-11-01,CAT-34,8.0,1.0
2025-11-01,CAT-35,7.0,1.0
2025-11-01,CAT-36,4.0,1.0
2025-11-01,CAT-37,5.0,1.0
2025-11-01,CAT-38,5.0,1.0
2025-11-01,CAT-39,5.0,1.0
2025-11-01,CAT-40,6.0,1.0
2025-11-01,CAT-41,6.0,1.0
2025-11-01,CAT-42,5.0,1.0
2025-11-01,CAT-43,4.0,1.0
2025-11-01,CAT-44,6.0,1.0
2025-11-01,CAT-45,6.0,1.0
2025-11-01,CAT-46,5.0,1.0
2025-11-01,CAT-47,6.0,1.0
2025-11-01,CAT-48,3.0,1.0
2025-11-01,CAT-49,4.0,1.0
2025-11-02,CAT-01,4.0,1.0
2025-11-02,CAT-02,6.0,1.0
2025-11-02,CAT-03,6.0,1.0
2025-11-02,CAT-04,7.0,1.0
2025-11-02,CAT-05,4.0,1.0
2025-11-02,CAT-06,3.0,1.0
2025-11-02,CAT-07,7.0,1.0
2025-11-02,CAT-08,9.0,3.0
2025-11-02,CAT-09,7.0,3.0
2025-11-02,CAT-10,6.0,1.0
2025-11-02,CAT-11,3.0,1.0
2025-11-02,CAT-12,3.0,1.0
2025-11-02,CAT-13,5.0,1.0
2025-11-02,CAT-14,7.0,1.0
2025-11-02,CAT-15,4.0,1.0
2025-11-02,CAT-16,7.0,3.0
2025-11-02,CAT-17,5.0,1.0
2025-11-02,CAT-18,5.0,3.0
2025-11-02,CAT-19,5.0,1.0
2025-11-02,CAT-20,8.0,3.0
2025-11-02,CAT-21,4.0,1.0
2025-11-02,CAT-22,9.0,3.0
2025-11-02,CAT-23,7.0,1.0
2025-11-02,CAT-24,4.0,1.0
2025-11-02,CAT-25,8.0,1.0
2025-11-02,CAT-26,6.0,1.0
2025-11-02,CAT-27,6.0,1.0
2025-11-02,CAT-28,5.0,1.0
2025-11-02,CAT-29,7.0,1.0
2025-11-02,CAT-30,8.0,1.0
2025-11-02,CAT-31,4.0,1.0
2025-11-02,CAT-32,4.0,1.0
2025-11-02,CAT-33,5.0,1.0
2025-11-02,CAT-34,8.0,1.0
2025-11-02,CAT-35,7.0,1.0
2025-11-02,CAT-36,4.0,1.0
2025-11-02,CAT-37,5.0,1.0
2025-11-02,CAT-38,5.0,1.0
2025-11-02,CAT-39,5.0,1.0
2025-11-02,CAT-40,6.0,1.0
2025-11-02,CAT-41,6.0,1.0
2025-11-02,CAT-42,5.0,1.0
2025-11-02,CAT-43,4.0,1.0
2025-11-02,CAT-44,6.0,1.0
2025-11-02,CAT-45,6.0,1.0
2025-11-02,CAT-46,5.0,1.0
2025-11-02,CAT-47,6.0,1.0
2025-11-02,CAT-48,3.0,1.0
2025-11-02,CAT-49,4.0,1.0
2025-11-03,CAT-01,4.0,1.0
2025-11-03,CAT-02,6.0,1.0
2025-11-03,CAT-03,6.0,1.0
2025-11-03,CAT-04,7.0,1.0
2025-11-03,CAT-05,4.0,1.0
2025-11-03,CAT-06,3.0,1.0
2025-11-03,CAT-07,7.0,1.0
2025-11-03,CAT-08,9.0,3.0
2025-11-03,CAT-09,7.0,3.0
2025-11-03,CAT-10,6.0,1.0
2025-11-03,CAT-11,3.0,1.0
2025-11-03,CAT-12,3.0,1.0
2025-11-03,CAT-13,5.0,1.0
2025-11-03,CAT-14,7.0,1.0
2025-11-03,CAT-15,4.0,1.0
2025-11-03,CAT-16,7.0,3.0
2025-11-03,CAT-17,5.0,1.0
2025-11-03,CAT-18,5.0,3.0
2025-11-03,CAT-19,5.0,1.0
2025-11-03,CAT-20,8.0,3.0
2025-11-03,CAT-21,4.0,1.0
2025-11-03,CAT-22,9.0,3.0
2025-11-03,CAT-23,7.0,1.0
2025-11-03,CAT-24,4.0,1.0
2025-11-03,CAT-25,8.0,1.0
2025-11-03,CAT-26,6.0,1.0
2025-11-03,CAT-27,6.0,1.0
2025-11-03,CAT-28,5.0,1.0
2025-11-03,CAT-29,7.0,1.0
2025-11-03,CAT-30,8.0,1.0
2025-11-03,CAT-31,4.0,1.0
2025-11-03,CAT-32,4.0,1.0
2025-11-03,CAT-33,5.0,1.0
2025-11-03,CAT-34,8.0,1.0
2025-11-03,CAT-35,7.0,1.0
2025-11-03,CAT-36,4.0,1.0
2025-11-03,CAT-37,5.0,1.0
2025-11-03,CAT-38,5.0,1.0
2025-11-03,CAT-39,5.0,1.0
2025-11-03,CAT-40,6.0,1.0
2025-11-03,CAT-41,6.0,1.0
2025-11-03,CAT-42,5.0,1.0
2025-11-03,CAT-43,4.0,1.0
2025-11-03,CAT-44,6.0,1.0
2025-11-03,CAT-45,6.0,1.0
2025-11-03,CAT-46,5.0,1.0
2025-11-03,CAT-47,6.0,1.0
2025-11-03,CAT-48,3.0,1.0
2025-11-03,CAT-49,4.0,1.0
2025-11-04,CAT-01,4.0,1.0
2025-11-04,CAT-02,6.0,1.0
2025-11-04,CAT-03,6.0,1.0
2025-11-04,CAT-04,7.0,1.0
2025-11-04,CAT-05,4.0,1.0
2025-11-04,CAT-06,3.0,1.0
2025-11-04,CAT-07,7.0,1.0
2025-11-04,CAT-08,9.0,3.0
2025-11-04,CAT-09,7.0,3.0
2025-11-04,CAT-10,6.0,1.0
2025-11-04,CAT-11,3.0,1.0
2025-11-04,CAT-12,3.0,1.0
2025-11-04,CAT-13,5.0,1.0
2025-11-04,CAT-14,7.0,1.0
2025-11-04,CAT-15,4.0,1.0
2025-11-04,CAT-16,7.0,3.0
2025-11-04,CAT-17,5.0,1.0
2025-11-04,CAT-18,5.0,3.0
2025-11-04,CAT-19,5.0,1.0
2025-11-04,CAT-20,8.0,3.0
2025-11-04,CAT-21,4.0,1.0
2025-11-04,CAT-22,9.0,3.0
2025-11-04,CAT-23,7.0,1.0
2025-11-04,CAT-24,4.0,1.0
2025-11-04,CAT-25,8.0,1.0
2025-11-04,CAT-26,6.0,1.0
2025-11-04,CAT-27,6.0,1.0
2025-11-04,CAT-28,5.0,1.0
2025-11-04,CAT-29,7.0,1.0
2025-11-04,CAT-30,8.0,1.0
2025-11-04,CAT-31,4.0,1.0
2025-11-04,CAT-32,4.0,1.0
2025-11-04,CAT-33,5.0,1.0
2025-11-04,CAT-34,8.0,1.0
2025-11-04,CAT-35,7.0,1.0
2025-11-04,CAT-36,4.0,1.0
2025-11-04,CAT-37,5.0,1.0
2025-11-04,CAT-38,5.0,1.0
2025-11-04,CAT-39,5.0,1.0
2025-11-04,CAT-40,6.0,1.0
2025-11-04,CAT-41,6.0,1.0
2025-11-04,CAT-42,5.0,1.0
2025-11-04,CAT-43,4.0,1.0
2025-11-04,CAT-44,6.0,1.0
2025-11-04,CAT-45,6.0,1.0
2025-11-04,CAT-46,5.0,1.0
2025-11-04,CAT-47,6.0,1.0
2025-11-04,CAT-48,3.0,1.0
2025-11-04,CAT-49,4.0,1.0
2025-11-05,CAT-01,4.0,1.0
2025-11-05,CAT-02,6.0,1.0
2025-11-05,CAT-03,6.0,1.0
2025-11-05,CAT-04,7.0,1.0
2025-11-05,CAT-05,4.0,1.0
2025-11-05,CAT-06,3.0,1.0
2025-11-05,CAT-07,7.0,1.0
2025-11-05,CAT-08,11.0,6.0
2025-11-05,CAT-09,9.0,6.0
2025-11-05,CAT-10,6.0,1.0
2025-11-05,CAT-11,3.0,1.0
2025-11-05,CAT-12,3.0,1.0
2025-11-05,CAT-13,5.0,1.0
2025-11-05,CAT-14,7.0,1.0
2025-11-05,CAT-15,4.0,1.0
2025-11-05,CAT-16,9.0,6.0
2025-11-05,CAT-17,5.0,1.0
2025-11-05,CAT-18,7.0,6.0
2025-11-05,CAT-19,5.0,1.0
2025-11-05,CAT-20,10.0,6.0
2025-11-05,CAT-21,4.0,1.0
2025-11-05,CAT-22,11.0,6.0
2025-11-05,CAT-23,7.0,1.0
2025-11-05,CAT-24,4.0,1.0
2025-11-05,CAT-25,8.0,1.0
2025-11-05,CAT-26,6.0,1.0
2025-11-05,CAT-27,6.0,1.0
2025-11-05,CAT-28,5.0,1.0
2025-11-05,CAT-29,7.0,1.0
2025-11-05,CAT-30,8.0,1.0
2025-11-05,CAT-31,4.0,1.0
2025-11-05,CAT-32,4.0,1.0
2025-11-05,CAT-33,5.0,1.0
2025-11-05,CAT-34,8.0,1.0
2025-11-05,CAT-35,7.0,1.0
2025-11-05,CAT-36,4.0,1.0
2025-11-05,CAT-37,5.0,1.0
2025-11-05,CAT-38,5.0,1.0
2025-11-05,CAT-39,5.0,1.0
2025-11-05,CAT-40,6.0,1.0
2025-11-05,CAT-41,6.0,1.0
2025-11-05,CAT-42,5.0,1.0
2025-11-05,CAT-43,4.0,1.0
2025-11-05,CAT-44,6.0,1.0
2025-11-05,CAT-45,6.0,1.0
2025-11-05,CAT-46,5.0,1.0
2025-11-05,CAT-47,6.0,1.0
2025-11-05,CAT-48,3.0,1.0
2025-11-05,CAT-49,4.0,1.0
2025-11-06,CAT-01,4.0,1.0
2025-11-06,CAT-02,6.0,1.0
2025-11-06,CAT-03,6.0,1.0
2025-11-06,CAT-04,7.0,1.0
2025-11-06,CAT-05,4.0,1.0
2025-11-06,CAT-06,3.0,1.0
2025-11-06,CAT-07,7.0,1.0
2025-11-06,CAT-08,9.0,3.0
2025-11-06,CAT-09,7.0,3.0
2025-11-06,CAT-10,6.0,1.0
2025-11-06,CAT-11,3.0,1.0
2025-11-06,CAT-12,3.0,1.0
2025-11-06,CAT-13,5.0,1.0
2025-11-06,CAT-14,7.0,1.0
2025-11-06,CAT-15,4.0,1.0
2025-11-06,CAT-16,7.0,3.0
2025-11-06,CAT-17,5.0,1.0
2025-11-06,CAT-18,5.0,3.0
2025-11-06,CAT-19,5.0,1.0
2025-11-06,CAT-20,8.0,3.0
2025-11-06,CAT-21,4.0,1.0
2025-11-06,CAT-22,9.0,3.0
2025-11-06,CAT-23,7.0,1.0
2025-11-06,CAT-24,4.0,1.0
2025-11-06,CAT-25,8.0,1.0
2025-11-06,CAT-26,6.0,1.0
2025-11-06,CAT-27,6.0,1.0
2025-11-06,CAT-28,5.0,1.0
2025-11-06,CAT-29,7.0,1.0
2025-11-06,CAT-30,8.0,1.0
2025-11-06,CAT-31,4.0,1.0
2025-11-06,CAT-32,4.0,1.0
2025-11-06,CAT-33,5.0,1.0
2025-11-06,CAT-34,8.0,1.0
2025-11-06,CAT-35,7.0,1.0
2025-11-06,CAT-36,4.0,1.0
2025-11-06,CAT-37,5.0,1.0
2025-11-06,CAT-38,5.0,1.0
2025-11-06,CAT-39,5.0,1.0
2025-11-06,CAT-40,6.0,1.0
2025-11-06,CAT-41,6.0,1.0
2025-11-06,CAT-42,5.0,1.0
2025-11-06,CAT-43,4.0,1.0
2025-11-06,CAT-44,6.0,1.0
2025-11-06,CAT-45,6.0,1.0
2025-11-06,CAT-46,5.0,1.0
2025-11-06,CAT-47,6.0,1.0
2025-11-06,CAT-48,3.0,1.0
2025-11-06,CAT-49,4.0,1.0
2025-11-07,CAT-01,4.0,1.0
2025-11-07,CAT-02,6.0,1.0
2025-11-07,CAT-03,6.0,1.0
2025-11-07,CAT-04,7.0,1.0
2025-11-07,CAT-05,4.0,1.0
2025-11-07,CAT-06,3.0,1.0
2025-11-07,CAT-07,7.0,1.0
2025-11-07,CAT-08,11.0,6.0
2025-11-07,CAT-09,9.0,6.0
2025-11-07,CAT-10,6.0,1.0
2025-11-07,CAT-11,3.0,1.0
2025-11-07,CAT-12,3.0,1.0
2025-11-07,CAT-13,5.0,1.0
2025-11-07,CAT-14,7.0,1.0
2025-11-07,CAT-15,4.0,1.0
2025-11-07,CAT-16,9.0,6.0
2025-11-07,CAT-17,5.0,1.0
2025-11-07,CAT-18,7.0,6.0
2025-11-07,CAT-19,5.0,1.0
2025-11-07,CAT-20,10.0,6.0
2025-11-07,CAT-21,4.0,1.0
2025-11-07,CAT-22,11.0,6.0
2025-11-07,CAT-23,7.0,1.0
2025-11-07,CAT-24,4.0,1.0
2025-11-07,CAT-25,8.0,1.0
2025-11-07,CAT-26,6.0,1.0
2025-11-07,CAT-27,6.0,1.0
2025-11-07,CAT-28,5.0,1.0
2025-11-07,CAT-29,7.0,1.0
2025-11-07,CAT-30,8.0,1.0
2025-11-07,CAT-31,4.0,1.0
2025-11-07,CAT-32,4.0,1.0
2025-11-07,CAT-33,5.0,1.0
2025-11-07,CAT-34,8.0,1.0
2025-11-07,CAT-35,7.0,1.0
2025-11-07,CAT-36,4.0,1.0
2025-11-07,CAT-37,5.0,1.0
2025-11-07,CAT-38,5.0,1.0
2025-11-07,CAT-39,5.0,1.0
2025-11-07,CAT-40,6.0,1.0
2025-11-07,CAT-41,6.0,1.0
2025-11-07,CAT-42,5.0,1.0
2025-11-07,CAT-43,4.0,1.0
2025-11-07,CAT-44,6.0,1.0
2025-11-07,CAT-45,6.0,1.0
2025-11-07,CAT-46,5.0,1.0
2025-11-07,CAT-47,6.0,1.0
2025-11-07,CAT-48,3.0,1.0
2025-11-07,CAT-49,4.0,1.0
2025-11-08,CAT-01,4.0,1.0
2025-11-08,CAT-02,6.0,1.0
2025-11-08,CAT-03,6.0,1.0
2025-11-08,CAT-04,7.0,1.0
2025-11-08,CAT-05,4.0,1.0
2025-11-08,CAT-06,3.0,1.0
2025-11-08,CAT-07,7.0,1.0
2025-11-08,CAT-08,9.0,3.0
2025-11-08,CAT-09,7.0,3.0
2025-11-08,CAT-10,6.0,1.0
2025-11-08,CAT-11,3.0,1.0
2025-11-08,CAT-12,3.0,1.0
2025-11-08,CAT-13,5.0,1.0
2025-11-08,CAT-14,7.0,1.0
2025-11-08,CAT-15,4.0,1.0
2025-11-08,CAT-16,7.0,3.0
2025-11-08,CAT-17,5.0,1.0
2025-11-08,CAT-18,5.0,3.0
2025-11-08,CAT-19,5.0,1.0
2025-11-08,CAT-20,8.0,3.0
2025-11-08,CAT-21,4.0,1.0
2025-11-08,CAT-22,9.0,3.0
2025-11-08,CAT-23,7.0,1.0
2025-11-08,CAT-24,4.0,1.0
2025-11-08,CAT-25,8.0,1.0
2025-11-08,CAT-26,6.0,1.0
2025-11-08,CAT-27,6.0,1.0
2025-11-08,CAT-28,5.0,1.0
2025-11-08,CAT-29,7.0,1.0
2025-11-08,CAT-30,8.0,1.0
2025-11-08,CAT-31,4.0,1.0
2025-11-08,CAT-32,4.0,1.0
2025-11-08,CAT-33,5.0,1.0
2025-11-08,CAT-34,8.0,1.0
2025-11-08,CAT-35,7.0,1.0
2025-11-08,CAT-36,4.0,1.0
2025-11-08,CAT-37,5.0,1.0
2025-11-08,CAT-38,5.0,1.0
2025-11-08,CAT-39,5.0,1.0
2025-11-08,CAT-40,6.0,1.0
2025-11-08,CAT-41,6.0,1.0
2025-11-08,CAT-42,5.0,1.0
2025-11-08,CAT-43,4.0,1.0
2025-11-08,CAT-44,6.0,1.0
2025-11-08,CAT-45,6.0,1.0
2025-11-08,CAT-46,5.0,1.0
2025-11-08,CAT-47,6.0,1.0
2025-11-08,CAT-48,3.0,1.0
2025-11-08,CAT-49,4.0,1.0
2025-11-09,CAT-01,4.0,1.0
2025-11-09,CAT-02,6.0,1.0
2025-11-09,CAT-03,6.0,1.0
2025-11-09,CAT-04,7.0,1.0
2025-11-09,CAT-05,4.0,1.0
2025-11-09,CAT-06,3.0,1.0
2025-11-09,CAT-07,7.0,1.0
2025-11-09,CAT-08,9.0,3.0
2025-11-09,CAT-09,7.0,3.0
2025-11-09,CAT-10,6.0,1.0
2025-11-09,CAT-11,3.0,1.0
2025-11-09,CAT-12,3.0,1.0
2025-11-09,CAT-13,5.0,1.0
2025-11-09,CAT-14,7.0,1.0
2025-11-09,CAT-15,4.0,1.0
2025-11-09,CAT-16,7.0,3.0
2025-11-09,CAT-17,5.0,1.0
2025-11-09,CAT-18,5.0,3.0
2025-11-09,CAT-19,5.0,1.0
2025-11-09,CAT-20,8.0,3.0
2025-11-09,CAT-21,4.0,1.0
2025-11-09,CAT-22,9.0,3.0
2025-11-09,CAT-23,7.0,1.0
2025-11-09,CAT-24,4.0,1.0
2025-11-09,CAT-25,8.0,1.0
2025-11-09,CAT-26,6.0,1.0
2025-11-09,CAT-27,6.0,1.0
2025-11-09,CAT-28,5.0,1.0
2025-11-09,CAT-29,7.0,1.0
2025-11-09,CAT-30,8.0,1.0
2025-11-09,CAT-31,4.0,1.0
2025-11-09,CAT-32,4.0,1.0
2025-11-09,CAT-33,5.0,1.0
2025-11-09,CAT-34,8.0,1.0
2025-11-09,CAT-35,7.0,1.0
2025-11-09,CAT-36,4.0,1.0
2025-11-09,CAT-37,5.0,1.0
2025-11-09,CAT-38,5.0,1.0
2025-11-09,CAT-39,5.0,1.0
2025-11-09,CAT-40,6.0,1.0
2025-11-09,CAT-41,6.0,1.0
2025-11-09,CAT-42,5.0,1.0
2025-11-09,CAT-43,4.0,1.0
2025-11-09,CAT-44,6.0,1.0
2025-11-09,CAT-45,6.0,1.0
2025-11-09,CAT-46,5.0,1.0
2025-11-09,CAT-47,6.0,1.0
2025-11-09,CAT-48,3.0,1.0
2025-11-09,CAT-49,4.0,1.0
2025-11-10,CAT-01,4.0,1.0
2025-11-10,CAT-02,6.0,1.0
2025-11-10,CAT-03,6.0,1.0
2025-11-10,CAT-04,7.0,1.0
2025-11-10,CAT-05,4.0,1.0
2025-11-10,CAT-06,3.0,1.0
2025-11-10,CAT-07,7.0,1.0
2025-11-10,CAT-08,9.0,3.0
2025-11-10,CAT-09,7.0,3.0
2025-11-10,CAT-10,6.0,1.0
2025-11-10,CAT-11,3.0,1.0
2025-11-10,CAT-12,3.0,1.0
2025-11-10,CAT-13,5.0,1.0
2025-11-10,CAT-14,7.0,1.0
2025-11-10,CAT-15,4.0,1.0
2025-11-10,CAT-16,7.0,3.0
2025-11-10,CAT-17,5.0,1.0
2025-11-10,CAT-18,5.0,3.0
2025-11-10,CAT-19,5.0,1.0
2025-11-10,CAT-20,8.0,3.0
2025-11-10,CAT-21,4.0,1.0
2025-11-10,CAT-22,9.0,3.0
2025-11-10,CAT-23,7.0,1.0
2025-11-10,CAT-24,4.0,1.0
2025-11-10,CAT-25,8.0,1.0
2025-11-10,CAT-26,6.0,1.0
2025-11-10,CAT-27,6.0,1.0
2025-11-10,CAT-28,5.0,1.0
2025-11-10,CAT-29,7.0,1.0
2025-11-10,CAT-30,8.0,1.0
2025-11-10,CAT-31,4.0,1.0
2025-11-10,CAT-32,4.0,1.0
2025-11-10,CAT-33,5.0,1.0
2025-11-10,CAT-34,8.0,1.0
2025-11-10,CAT-35,7.0,1.0
2025-11-10,CAT-36,4.0,1.0
2025-11-10,CAT-37,5.0,1.0
2025-11-10,CAT-38,5.0,1.0
2025-11-10,CAT-39,5.0,1.0
2025-11-10,CAT-40,6.0,1.0
2025-11-10,CAT-41,6.0,1.0
2025-11-10,CAT-42,5.0,1.0
2025-11-10,CAT-43,4.0,1.0
2025-11-10,CAT-44,6.0,1.0
2025-11-10,CAT-45,6.0,1.0
2025-11-10,CAT-46,5.0,1.0
2025-11-10,CAT-47,6.0,1.0
2025-11-10,CAT-48,3.0,1.0
2025-11-10,CAT-49,4.0,1.0
2025-11-11,CAT-01,4.0,1.0
2025-11-11,CAT-02,6.0,1.0
2025-11-11,CAT-03,6.0,1.0
2025-11-11,CAT-04,7.0,1.0
2025-11-11,CAT-05,4.0,1.0
2025-11-11,CAT-06,3.0,1.0
2025-11-11,CAT-07,7.0,1.0
2025-11-11,CAT-08,9.0,3.0
2025-11-11,CAT-09,7.0,3.0
2025-11-11,CAT-10,6.0,1.0
2025-11-11,CAT-11,3.0,1.0
2025-11-11,CAT-12,3.0,1.0
2025-11-11,CAT-13,5.0,1.0
2025-11-11,CAT-14,7.0,1.0
2025-11-11,CAT-15,4.0,1.0
2025-11-11,CAT-16,7.0,3.0
2025-11-11,CAT-17,5.0,1.0
2025-11-11,CAT-18,5.0,3.0
2025-11-11,CAT-19,5.0,1.0
2025-11-11,CAT-20,8.0,3.0
2025-11-11,CAT-21,4.0,1.0
2025-11-11,CAT-22,9.0,3.0
2025-11-11,CAT-23,7.0,1.0
2025-11-11,CAT-24,4.0,1.0
2025-11-11,CAT-25,8.0,1.0
2025-11-11,CAT-26,6.0,1.0
2025-11-11,CAT-27,6.0,1.0
2025-11-11,CAT-28,5.0,1.0
2025-11-11,CAT-29,7.0,1.0
2025-11-11,CAT-30,8.0,1.0
2025-11-11,CAT-31,4.0,1.0
2025-11-11,CAT-32,4.0,1.0
2025-11-11,CAT-33,5.0,1.0
2025-11-11,CAT-34,8.0,1.0
2025-11-11,CAT-35,7.0,1.0
2025-11-11,CAT-36,4.0,1.0
2025-11-11,CAT-37,5.0,1.0
2025-11-11,CAT-38,5.0,1.0
2025-11-11,CAT-39,5.0,1.0
2025-11-11,CAT-40,6.0,1.0
2025-11-11,CAT-41,6.0,1.0
2025-11-11,CAT-42,5.0,1.0
2025-11-11,CAT-43,4.0,1.0
2025-11-11,CAT-44,6.0,1.0
2025-11-11,CAT-45,6.0,1.0
2025-11-11,CAT-46,5.0,1.0
2025-11-11,CAT-47,6.0,1.0
2025-11-11,CAT-48,3.0,1.0
2025-11-11,CAT-49,4.0,1.0
2025-11-12,CAT-01,4.0,1.0
2025-11-12,CAT-02,6.0,1.0
2025-11-12,CAT-03,6.0,1.0
2025-11-12,CAT-04,7.0,1.0
2025-11-12,CAT-05,4.0,1.0
2025-11-12,CAT-06,3.0,1.0
2025-11-12,CAT-07,7.0,1.0
2025-11-12,CAT-08,9.0,3.0
2025-11-12,CAT-09,7.0,3.0
2025-11-12,CAT-10,6.0,1.0
2025-11-12,CAT-11,3.0,1.0
2025-11-12,CAT-12,3.0,1.0
2025-11-12,CAT-13,5.0,1.0
2025-11-12,CAT-14,7.0,1.0
2025-11-12,CAT-15,4.0,1.0
2025-11-12,CAT-16,7.0,3.0
2025-11-12,CAT-17,5.0,1.0
2025-11-12,CAT-18,5.0,3.0
2025-11-12,CAT-19,5.0,1.0
2025-11-12,CAT-20,8.0,3.0
2025-11-12,CAT-21,4.0,1.0
2025-11-12,CAT-22,9.0,3.0
2025-11-12,CAT-23,7.0,1.0
2025-11-12,CAT-24,4.0,1.0
2025-11-12,CAT-25,8.0,1.0
2025-11-12,CAT-26,6.0,1.0
2025-11-12,CAT-27,6.0,1.0
2025-11-12,CAT-28,5.0,1.0
2025-11-12,CAT-29,7.0,1.0
2025-11-12,CAT-30,8.0,1.0
2025-11-12,CAT-31,4.0,1.0
2025-11-12,CAT-32,4.0,1.0
2025-11-12,CAT-33,5.0,1.0
2025-11-12,CAT-34,8.0,1.0
2025-11-12,CAT-35,7.0,1.0
2025-11-12,CAT-36,4.0,1.0
2025-11-12,CAT-37,5.0,1.0
2025-11-12,CAT-38,5.0,1.0
2025-11-12,CAT-39,5.0,1.0
2025-11-12,CAT-40,6.0,1.0
2025-11-12,CAT-41,6.0,1.0
2025-11-12,CAT-42,5.0,1.0
2025-11-12,CAT-43,4.0,1.0
2025-11-12,CAT-44,6.0,1.0
2025-11-12,CAT-45,6.0,1.0
2025-11-12,CAT-46,5.0,1.0
2025-11-12,CAT-47,6.0,1.0
2025-11-12,CAT-48,3.0,1.0
2025-11-12,CAT-49,4.0,1.0
2025-11-13,CAT-01,4.0,1.0
2025-11-13,CAT-02,6.0,1.0
2025-11-13,CAT-03,6.0,1.0
2025-11-13,CAT-04,7.0,1.0
2025-11-13,CAT-05,4.0,1.0
2025-11-13,CAT-06,3.0,1.0
2025-11-13,CAT-07,7.0,1.0
2025-11-13,CAT-08,9.0,3.0
2025-11-13,CAT-09,7.0,3.0
2025-11-13,CAT-10,6.0,1.0
2025-11-13,CAT-11,3.0,1.0
2025-11-13,CAT-12,3.0,1.0
2025-11-13,CAT-13,5.0,1.0
2025-11-13,CAT-14,7.0,1.0
2025-11-13,CAT-15,4.0,1.0
2025-11-13,CAT-16,7.0,3.0
2025-11-13,CAT-17,5.0,1.0
2025-11-13,CAT-18,5.0,3.0
2025-11-13,CAT-19,5.0,1.0
2025-11-13,CAT-20,8.0,3.0
2025-11-13,CAT-21,4.0,1.0
2025-11-13,CAT-22,9.0,3.0
2025-11-13,CAT-23,7.0,1.0
2025-11-13,CAT-24,4.0,1.0
2025-11-13,CAT-25,8.0,1.0
2025-11-13,CAT-26,6.0,1.0
2025-11-13,CAT-27,6.0,1.0
2025-11-13,CAT-28,5.0,1.0
2025-11-13,CAT-29,7.0,1.0
2025-11-13,CAT-30,8.0,1.0
2025-11-13,CAT-31,4.0,1.0
2025-11-13,CAT-32,4.0,1.0
2025-11-13,CAT-33,5.0,1.0
2025-11-13,CAT-34,8.0,1.0
2025-11-13,CAT-35,7.0,1.0
2025-11-13,CAT-36,4.0,1.0
2025-11-13,CAT-37,5.0,1.0
2025-11-13,CAT-38,5.0,1.0
2025-11-13,CAT-39,5.0,1.0
2025-11-13,CAT-40,6.0,1.0
2025-11-13,CAT-41,6.0,1.0
2025-11-13,CAT-42,5.0,1.0
2025-11-13,CAT-43,4.0,1.0
2025-11-13,CAT-44,6.0,1.0
2025-11-13,CAT-45,6.0,1.0
2025-11-13,CAT-46,5.0,1.0
2025-11-13,CAT-47,6.0,1.0
2025-11-13,CAT-48,3.0,1.0
2025-11-13,CAT-49,4.0,1.0
2025-11-14,CAT-01,4.0,1.0
2025-11-14,CAT-02,6.0,1.0
2025-11-14,CAT-03,6.0,1.0
2025-11-14,CAT-04,7.0,1.0
2025-11-14,CAT-05,4.0,1.0
2025-11-14,CAT-06,3.0,1.0
2025-11-14,CAT-07,7.0,1.0
2025-11-14,CAT-08,9.0,3.0
2025-11-14,CAT-09,7.0,3.0
2025-11-14,CAT-10,6.0,1.0
2025-11-14,CAT-11,3.0,1.0
2025-11-14,CAT-12,3.0,1.0
2025-11-14,CAT-13,5.0,1.0
2025-11-14,CAT-14,7.0,1.0
2025-11-14,CAT-15,4.0,1.0
2025-11-14,CAT-16,7.0,3.0
2025-11-14,CAT-17,5.0,1.0
2025-11-14,CAT-18,5.0,3.0
2025-11-14,CAT-19,5.0,1.0
2025-11-14,CAT-20,8.0,3.0
2025-11-14,CAT-21,4.0,1.0
2025-11-14,CAT-22,9.0,3.0
2025-11-14,CAT-23,7.0,1.0
2025-11-14,CAT-24,4.0,1.0
2025-11-14,CAT-25,8.0,1.0
2025-11-14,CAT-26,6.0,1.0
2025-11-14,CAT-27,6.0,1.0
2025-11-14,CAT-28,5.0,1.0
2025-11-14,CAT-29,7.0,1.0
2025-11-14,CAT-30,8.0,1.0
2025-11-14,CAT-31,4.0,1.0
2025-11-14,CAT-32,4.0,1.0
2025-11-14,CAT-33,5.0,1.0
2025-11-14,CAT-34,8.0,1.0
2025-11-14,CAT-35,7.0,1.0
2025-11-14,CAT-36,4.0,1.0
2025-11-14,CAT-37,5.0,1.0
2025-11-14,CAT-38,5.0,1.0
2025-11-14,CAT-39,5.0,1.0
2025-11-14,CAT-40,6.0,1.0
2025-11-14,CAT-41,6.0,1.0
2025-11-14,CAT-42,5.0,1.0
2025-11-14,CAT-43,4.0,1.0
2025-11-14,CAT-44,6.0,1.0
2025-11-14,CAT-45,6.0,1.0
2025-11-14,CAT-46,5.0,1.0
2025-11-14,CAT-47,6.0,1.0
2025-11-14,CAT-48,3.0,1.0
2025-11-14,CAT-49,4.0,1.0
2025-11-15,CAT-01,4.0,1.0
2025-11-15,CAT-02,6.0,1.0
2025-11-15,CAT-03,6.0,1.0
2025-11-15,CAT-04,7.0,1.0
2025-11-15,CAT-05,4.0,1.0
2025-11-15,CAT-06,3.0,1.0
2025-11-15,CAT-07,7.0,1.0
2025-11-15,CAT-08,11.0,6.0
2025-11-15,CAT-09,9.0,6.0
2025-11-15,CAT-10,6.0,1.0
2025-11-15,CAT-11,3.0,1.0
2025-11-15,CAT-12,3.0,1.0
2025-11-15,CAT-13,5.0,1.0
2025-11-15,CAT-14,7.0,1.0
2025-11-15,CAT-15,4.0,1.0
2025-11-15,CAT-16,9.0,6.0
2025-11-15,CAT-17,5.0,1.0
2025-11-15,CAT-18,7.0,6.0
2025-11-15,CAT-19,5.0,1.0
2025-11-15,CAT-20,10.0,6.0
2025-11-15,CAT-21,4.0,1.0
2025-11-15,CAT-22,11.0,6.0
2025-11-15,CAT-23,7.0,1.0
2025-11-15,CAT-24,4.0,1.0
2025-11-15,CAT-25,8.0,1.0
2025-11-15,CAT-26,6.0,1.0
2025-11-15,CAT-27,6.0,1.0
2025-11-15,CAT-28,5.0,1.0
2025-11-15,CAT-29,7.0,1.0
2025-11-15,CAT-30,8.0,1.0
2025-11-15,CAT-31,4.0,1.0
2025-11-15,CAT-32,4.0,1.0
2025-11-15,CAT-33,5.0,1.0
2025-11-15,CAT-34,8.0,1.0
2025-11-15,CAT-35,7.0,1.0
2025-11-15,CAT-36,4.0,1.0
2025-11-15,CAT-37,5.0,1.0
2025-11-15,CAT-38,5.0,1.0
2025-11-15,CAT-39,5.0,1.0
2025-11-15,CAT-40,6.0,1.0
2025-11-15,CAT-41,6.0,1.0
2025-11-15,CAT-42,5.0,1.0
2025-11-15,CAT-43,4.0,1.0
2025-11-15,CAT-44,6.0,1.0
2025-11-15,CAT-45,6.0,1.0
2025-11-15,CAT-46,5.0,1.0
2025-11-15,CAT-47,6.0,1.0
2025-11-15,CAT-48,3.0,1.0
2025-11-15,CAT-49,4.0,1.0
2025-11-16,CAT-01,4.0,1.0
2025-11-16,CAT-02,6.0,1.0
2025-11-16,CAT-03,6.0,1.0
2025-11-16,CAT-04,7.0,1.0
2025-11-16,CAT-05,4.0,1.0
2025-11-16,CAT-06,3.0,1.0
2025-11-16,CAT-07,7.0,1.0
2025-11-16,CAT-08,9.0,3.0
2025-11-16,CAT-09,7.0,3.0
2025-11-16,CAT-10,6.0,1.0
2025-11-16,CAT-11,3.0,1.0
2025-11-16,CAT-12,3.0,1.0
2025-11-16,CAT-13,5.0,1.0
2025-11-16,CAT-14,7.0,1.0
2025-11-16,CAT-15,4.0,1.0
2025-11-16,CAT-16,7.0,3.0
2025-11-16,CAT-17,5.0,1.0
2025-11-16,CAT-18,5.0,3.0
2025-11-16,CAT-19,5.0,1.0
2025-11-16,CAT-20,8.0,3.0
2025-11-16,CAT-21,4.0,1.0
2025-11-16,CAT-22,9.0,3.0
2025-11-16,CAT-23,7.0,1.0
2025-11-16,CAT-24,4.0,1.0
2025-11-16,CAT-25,8.0,1.0
2025-11-16,CAT-26,6.0,1.0
2025-11-16,CAT-27,6.0,1.0
2025-11-16,CAT-28,5.0,1.0
2025-11-16,CAT-29,7.0,1.0
2025-11-16,CAT-30,8.0,1.0
2025-11-16,CAT-31,4.0,1.0
2025-11-16,CAT-32,4.0,1.0
2025-11-16,CAT-33,5.0,1.0
2025-11-16,CAT-34,8.0,1.0
2025-11-16,CAT-35,7.0,1.0
2025-11-16,CAT-36,4.0,1.0
2025-11-16,CAT-37,5.0,1.0
2025-11-16,CAT-38,5.0,1.0
2025-11-16,CAT-39,5.0,1.0
2025-11-16,CAT-40,6.0,1.0
2025-11-16,CAT-41,6.0,1.0
2025-11-16,CAT-42,5.0,1.0
2025-11-16,CAT-43,4.0,1.0
2025-11-16,CAT-44,6.0,1.0
2025-11-16,CAT-45,6.0,1.0
2025-11-16,CAT-46,5.0,1.0
2025-11-16,CAT-47,6.0,1.0
2025-11-16,CAT-48,3.0,1.0
2025-11-16,CAT-49,4.0,1.0
2025-11-17,CAT-01,4.0,1.0
2025-11-17,CAT-02,6.0,1.0
2025-11-17,CAT-03,6.0,1.0
2025-11-17,CAT-04,7.0,1.0
2025-11-17,CAT-05,4.0,1.0
2025-11-17,CAT-06,3.0,1.0
2025-11-17,CAT-07,7.0,1.0
2025-11-17,CAT-08,9.0,3.0
2025-11-17,CAT-09,7.0,3.0
2025-11-17,CAT-10,6.0,1.0
2025-11-17,CAT-11,3.0,1.0
2025-11-17,CAT-12,3.0,1.0
2025-11-17,CAT-13,5.0,1.0
2025-11-17,CAT-14,7.0,1.0
2025-11-17,CAT-15,4.0,1.0
2025-11-17,CAT-16,7.0,3.0
2025-11-17,CAT-17,5.0,1.0
2025-11-17,CAT-18,5.0,3.0
2025-11-17,CAT-19,5.0,1.0
2025-11-17,CAT-20,8.0,3.0
2025-11-17,CAT-21,4.0,1.0
2025-11-17,CAT-22,9.0,3.0
2025-11-17,CAT-23,7.0,1.0
2025-11-17,CAT-24,4.0,1.0
2025-11-17,CAT-25,8.0,1.0
2025-11-17,CAT-26,6.0,1.0
2025-11-17,CAT-27,6.0,1.0
2025-11-17,CAT-28,5.0,1.0
2025-11-17,CAT-29,7.0,1.0
2025-11-17,CAT-30,8.0,1.0
2025-11-17,CAT-31,4.0,1.0
2025-11-17,CAT-32,4.0,1.0
2025-11-17,CAT-33,5.0,1.0
2025-11-17,CAT-34,8.0,1.0
2025-11-17,CAT-35,7.0,1.0
2025-11-17,CAT-36,4.0,1.0
2025-11-17,CAT-37,5.0,1.0
2025-11-17,CAT-38,5.0,1.0
2025-11-17,CAT-39,5.0,1.0
2025-11-17,CAT-40,6.0,1.0
2025-11-17,CAT-41,6.0,1.0
2025-11-17,CAT-42,5.0,1.0
2025-11-17,CAT-43,4.0,1.0
2025-11-17,CAT-44,6.0,1.0
2025-11-17,CAT-45,6.0,1.0
2025-11-17,CAT-46,5.0,1.0
2025-11-17,CAT-47,6.0,1.0
2025-11-17,CAT-48,3.0,1.0
2025-11-17,CAT-49,4.0,1.0
2025-11-18,CAT-01,4.0,1.0
2025-11-18,CAT-02,6.0,1.0
2025-11-18,CAT-03,6.0,1.0
2025-11-18,CAT-04,7.0,1.0
2025-11-18,CAT-05,4.0,1.0
2025-11-18,CAT-06,3.0,1.0
2025-11-18,CAT-07,7.0,1.0
2025-11-18,CAT-08,11.0,6.0
2025-11-18,CAT-09,9.0,6.0
2025-11-18,CAT-10,6.0,1.0
2025-11-18,CAT-11,3.0,1.0
2025-11-18,CAT-12,3.0,1.0
2025-11-18,CAT-13,5.0,1.0
2025-11-18,CAT-14,7.0,1.0
2025-11-18,CAT-15,4.0,1.0
2025-11-18,CAT-16,9.0,6.0
2025-11-18,CAT-17,5.0,1.0
2025-11-18,CAT-18,7.0,6.0
2025-11-18,CAT-19,5.0,1.0
2025-11-18,CAT-20,10.0,6.0
2025-11-18,CAT-21,4.0,1.0
2025-11-18,CAT-22,11.0,6.0
2025-11-18,CAT-23,7.0,1.0
2025-11-18,CAT-24,4.0,1.0
2025-11-18,CAT-25,8.0,1.0
2025-11-18,CAT-26,6.0,1.0
2025-11-18,CAT-27,6.0,1.0
2025-11-18,CAT-28,5.0,1.0
2025-11-18,CAT-29,7.0,1.0
2025-11-18,CAT-30,8.0,1.0
2025-11-18,CAT-31,4.0,1.0
2025-11-18,CAT-32,4.0,1.0
2025-11-18,CAT-33,5.0,1.0
2025-11-18,CAT-34,8.0,1.0
2025-11-18,CAT-35,7.0,1.0
2025-11-18,CAT-36,4.0,1.0
2025-11-18,CAT-37,5.0,1.0
2025-11-18,CAT-38,5.0,1.0
2025-11-18,CAT-39,5.0,1.0
2025-11-18,CAT-40,6.0,1.0
2025-11-18,CAT-41,6.0,1.0
2025-11-18,CAT-42,5.0,1.0
2025-11-18,CAT-43,4.0,1.0
2025-11-18,CAT-44,6.0,1.0
2025-11-18,CAT-45,6.0,1.0
2025-11-18,CAT-46,5.0,1.0
2025-11-18,CAT-47,6.0,1.0
2025-11-18,CAT-48,3.0,1.0
2025-11-18,CAT-49,4.0,1.0
2025-11-19,CAT-01,4.0,1.0
2025-11-19,CAT-02,6.0,1.0
2025-11-19,CAT-03,6.0,1.0
2025-11-19,CAT-04,7.0,1.0
2025-11-19,CAT-05,4.0,1.0
2025-11-19,CAT-06,3.0,1.0
2025-11-19,CAT-07,7.0,1.0
2025-11-19,CAT-08,9.0,3.0
2025-11-19,CAT-09,7.0,3.0
2025-11-19,CAT-10,6.0,1.0
2025-11-19,CAT-11,3.0,1.0
2025-11-19,CAT-12,3.0,1.0
2025-11-19,CAT-13,5.0,1.0
2025-11-19,CAT-14,7.0,1.0
2025-11-19,CAT-15,4.0,1.0
2025-11-19,CAT-16,7.0,3.0
2025-11-19,CAT-17,5.0,1.0
2025-11-19,CAT-18,5.0,3.0
2025-11-19,CAT-19,5.0,1.0
2025-11-19,CAT-20,8.0,3.0
2025-11-19,CAT-21,4.0,1.0
2025-11-19,CAT-22,9.0,3.0
2025-11-19,CAT-23,7.0,1.0
2025-11-19,CAT-24,4.0,1.0
2025-11-19,CAT-25,8.0,1.0
2025-11-19,CAT-26,6.0,1.0
2025-11-19,CAT-27,6.0,1.0
2025-11-19,CAT-28,5.0,1.0
2025-11-19,CAT-29,7.0,1.0
2025-11-19,CAT-30,8.0,1.0
2025-11-19,CAT-31,4.0,1.0
2025-11-19,CAT-32,4.0,1.0
2025-11-19,CAT-33,5.0,1.0
2025-11-19,CAT-34,8.0,1.0
2025-11-19,CAT-35,7.0,1.0
2025-11-19,CAT-36,4.0,1.0
2025-11-19,CAT-37,5.0,1.0
2025-11-19,CAT-38,5.0,1.0
2025-11-19,CAT-39,5.0,1.0
2025-11-19,CAT-40,6.0,1.0
2025-11-19,CAT-41,6.0,1.0
2025-11-19,CAT-42,5.0,1.0
2025-11-19,CAT-43,4.0,1.0
2025-11-19,CAT-44,6.0,1.0
2025-11-19,CAT-45,6.0,1.0
2025-11-19,CAT-46,5.0,1.0
2025-11-19,CAT-47,6.0,1.0
2025-11-19,CAT-48,3.0,1.0
2025-11-19,CAT-49,4.0,1.0
2025-11-20,CAT-01,4.0,1.0
2025-11-20,CAT-02,6.0,1.0
2025-11-20,CAT-03,6.0,1.0
2025-11-20,CAT-04,7.0,1.0
2025-11-20,CAT-05,4.0,1.0
2025-11-20,CAT-06,3.0,1.0
2025-11-20,CAT-07,7.0,1.0
2025-11-20,CAT-08,9.0,3.0
2025-11-20,CAT-09,7.0,3.0
2025-11-20,CAT-10,6.0,1.0
2025-11-20,CAT-11,3.0,1.0
2025-11-20,CAT-12,3.0,1.0
2025-11-20,CAT-13,5.0,1.0
2025-11-20,CAT-14,7.0,1.0
2025-11-20,CAT-15,4.0,1.0
2025-11-20,CAT-16,7.0,3.0
2025-11-20,CAT-17,5.0,1.0
2025-11-20,CAT-18,5.0,3.0
2025-11-20,CAT-19,5.0,1.0
2025-11-20,CAT-20,8.0,3.0
2025-11-20,CAT-21,4.0,1.0
2025-11-20,CAT-22,9.0,3.0
2025-11-20,CAT-23,7.0,1.0
2025-11-20,CAT-24,4.0,1.0
2025-11-20,CAT-25,8.0,1.0
2025-11-20,CAT-26,6.0,1.0
2025-11-20,CAT-27,6.0,1.0
2025-11-20,CAT-28,5.0,1.0
2025-11-20,CAT-29,7.0,1.0
2025-11-20,CAT-30,8.0,1.0
2025-11-20,CAT-31,4.0,1.0
2025-11-20,CAT-32,4.0,1.0
2025-11-20,CAT-33,5.0,1.0
2025-11-20,CAT-34,8.0,1.0
2025-11-20,CAT-35,7.0,1.0
2025-11-20,CAT-36,4.0,1.0
2025-11-20,CAT-37,5.0,1.0
2025-11-20,CAT-38,5.0,1.0
2025-11-20,CAT-39,5.0,1.0
2025-11-20,CAT-40,6.0,1.0
2025-11-20,CAT-41,6.0,1.0
2025-11-20,CAT-42,5.0,1.0
2025-11-20,CAT-43,4.0,1.0
2025-11-20,CAT-44,6.0,1.0
2025-11-20,CAT-45,6.0,1.0
2025-11-20,CAT-46,5.0,1.0
2025-11-20,CAT-47,6.0,1.0
2025-11-20,CAT-48,3.0,1.0
2025-11-20,CAT-49,4.0,1.0
2025-11-21,CAT-01,4.0,1.0
2025-11-21,CAT-02,6.0,1.0
2025-11-21,CAT-03,6.0,1.0
2025-11-21,CAT-04,7.0,1.0
2025-11-21,CAT-05,4.0,1.0
2025-11-21,CAT-06,3.0,1.0
2025-11-21,CAT-07,7.0,1.0
2025-11-21,CAT-08,9.0,3.0
2025-11-21,CAT-09,7.0,3.0
2025-11-21,CAT-10,6.0,1.0
2025-11-21,CAT-11,3.0,1.0
2025-11-21,CAT-12,3.0,1.0
2025-11-21,CAT-13,5.0,1.0
2025-11-21,CAT-14,7.0,1.0
2025-11-21,CAT-15,4.0,1.0
2025-11-21,CAT-16,7.0,3.0
2025-11-21,CAT-17,5.0,1.0
2025-11-21,CAT-18,5.0,3.0
2025-11-21,CAT-19,5.0,1.0
2025-11-21,CAT-20,8.0,3.0
2025-11-21,CAT-21,4.0,1.0
2025-11-21,CAT-22,9.0,3.0
2025-11-21,CAT-23,7.0,1.0
2025-11-21,CAT-24,4.0,1.0
2025-11-21,CAT-25,8.0,1.0
2025-11-21,CAT-26,6.0,1.0
2025-11-21,CAT-27,6.0,1.0
2025-11-21,CAT-28,5.0,1.0
2025-11-21,CAT-29,7.0,1.0
2025-11-21,CAT-30,8.0,1.0
2025-11-21,CAT-31,4.0,1.0
2025-11-21,CAT-32,4.0,1.0
2025-11-21,CAT-33,5.0,1.0
2025-11-21,CAT-34,8.0,1.0
2025-11-21,CAT-35,7.0,1.0
2025-11-21,CAT-36,4.0,1.0
2025-11-21,CAT-37,5.0,1.0
2025-11-21,CAT-38,5.0,1.0
2025-11-21,CAT-39,5.0,1.0
2025-11-21,CAT-40,6.0,1.0
2025-11-21,CAT-41,6.0,1.0
2025-11-21,CAT-42,5.0,1.0
2025-11-21,CAT-43,4.0,1.0
2025-11-21,CAT-44,6.0,1.0
2025-11-21,CAT-45,6.0,1.0
2025-11-21,CAT-46,5.0,1.0
2025-11-21,CAT-47,6.0,1.0
2025-11-21,CAT-48,3.0,1.0
2025-11-21,CAT-49,4.0,1.0
2025-11-22,CAT-01,4.0,1.0
2025-11-22,CAT-02,6.0,1.0
2025-11-22,CAT-03,6.0,1.0
2025-11-22,CAT-04,7.0,1.0
2025-11-22,CAT-05,4.0,1.0
2025-11-22,CAT-06,3.0,1.0
2025-11-22,CAT-07,7.0,1.0
2025-11-22,CAT-08,14.0,10.0
2025-11-22,CAT-09,9.0,6.0
2025-11-22,CAT-10,6.0,1.0
2025-11-22,CAT-11,3.0,1.0
2025-11-22,CAT-12,3.0,1.0
2025-11-22,CAT-13,5.0,1.0
2025-11-22,CAT-14,7.0,1.0
2025-11-22,CAT-15,4.0,1.0
2025-11-22,CAT-16,9.0,6.0
2025-11-22,CAT-17,5.0,1.0
2025-11-22,CAT-18,7.0,6.0
2025-11-22,CAT-19,5.0,1.0
2025-11-22,CAT-20,13.0,10.0
2025-11-22,CAT-21,4.0,1.0
2025-11-22,CAT-22,13.0,10.0
2025-11-22,CAT-23,7.0,1.0
2025-11-22,CAT-24,4.0,1.0
2025-11-22,CAT-25,8.0,1.0
2025-11-22,CAT-26,6.0,1.0
2025-11-22,CAT-27,6.0,1.0
2025-11-22,CAT-28,5.0,1.0
2025-11-22,CAT-29,7.0,1.0
2025-11-22,CAT-30,8.0,1.0
2025-11-22,CAT-31,4.0,1.0
2025-11-22,CAT-32,4.0,1.0
2025-11-22,CAT-33,5.0,1.0
2025-11-22,CAT-34,8.0,1.0
2025-11-22,CAT-35,7.0,1.0
2025-11-22,CAT-36,4.0,1.0
2025-11-22,CAT-37,5.0,1.0
2025-11-22,CAT-38,5.0,1.0
2025-11-22,CAT-39,5.0,1.0
2025-11-22,CAT-40,6.0,1.0
2025-11-22,CAT-41,6.0,1.0
2025-11-22,CAT-42,5.0,1.0
2025-11-22,CAT-43,4.0,1.0
2025-11-22,CAT-44,6.0,1.0
2025-11-22,CAT-45,6.0,1.0
2025-11-22,CAT-46,5.0,1.0
2025-11-22,CAT-47,6.0,1.0
2025-11-22,CAT-48,3.0,1.0
2025-11-22,CAT-49,4.0,1.0
2025-11-23,CAT-01,4.0,1.0
2025-11-23,CAT-02,6.0,1.0
2025-11-23,CAT-03,6.0,1.0
2025-11-23,CAT-04,7.0,1.0
2025-11-23,CAT-05,4.0,1.0
2025-11-23,CAT-06,3.0,1.0
2025-11-23,CAT-07,7.0,1.0
2025-11-23,CAT-08,9.0,3.0
2025-11-23,CAT-09,7.0,3.0
2025-11-23,CAT-10,6.0,1.0
2025-11-23,CAT-11,3.0,1.0
2025-11-23,CAT-12,3.0,1.0
2025-11-23,CAT-13,5.0,1.0
2025-11-23,CAT-14,7.0,1.0
2025-11-23,CAT-15,4.0,1.0
2025-11-23,CAT-16,7.0,3.0
2025-11-23,CAT-17,5.0,1.0
2025-11-23,CAT-18,5.0,3.0
2025-11-23,CAT-19,5.0,1.0
2025-11-23,CAT-20,8.0,3.0
2025-11-23,CAT-21,4.0,1.0
2025-11-23,CAT-22,9.0,3.0
2025-11-23,CAT-23,7.0,1.0
2025-11-23,CAT-24,4.0,1.0
2025-11-23,CAT-25,8.0,1.0
2025-11-23,CAT-26,6.0,1.0
2025-11-23,CAT-27,6.0,1.0
2025-11-23,CAT-28,5.0,1.0
2025-11-23,CAT-29,7.0,1.0
2025-11-23,CAT-30,8.0,1.0
2025-11-23,CAT-31,4.0,1.0
2025-11-23,CAT-32,4.0,1.0
2025-11-23,CAT-33,5.0,1.0
2025-11-23,CAT-34,8.0,1.0
2025-11-23,CAT-35,7.0,1.0
2025-11-23,CAT-36,4.0,1.0
2025-11-23,CAT-37,5.0,1.0
2025-11-23,CAT-38,5.0,1.0
2025-11-23,CAT-39,5.0,1.0
2025-11-23,CAT-40,6.0,1.0
2025-11-23,CAT-41,6.0,1.0
2025-11-23,CAT-42,5.0,1.0
2025-11-23,CAT-43,4.0,1.0
2025-11-23,CAT-44,6.0,1.0
2025-11-23,CAT-45,6.0,1.0
2025-11-23,CAT-46,5.0,1.0
2025-11-23,CAT-47,6.0,1.0
2025-11-23,CAT-48,3.0,1.0
2025-11-23,CAT-49,4.0,1.0
2025-11-24,CAT-01,4.0,1.0
2025-11-24,CAT-02,6.0,1.0
2025-11-24,CAT-03,6.0,1.0
2025-11-24,CAT-04,7.0,1.0
2025-11-24,CAT-05,4.0,1.0
2025-11-24,CAT-06,3.0,1.0
2025-11-24,CAT-07,7.0,1.0
2025-11-24,CAT-08,9.0,3.0
2025-11-24,CAT-09,7.0,3.0
2025-11-24,CAT-10,6.0,1.0
2025-11-24,CAT-11,3.0,1.0
2025-11-24,CAT-12,3.0,1.0
2025-11-24,CAT-13,5.0,1.0
2025-11-24,CAT-14,7.0,1.0
2025-11-24,CAT-15,4.0,1.0
2025-11-24,CAT-16,7.0,3.0
2025-11-24,CAT-17,5.0,1.0
2025-11-24,CAT-18,5.0,3.0
2025-11-24,CAT-19,5.0,1.0
2025-11-24,CAT-20,8.0,3.0
2025-11-24,CAT-21,4.0,1.0
2025-11-24,CAT-22,9.0,3.0
2025-11-24,CAT-23,7.0,1.0
2025-11-24,CAT-24,4.0,1.0
2025-11-24,CAT-25,8.0,1.0
2025-11-24,CAT-26,6.0,1.0
2025-11-24,CAT-27,6.0,1.0
2025-11-24,CAT-28,5.0,1.0
2025-11-24,CAT-29,7.0,1.0
2025-11-24,CAT-30,8.0,1.0
2025-11-24,CAT-31,4.0,1.0
2025-11-24,CAT-32,4.0,1.0
2025-11-24,CAT-33,5.0,1.0
2025-11-24,CAT-34,8.0,1.0
2025-11-24,CAT-35,7.0,1.0
2025-11-24,CAT-36,4.0,1.0
2025-11-24,CAT-37,5.0,1.0
2025-11-24,CAT-38,5.0,1.0
2025-11-24,CAT-39,5.0,1.0
2025-11-24,CAT-40,6.0,1.0
2025-11-24,CAT-41,6.0,1.0
2025-11-24,CAT-42,5.0,1.0
2025-11-24,CAT-43,4.0,1.0
2025-11-24,CAT-44,6.0,1.0
2025-11-24,CAT-45,6.0,1.0
2025-11-24,CAT-46,5.0,1.0
2025-11-24,CAT-47,6.0,1.0
2025-11-24,CAT-48,3.0,1.0
2025-11-24,CAT-49,4.0,1.0
2025-11-25,CAT-01,4.0,4.0
2025-11-25,CAT-02,6.0,4.0
2025-11-25,CAT-03,6.0,4.0
2025-11-25,CAT-04,7.0,4.0
2025-11-25,CAT-05,4.0,4.0
2025-11-25,CAT-06,3.0,4.0
2025-11-25,CAT-07,7.0,4.0
2025-11-25,CAT-08,12.0,10.0
2025-11-25,CAT-09,7.0,6.0
2025-11-25,CAT-10,6.0,4.0
2025-11-25,CAT-11,3.0,4.0
2025-11-25,CAT-12,3.0,4.0
2025-11-25,CAT-13,5.0,4.0
2025-11-25,CAT-14,7.0,4.0
2025-11-25,CAT-15,4.0,4.0
2025-11-25,CAT-16,7.0,6.0
2025-11-25,CAT-17,5.0,4.0
2025-11-25,CAT-18,5.0,6.0
2025-11-25,CAT-19,5.0,4.0
2025-11-25,CAT-20,11.0,10.0
2025-11-25,CAT-21,4.0,4.0
2025-11-25,CAT-22,11.0,10.0
2025-11-25,CAT-23,7.0,4.0
2025-11-25,CAT-24,4.0,4.0
2025-11-25,CAT-25,8.0,4.0
2025-11-25,CAT-26,6.0,4.0
2025-11-25,CAT-27,6.0,4.0
2025-11-25,CAT-28,5.0,4.0
2025-11-25,CAT-29,7.0,4.0
2025-11-25,CAT-30,8.0,4.0
2025-11-25,CAT-31,4.0,4.0
2025-11-25,CAT-32,4.0,4.0
2025-11-25,CAT-33,5.0,4.0
2025-11-25,CAT-34,8.0,4.0
2025-11-25,CAT-35,7.0,4.0
2025-11-25,CAT-36,4.0,4.0
2025-11-25,CAT-37,5.0,4.0
2025-11-25,CAT-38,5.0,4.0
2025-11-25,CAT-39,5.0,4.0
2025-11-25,CAT-40,6.0,4.0
2025-11-25,CAT-41,6.0,4.0
2025-11-25,CAT-42,5.0,4.0
2025-11-25,CAT-43,4.0,4.0
2025-11-25,CAT-44,6.0,4.0
2025-11-25,CAT-45,6.0,4.0
2025-11-25,CAT-46,5.0,4.0
2025-11-25,CAT-47,6.0,4.0
2025-11-25,CAT-48,3.0,4.0
2025-11-25,CAT-49,4.0,4.0
2025-11-26,CAT-01,4.0,1.0
2025-11-26,CAT-02,6.0,1.0
2025-11-26,CAT-03,6.0,1.0
2025-11-26,CAT-04,7.0,1.0
2025-11-26,CAT-05,4.0,1.0
2025-11-26,CAT-06,3.0,1.0
2025-11-26,CAT-07,7.0,1.0
2025-11-26,CAT-08,14.0,10.0
2025-11-26,CAT-09,9.0,5.0
2025-11-26,CAT-10,6.0,1.0
2025-11-26,CAT-11,3.0,1.0
2025-11-26,CAT-12,3.0,1.0
2025-11-26,CAT-13,5.0,1.0
2025-11-26,CAT-14,7.0,1.0
2025-11-26,CAT-15,4.0,1.0
2025-11-26,CAT-16,8.0,5.0
2025-11-26,CAT-17,5.0,1.0
2025-11-26,CAT-18,7.0,5.0
2025-11-26,CAT-19,5.0,1.0
2025-11-26,CAT-20,13.0,10.0
2025-11-26,CAT-21,4.0,1.0
2025-11-26,CAT-22,13.0,10.0
2025-11-26,CAT-23,7.0,1.0
2025-11-26,CAT-24,4.0,1.0
2025-11-26,CAT-25,8.0,1.0
2025-11-26,CAT-26,6.0,1.0
2025-11-26,CAT-27,6.0,1.0
2025-11-26,CAT-28,5.0,1.0
2025-11-26,CAT-29,7.0,1.0
2025-11-26,CAT-30,8.0,1.0
2025-11-26,CAT-31,4.0,1.0
2025-11-26,CAT-32,4.0,1.0
2025-11-26,CAT-33,5.0,1.0
2025-11-26,CAT-34,8.0,1.0
2025-11-26,CAT-35,7.0,1.0
2025-11-26,CAT-36,4.0,1.0
2025-11-26,CAT-37,5.0,1.0
2025-11-26,CAT-38,5.0,1.0
2025-11-26,CAT-39,5.0,1.0
2025-11-26,CAT-40,6.0,1.0
2025-11-26,CAT-41,6.0,1.0
2025-11-26,CAT-42,5.0,1.0
2025-11-26,CAT-43,4.0,1.0
2025-11-26,CAT-44,6.0,1.0
2025-11-26,CAT-45,6.0,1.0
2025-11-26,CAT-46,5.0,1.0
2025-11-26,CAT-47,6.0,1.0
2025-11-26,CAT-48,3.0,1.0
2025-11-26,CAT-49,4.0,1.0
2025-11-27,CAT-01,4.0,1.0
2025-11-27,CAT-02,6.0,1.0
2025-11-27,CAT-03,6.0,1.0
2025-11-27,CAT-04,7.0,1.0
2025-11-27,CAT-05,4.0,1.0
2025-11-27,CAT-06,3.0,1.0
2025-11-27,CAT-07,7.0,1.0
2025-11-27,CAT-08,14.0,10.0
2025-11-27,CAT-09,7.0,3.0
2025-11-27,CAT-10,6.0,1.0
2025-11-27,CAT-11,3.0,1.0
2025-11-27,CAT-12,3.0,1.0
2025-11-27,CAT-13,5.0,1.0
2025-11-27,CAT-14,7.0,1.0
2025-11-27,CAT-15,4.0,1.0
2025-11-27,CAT-16,7.0,3.0
2025-11-27,CAT-17,5.0,1.0
2025-11-27,CAT-18,5.0,3.0
2025-11-27,CAT-19,5.0,1.0
2025-11-27,CAT-20,13.0,10.0
2025-11-27,CAT-21,4.0,1.0
2025-11-27,CAT-22,13.0,10.0
2025-11-27,CAT-23,7.0,1.0
2025-11-27,CAT-24,4.0,1.0
2025-11-27,CAT-25,8.0,1.0
2025-11-27,CAT-26,6.0,1.0
2025-11-27,CAT-27,6.0,1.0
2025-11-27,CAT-28,5.0,1.0
2025-11-27,CAT-29,7.0,1.0
2025-11-27,CAT-30,8.0,1.0
2025-11-27,CAT-31,4.0,1.0
2025-11-27,CAT-32,4.0,1.0
2025-11-27,CAT-33,5.0,1.0
2025-11-27,CAT-34,8.0,1.0
2025-11-27,CAT-35,7.0,1.0
2025-11-27,CAT-36,4.0,1.0
2025-11-27,CAT-37,5.0,1.0
2025-11-27,CAT-38,5.0,1.0
2025-11-27,CAT-39,5.0,1.0
2025-11-27,CAT-40,6.0,1.0
2025-11-27,CAT-41,6.0,1.0
2025-11-27,CAT-42,5.0,1.0
2025-11-27,CAT-43,4.0,1.0
2025-11-27,CAT-44,6.0,1.0
2025-11-27,CAT-45,6.0,1.0
2025-11-27,CAT-46,5.0,1.0
2025-11-27,CAT-47,6.0,1.0
2025-11-27,CAT-48,3.0,1.0
2025-11-27,CAT-49,4.0,1.0
2025-11-28,CAT-01,4.0,1.0
2025-11-28,CAT-02,6.0,1.0
2025-11-28,CAT-03,6.0,1.0
2025-11-28,CAT-04,7.0,1.0
2025-11-28,CAT-05,4.0,1.0
2025-11-28,CAT-06,3.0,1.0
2025-11-28,CAT-07,7.0,1.0
2025-11-28,CAT-08,14.0,10.0
2025-11-28,CAT-09,9.0,5.0
2025-11-28,CAT-10,6.0,1.0
2025-11-28,CAT-11,3.0,1.0
2025-11-28,CAT-12,3.0,1.0
2025-11-28,CAT-13,5.0,1.0
2025-11-28,CAT-14,7.0,1.0
2025-11-28,CAT-15,4.0,1.0
2025-11-28,CAT-16,8.0,5.0
2025-11-28,CAT-17,5.0,1.0
2025-11-28,CAT-18,7.0,5.0
2025-11-28,CAT-19,5.0,1.0
2025-11-28,CAT-20,13.0,10.0
2025-11-28,CAT-21,4.0,1.0
2025-11-28,CAT-22,13.0,10.0
2025-11-28,CAT-23,7.0,1.0
2025-11-28,CAT-24,4.0,1.0
2025-11-28,CAT-25,8.0,1.0
2025-11-28,CAT-26,6.0,1.0
2025-11-28,CAT-27,6.0,1.0
2025-11-28,CAT-28,5.0,1.0
2025-11-28,CAT-29,7.0,1.0
2025-11-28,CAT-30,8.0,1.0
2025-11-28,CAT-31,4.0,1.0
2025-11-28,CAT-32,4.0,1.0
2025-11-28,CAT-33,5.0,1.0
2025-11-28,CAT-34,8.0,1.0
2025-11-28,CAT-35,7.0,1.0
2025-11-28,CAT-36,4.0,1.0
2025-11-28,CAT-37,5.0,1.0
2025-11-28,CAT-38,5.0,1.0
2025-11-28,CAT-39,5.0,1.0
2025-11-28,CAT-40,6.0,1.0
2025-11-28,CAT-41,6.0,1.0
2025-11-28,CAT-42,5.0,1.0
2025-11-28,CAT-43,4.0,1.0
2025-11-28,CAT-44,6.0,1.0
2025-11-28,CAT-45,6.0,1.0
2025-11-28,CAT-46,5.0,1.0
2025-11-28,CAT-47,6.0,1.0
2025-11-28,CAT-48,3.0,1.0
2025-11-28,CAT-49,4.0,1.0
2025-11-29,CAT-01,4.0,1.0
2025-11-29,CAT-02,6.0,1.0
2025-11-29,CAT-03,6.0,1.0
2025-11-29,CAT-04,7.0,1.0
2025-11-29,CAT-05,4.0,1.0
2025-11-29,CAT-06,3.0,1.0
2025-11-29,CAT-07,7.0,1.0
2025-11-29,CAT-08,14.0,10.0
2025-11-29,CAT-09,7.0,3.0
2025-11-29,CAT-10,6.0,1.0
2025-11-29,CAT-11,3.0,1.0
2025-11-29,CAT-12,3.0,1.0
2025-11-29,CAT-13,5.0,1.0
2025-11-29,CAT-14,7.0,1.0
2025-11-29,CAT-15,4.0,1.0
2025-11-29,CAT-16,7.0,3.0
2025-11-29,CAT-17,5.0,1.0
2025-11-29,CAT-18,5.0,3.0
2025-11-29,CAT-19,5.0,1.0
2025-11-29,CAT-20,13.0,10.0
2025-11-29,CAT-21,4.0,1.0
2025-11-29,CAT-22,13.0,10.0
2025-11-29,CAT-23,7.0,1.0
2025-11-29,CAT-24,4.0,1.0
2025-11-29,CAT-25,8.0,1.0
2025-11-29,CAT-26,6.0,1.0
2025-11-29,CAT-27,6.0,1.0
2025-11-29,CAT-28,5.0,1.0
2025-11-29,CAT-29,7.0,1.0
2025-11-29,CAT-30,8.0,1.0
2025-11-29,CAT-31,4.0,1.0
2025-11-29,CAT-32,4.0,1.0
2025-11-29,CAT-33,5.0,1.0
2025-11-29,CAT-34,8.0,1.0
2025-11-29,CAT-35,7.0,1.0
2025-11-29,CAT-36,4.0,1.0
2025-11-29,CAT-37,5.0,1.0
2025-11-29,CAT-38,5.0,1.0
2025-11-29,CAT-39,5.0,1.0
2025-11-29,CAT-40,6.0,1.0
2025-11-29,CAT-41,6.0,1.0
2025-11-29,CAT-42,5.0,1.0
2025-11-29,CAT-43,4.0,1.0
2025-11-29,CAT-44,6.0,1.0
2025-11-29,CAT-45,6.0,1.0
2025-11-29,CAT-46,5.0,1.0
2025-11-29,CAT-47,6.0,1.0
2025-11-29,CAT-48,3.0,1.0
2025-11-29,CAT-49,4.0,1.0
2025-11-30,CAT-01,4.0,1.0
2025-11-30,CAT-02,6.0,1.0
2025-11-30,CAT-03,6.0,1.0
2025-11-30,CAT-04,7.0,1.0
2025-11-30,CAT-05,4.0,1.0
2025-11-30,CAT-06,3.0,1.0
2025-11-30,CAT-07,7.0,1.0
2025-11-30,CAT-08,14.0,10.0
2025-11-30,CAT-09,7.0,3.0
2025-11-30,CAT-10,6.0,1.0
2025-11-30,CAT-11,3.0,1.0
2025-11-30,CAT-12,3.0,1.0
2025-11-30,CAT-13,5.0,1.0
2025-11-30,CAT-14,7.0,1.0
2025-11-30,CAT-15,4.0,1.0
2025-11-30,CAT-16,7.0,3.0
2025-11-30,CAT-17,5.0,1.0
2025-11-30,CAT-18,5.0,3.0
2025-11-30,CAT-19,5.0,1.0
2025-11-30,CAT-20,13.0,10.0
2025-11-30,CAT-21,4.0,1.0
2025-11-30,CAT-22,13.0,10.0
2025-11-30,CAT-23,7.0,1.0
2025-11-30,CAT-24,4.0,1.0
2025-11-30,CAT-25,8.0,1.0
2025-11-30,CAT-26,6.0,1.0
2025-11-30,CAT-27,6.0,1.0
2025-11-30,CAT-28,5.0,1.0
2025-11-30,CAT-29,7.0,1.0
2025-11-30,CAT-30,8.0,1.0
2025-11-30,CAT-31,4.0,1.0
2025-11-30,CAT-32,4.0,1.0
2025-11-30,CAT-33,5.0,1.0
2025-11-30,CAT-34,8.0,1.0
2025-11-30,CAT-35,7.0,1.0
2025-11-30,CAT-36,4.0,1.0
2025-11-30,CAT-37,5.0,1.0
2025-11-30,CAT-38,5.0,1.0
2025-11-30,CAT-39,5.0,1.0
2025-11-30,CAT-40,6.0,1.0
2025-11-30,CAT-41,6.0,1.0
2025-11-30,CAT-42,5.0,1.0
2025-11-30,CAT-43,4.0,1.0
2025-11-30,CAT-44,6.0,1.0
2025-11-30,CAT-45,6.0,1.0
2025-11-30,CAT-46,5.0,1.0
2025-11-30,CAT-47,6.0,1.0
2025-11-30,CAT-48,3.0,1.0
2025-11-30,CAT-49,4.0,1.0
2025-12-01,CAT-01,4.0,1.0
2025-12-01,CAT-02,6.0,1.0
2025-12-01,CAT-03,6.0,1.0
2025-12-01,CAT-04,7.0,1.0
2025-12-01,CAT-05,4.0,1.0
2025-12-01,CAT-06,3.0,1.0
2025-12-01,CAT-07,7.0,1.0
2025-12-01,CAT-08,9.0,3.0
2025-12-01,CAT-09,9.0,6.0
2025-12-01,CAT-10,6.0,1.0
2025-12-01,CAT-11,3.0,1.0
2025-12-01,CAT-12,3.0,1.0
2025-12-01,CAT-13,5.0,1.0
2025-12-01,CAT-14,7.0,1.0
2025-12-01,CAT-15,4.0,1.0
2025-12-01,CAT-16,9.0,6.0
2025-12-01,CAT-17,5.0,1.0
2025-12-01,CAT-18,5.0,3.0
2025-12-01,CAT-19,5.0,1.0
2025-12-01,CAT-20,8.0,3.0
2025-12-01,CAT-21,4.0,1.0
2025-12-01,CAT-22,9.0,3.0
2025-12-01,CAT-23,7.0,1.0
2025-12-01,CAT-24,4.0,1.0
2025-12-01,CAT-25,8.0,1.0
2025-12-01,CAT-26,6.0,1.0
2025-12-01,CAT-27,6.0,1.0
2025-12-01,CAT-28,5.0,1.0
2025-12-01,CAT-29,7.0,1.0
2025-12-01,CAT-30,8.0,1.0
2025-12-01,CAT-31,4.0,1.0
2025-12-01,CAT-32,4.0,1.0
2025-12-01,CAT-33,5.0,1.0
2025-12-01,CAT-34,8.0,1.0
2025-12-01,CAT-35,7.0,1.0
2025-12-01,CAT-36,4.0,1.0
2025-12-01,CAT-37,5.0,1.0
2025-12-01,CAT-38,5.0,1.0
2025-12-01,CAT-39,5.0,1.0
2025-12-01,CAT-40,6.0,1.0
2025-12-01,CAT-41,6.0,1.0
2025-12-01,CAT-42,5.0,1.0
2025-12-01,CAT-43,4.0,1.0
2025-12-01,CAT-44,6.0,1.0
2025-12-01,CAT-45,6.0,1.0
2025-12-01,CAT-46,5.0,1.0
2025-12-01,CAT-47,6.0,1.0
2025-12-01,CAT-48,3.0,1.0
2025-12-01,CAT-49,4.0,1.0
2025-12-02,CAT-01,4.0,1.0
2025-12-02,CAT-02,6.0,1.0
2025-12-02,CAT-03,6.0,1.0
2025-12-02,CAT-04,7.0,1.0
2025-12-02,CAT-05,4.0,1.0
2025-12-02,CAT-06,3.0,1.0
2025-12-02,CAT-07,7.0,1.0
2025-12-02,CAT-08,9.0,3.0
2025-12-02,CAT-09,7.0,3.0
2025-12-02,CAT-10,6.0,1.0
2025-12-02,CAT-11,3.0,1.0
2025-12-02,CAT-12,3.0,1.0
2025-12-02,CAT-13,5.0,1.0
2025-12-02,CAT-14,7.0,1.0
2025-12-02,CAT-15,4.0,1.0
2025-12-02,CAT-16,8.0,4.0
2025-12-02,CAT-17,5.0,1.0
2025-12-02,CAT-18,7.0,6.0
2025-12-02,CAT-19,5.0,1.0
2025-12-02,CAT-20,8.0,3.0
2025-12-02,CAT-21,4.0,1.0
2025-12-02,CAT-22,9.0,3.0
2025-12-02,CAT-23,7.0,1.0
2025-12-02,CAT-24,4.0,1.0
2025-12-02,CAT-25,8.0,1.0
2025-12-02,CAT-26,6.0,1.0
2025-12-02,CAT-27,6.0,1.0
2025-12-02,CAT-28,5.0,1.0
2025-12-02,CAT-29,7.0,1.0
2025-12-02,CAT-30,8.0,1.0
2025-12-02,CAT-31,4.0,1.0
2025-12-02,CAT-32,4.0,1.0
2025-12-02,CAT-33,5.0,1.0
2025-12-02,CAT-34,8.0,1.0
2025-12-02,CAT-35,7.0,1.0
2025-12-02,CAT-36,4.0,1.0
2025-12-02,CAT-37,5.0,1.0
2025-12-02,CAT-38,5.0,1.0
2025-12-02,CAT-39,5.0,1.0
2025-12-02,CAT-40,6.0,1.0
2025-12-02,CAT-41,6.0,1.0
2025-12-02,CAT-42,5.0,1.0
2025-12-02,CAT-43,4.0,1.0
2025-12-02,CAT-44,6.0,1.0
2025-12-02,CAT-45,6.0,1.0
2025-12-02,CAT-46,5.0,1.0
2025-12-02,CAT-47,6.0,1.0
2025-12-02,CAT-48,3.0,1.0
2025-12-02,CAT-49,4.0,1.0
2025-12-03,CAT-01,4.0,1.0
2025-12-03,CAT-02,6.0,1.0
2025-12-03,CAT-03,6.0,1.0
2025-12-03,CAT-04,7.0,1.0
2025-12-03,CAT-05,4.0,1.0
2025-12-03,CAT-06,3.0,1.0
2025-12-03,CAT-07,7.0,1.0
2025-12-03,CAT-08,9.0,3.0
2025-12-03,CAT-09,7.0,3.0
2025-12-03,CAT-10,6.0,1.0
2025-12-03,CAT-11,3.0,1.0
2025-12-03,CAT-12,3.0,1.0
2025-12-03,CAT-13,5.0,1.0
2025-12-03,CAT-14,7.0,1.0
2025-12-03,CAT-15,4.0,1.0
2025-12-03,CAT-16,7.0,3.0
2025-12-03,CAT-17,5.0,1.0
2025-12-03,CAT-18,5.0,3.0
2025-12-03,CAT-19,5.0,1.0
2025-12-03,CAT-20,8.0,3.0
2025-12-03,CAT-21,4.0,1.0
2025-12-03,CAT-22,9.0,3.0
2025-12-03,CAT-23,7.0,1.0
2025-12-03,CAT-24,4.0,1.0
2025-12-03,CAT-25,8.0,1.0
2025-12-03,CAT-26,6.0,1.0
2025-12-03,CAT-27,6.0,1.0
2025-12-03,CAT-28,5.0,1.0
2025-12-03,CAT-29,7.0,1.0
2025-12-03,CAT-30,8.0,1.0
2025-12-03,CAT-31,4.0,1.0
2025-12-03,CAT-32,4.0,1.0
2025-12-03,CAT-33,5.0,1.0
2025-12-03,CAT-34,8.0,1.0
2025-12-03,CAT-35,7.0,1.0
2025-12-03,CAT-36,4.0,1.0
2025-12-03,CAT-37,5.0,1.0
2025-12-03,CAT-38,5.0,1.0
2025-12-03,CAT-39,5.0,1.0
2025-12-03,CAT-40,6.0,1.0
2025-12-03,CAT-41,6.0,1.0
2025-12-03,CAT-42,5.0,1.0
2025-12-03,CAT-43,4.0,1.0
2025-12-03,CAT-44,6.0,1.0
2025-12-03,CAT-45,6.0,1.0
2025-12-03,CAT-46,5.0,1.0
2025-12-03,CAT-47,6.0,1.0
2025-12-03,CAT-48,3.0,1.0
2025-12-03,CAT-49,4.0,1.0
2025-12-04,CAT-01,4.0,1.0
2025-12-04,CAT-02,6.0,1.0
2025-12-04,CAT-03,6.0,1.0
2025-12-04,CAT-04,7.0,1.0
2025-12-04,CAT-05,4.0,1.0
2025-12-04,CAT-06,3.0,1.0
2025-12-04,CAT-07,7.0,1.0
2025-12-04,CAT-08,9.0,3.0
2025-12-04,CAT-09,7.0,3.0
2025-12-04,CAT-10,6.0,1.0
2025-12-04,CAT-11,3.0,1.0
2025-12-04,CAT-12,3.0,1.0
2025-12-04,CAT-13,5.0,1.0
2025-12-04,CAT-14,7.0,1.0
2025-12-04,CAT-15,4.0,1.0
2025-12-04,CAT-16,7.0,3.0
2025-12-04,CAT-17,5.0,1.0
2025-12-04,CAT-18,5.0,3.0
2025-12-04,CAT-19,5.0,1.0
2025-12-04,CAT-20,8.0,3.0
2025-12-04,CAT-21,4.0,1.0
2025-12-04,CAT-22,9.0,3.0
2025-12-04,CAT-23,7.0,1.0
2025-12-04,CAT-24,4.0,1.0
2025-12-04,CAT-25,8.0,1.0
2025-12-04,CAT-26,6.0,1.0
2025-12-04,CAT-27,6.0,1.0
2025-12-04,CAT-28,5.0,1.0
2025-12-04,CAT-29,7.0,1.0
2025-12-04,CAT-30,8.0,1.0
2025-12-04,CAT-31,4.0,1.0
2025-12-04,CAT-32,4.0,1.0
2025-12-04,CAT-33,5.0,1.0
2025-12-04,CAT-34,8.0,1.0
2025-12-04,CAT-35,7.0,1.0
2025-12-04,CAT-36,4.0,1.0
2025-12-04,CAT-37,5.0,1.0
2025-12-04,CAT-38,5.0,1.0
2025-12-04,CAT-39,5.0,1.0
2025-12-04,CAT-40,6.0,1.0
2025-12-04,CAT-41,6.0,1.0
2025-12-04,CAT-42,5.0,1.0
2025-12-04,CAT-43,4.0,1.0
2025-12-04,CAT-44,6.0,1.0
2025-12-04,CAT-45,6.0,1.0
2025-12-04,CAT-46,5.0,1.0
2025-12-04,CAT-47,6.0,1.0
2025-12-04,CAT-48,3.0,1.0
2025-12-04,CAT-49,4.0,1.0
2025-12-05,CAT-01,4.0,1.0
2025-12-05,CAT-02,6.0,1.0
2025-12-05,CAT-03,6.0,1.0
2025-12-05,CAT-04,7.0,1.0
2025-12-05,CAT-05,4.0,1.0
2025-12-05,CAT-06,3.0,1.0
2025-12-05,CAT-07,7.0,1.0
2025-12-05,CAT-08,9.0,3.0
2025-12-05,CAT-09,7.0,3.0
2025-12-05,CAT-10,6.0,1.0
2025-12-05,CAT-11,3.0,1.0
2025-12-05,CAT-12,3.0,1.0
2025-12-05,CAT-13,5.0,1.0
2025-12-05,CAT-14,7.0,1.0
2025-12-05,CAT-15,4.0,1.0
2025-12-05,CAT-16,7.0,3.0
2025-12-05,CAT-17,5.0,1.0
2025-12-05,CAT-18,5.0,3.0
2025-12-05,CAT-19,5.0,1.0
2025-12-05,CAT-20,8.0,3.0
2025-12-05,CAT-21,4.0,1.0
2025-12-05,CAT-22,9.0,3.0
2025-12-05,CAT-23,7.0,1.0
2025-12-05,CAT-24,4.0,1.0
2025-12-05,CAT-25,8.0,1.0
2025-12-05,CAT-26,6.0,1.0
2025-12-05,CAT-27,6.0,1.0
2025-12-05,CAT-28,5.0,1.0
2025-12-05,CAT-29,7.0,1.0
2025-12-05,CAT-30,8.0,1.0
2025-12-05,CAT-31,4.0,1.0
2025-12-05,CAT-32,4.0,1.0
2025-12-05,CAT-33,5.0,1.0
2025-12-05,CAT-34,8.0,1.0
2025-12-05,CAT-35,7.0,1.0
2025-12-05,CAT-36,4.0,1.0
2025-12-05,CAT-37,5.0,1.0
2025-12-05,CAT-38,5.0,1.0
2025-12-05,CAT-39,5.0,1.0
2025-12-05,CAT-40,6.0,1.0
2025-12-05,CAT-41,6.0,1.0
2025-12-05,CAT-42,5.0,1.0
2025-12-05,CAT-43,4.0,1.0
2025-12-05,CAT-44,6.0,1.0
2025-12-05,CAT-45,6.0,1.0
2025-12-05,CAT-46,5.0,1.0
2025-12-05,CAT-47,6.0,1.0
2025-12-05,CAT-48,3.0,1.0
2025-12-05,CAT-49,4.0,1.0
2025-12-06,CAT-01,4.0,1.0
2025-12-06,CAT-02,6.0,1.0
2025-12-06,CAT-03,6.0,1.0
2025-12-06,CAT-04,7.0,1.0
2025-12-06,CAT-05,4.0,1.0
2025-12-06,CAT-06,3.0,1.0
2025-12-06,CAT-07,7.0,1.0
2025-12-06,CAT-08,9.0,3.0
2025-12-06,CAT-09,7.0,3.0
2025-12-06,CAT-10,6.0,1.0
2025-12-06,CAT-11,3.0,1.0
2025-12-06,CAT-12,3.0,1.0
2025-12-06,CAT-13,5.0,1.0
2025-12-06,CAT-14,7.0,1.0
2025-12-06,CAT-15,4.0,1.0
2025-12-06,CAT-16,7.0,3.0
2025-12-06,CAT-17,5.0,1.0
2025-12-06,CAT-18,4.0,1.0
2025-12-06,CAT-19,5.0,1.0
2025-12-06,CAT-20,8.0,3.0
2025-12-06,CAT-21,4.0,1.0
2025-12-06,CAT-22,9.0,3.0
2025-12-06,CAT-23,7.0,1.0
2025-12-06,CAT-24,5.0,3.0
2025-12-06,CAT-25,8.0,1.0
2025-12-06,CAT-26,6.0,1.0
2025-12-06,CAT-27,6.0,1.0
2025-12-06,CAT-28,5.0,1.0
2025-12-06,CAT-29,7.0,1.0
2025-12-06,CAT-30,8.0,1.0
2025-12-06,CAT-31,4.0,1.0
2025-12-06,CAT-32,4.0,1.0
2025-12-06,CAT-33,5.0,1.0
2025-12-06,CAT-34,8.0,1.0
2025-12-06,CAT-35,7.0,1.0
2025-12-06,CAT-36,4.0,1.0
2025-12-06,CAT-37,5.0,1.0
2025-12-06,CAT-38,5.0,1.0
2025-12-06,CAT-39,5.0,1.0
2025-12-06,CAT-40,6.0,1.0
2025-12-06,CAT-41,6.0,1.0
2025-12-06,CAT-42,5.0,1.0
2025-12-06,CAT-43,4.0,1.0
2025-12-06,CAT-44,6.0,1.0
2025-12-06,CAT-45,6.0,1.0
2025-12-06,CAT-46,5.0,1.0
2025-12-06,CAT-47,6.0,1.0
2025-12-06,CAT-48,3.0,1.0
2025-12-06,CAT-49,4.0,1.0
2025-12-07,CAT-01,4.0,1.0
2025-12-07,CAT-02,6.0,1.0
2025-12-07,CAT-03,6.0,1.0
2025-12-07,CAT-04,7.0,1.0
2025-12-07,CAT-05,4.0,1.0
2025-12-07,CAT-06,3.0,1.0
2025-12-07,CAT-07,7.0,1.0
2025-12-07,CAT-08,9.0,3.0
2025-12-07,CAT-09,7.0,3.0
2025-12-07,CAT-10,6.0,1.0
2025-12-07,CAT-11,3.0,1.0
2025-12-07,CAT-12,3.0,1.0
2025-12-07,CAT-13,5.0,1.0
2025-12-07,CAT-14,7.0,1.0
2025-12-07,CAT-15,4.0,1.0
2025-12-07,CAT-16,7.0,3.0
2025-12-07,CAT-17,5.0,1.0
2025-12-07,CAT-18,4.0,1.0
2025-12-07,CAT-19,5.0,1.0
2025-12-07,CAT-20,8.0,3.0
2025-12-07,CAT-21,4.0,1.0
2025-12-07,CAT-22,9.0,3.0
2025-12-07,CAT-23,7.0,1.0
2025-12-07,CAT-24,5.0,3.0
2025-12-07,CAT-25,8.0,1.0
2025-12-07,CAT-26,6.0,1.0
2025-12-07,CAT-27,6.0,1.0
2025-12-07,CAT-28,5.0,1.0
2025-12-07,CAT-29,7.0,1.0
2025-12-07,CAT-30,8.0,1.0
2025-12-07,CAT-31,4.0,1.0
2025-12-07,CAT-32,4.0,1.0
2025-12-07,CAT-33,5.0,1.0
2025-12-07,CAT-34,8.0,1.0
2025-12-07,CAT-35,7.0,1.0
2025-12-07,CAT-36,4.0,1.0
2025-12-07,CAT-37,5.0,1.0
2025-12-07,CAT-38,5.0,1.0
2025-12-07,CAT-39,5.0,1.0
2025-12-07,CAT-40,6.0,1.0
2025-12-07,CAT-41,6.0,1.0
2025-12-07,CAT-42,5.0,1.0
2025-12-07,CAT-43,4.0,1.0
2025-12-07,CAT-44,6.0,1.0
2025-12-07,CAT-45,6.0,1.0
2025-12-07,CAT-46,5.0,1.0
2025-12-07,CAT-47,6.0,1.0
2025-12-07,CAT-48,3.0,1.0
2025-12-07,CAT-49,4.0,1.0
2025-12-08,CAT-01,4.0,1.0
2025-12-08,CAT-02,6.0,1.0
2025-12-08,CAT-03,6.0,1.0
2025-12-08,CAT-04,7.0,1.0
2025-12-08,CAT-05,4.0,1.0
2025-12-08,CAT-06,3.0,1.0
2025-12-08,CAT-07,7.0,1.0
2025-12-08,CAT-08,9.0,3.0
2025-12-08,CAT-09,7.0,3.0
2025-12-08,CAT-10,6.0,1.0
2025-12-08,CAT-11,3.0,1.0
2025-12-08,CAT-12,3.0,1.0
2025-12-08,CAT-13,5.0,1.0
2025-12-08,CAT-14,7.0,1.0
2025-12-08,CAT-15,4.0,1.0
2025-12-08,CAT-16,7.0,3.0
2025-12-08,CAT-17,5.0,1.0
2025-12-08,CAT-18,4.0,1.0
2025-12-08,CAT-19,5.0,1.0
2025-12-08,CAT-20,8.0,3.0
2025-12-08,CAT-21,4.0,1.0
2025-12-08,CAT-22,9.0,3.0
2025-12-08,CAT-23,7.0,1.0
2025-12-08,CAT-24,5.0,3.0
2025-12-08,CAT-25,8.0,1.0
2025-12-08,CAT-26,6.0,1.0
2025-12-08,CAT-27,6.0,1.0
2025-12-08,CAT-28,5.0,1.0
2025-12-08,CAT-29,7.0,1.0
2025-12-08,CAT-30,8.0,1.0
2025-12-08,CAT-31,4.0,1.0
2025-12-08,CAT-32,4.0,1.0
2025-12-08,CAT-33,5.0,1.0
2025-12-08,CAT-34,8.0,1.0
2025-12-08,CAT-35,7.0,1.0
2025-12-08,CAT-36,4.0,1.0
2025-12-08,CAT-37,5.0,1.0
2025-12-08,CAT-38,5.0,1.0
2025-12-08,CAT-39,5.0,1.0
2025-12-08,CAT-40,6.0,1.0
2025-12-08,CAT-41,6.0,1.0
2025-12-08,CAT-42,5.0,1.0
2025-12-08,CAT-43,4.0,1.0
2025-12-08,CAT-44,6.0,1.0
2025-12-08,CAT-45,6.0,1.0
2025-12-08,CAT-46,5.0,1.0
2025-12-08,CAT-47,6.0,1.0
2025-12-08,CAT-48,3.0,1.0
2025-12-08,CAT-49,4.0,1.0
2025-12-09,CAT-01,4.0,1.0
2025-12-09,CAT-02,6.0,1.0
2025-12-09,CAT-03,6.0,1.0
2025-12-09,CAT-04,7.0,1.0
2025-12-09,CAT-05,4.0,1.0
2025-12-09,CAT-06,3.0,1.0
2025-12-09,CAT-07,7.0,1.0
2025-12-09,CAT-08,9.0,3.0
2025-12-09,CAT-09,7.0,3.0
2025-12-09,CAT-10,6.0,1.0
2025-12-09,CAT-11,3.0,1.0
2025-12-09,CAT-12,3.0,1.0
2025-12-09,CAT-13,5.0,1.0
2025-12-09,CAT-14,7.0,1.0
2025-12-09,CAT-15,4.0,1.0
2025-12-09,CAT-16,7.0,3.0
2025-12-09,CAT-17,5.0,1.0
2025-12-09,CAT-18,4.0,1.0
2025-12-09,CAT-19,5.0,1.0
2025-12-09,CAT-20,8.0,3.0
2025-12-09,CAT-21,4.0,1.0
2025-12-09,CAT-22,9.0,3.0
2025-12-09,CAT-23,7.0,1.0
2025-12-09,CAT-24,5.0,3.0
2025-12-09,CAT-25,8.0,1.0
2025-12-09,CAT-26,6.0,1.0
2025-12-09,CAT-27,6.0,1.0
2025-12-09,CAT-28,5.0,1.0
2025-12-09,CAT-29,7.0,1.0
2025-12-09,CAT-30,8.0,1.0
2025-12-09,CAT-31,4.0,1.0
2025-12-09,CAT-32,4.0,1.0
2025-12-09,CAT-33,5.0,1.0
2025-12-09,CAT-34,8.0,1.0
2025-12-09,CAT-35,7.0,1.0
2025-12-09,CAT-36,4.0,1.0
2025-12-09,CAT-37,5.0,1.0
2025-12-09,CAT-38,5.0,1.0
2025-12-09,CAT-39,5.0,1.0
2025-12-09,CAT-40,6.0,1.0
2025-12-09,CAT-41,6.0,1.0
2025-12-09,CAT-42,5.0,1.0
2025-12-09,CAT-43,4.0,1.0
2025-12-09,CAT-44,6.0,1.0
2025-12-09,CAT-45,6.0,1.0
2025-12-09,CAT-46,5.0,1.0
2025-12-09,CAT-47,6.0,1.0
2025-12-09,CAT-48,3.0,1.0
2025-12-09,CAT-49,4.0,1.0
2025-12-10,CAT-01,4.0,1.0
2025-12-10,CAT-02,6.0,1.0
2025-12-10,CAT-03,6.0,1.0
2025-12-10,CAT-04,7.0,1.0
2025-12-10,CAT-05,4.0,1.0
2025-12-10,CAT-06,3.0,1.0
2025-12-10,CAT-07,7.0,1.0
2025-12-10,CAT-08,9.0,3.0
2025-12-10,CAT-09,7.0,3.0
2025-12-10,CAT-10,6.0,1.0
2025-12-10,CAT-11,3.0,1.0
2025-12-10,CAT-12,3.0,1.0
2025-12-10,CAT-13,5.0,1.0
2025-12-10,CAT-14,7.0,1.0
2025-12-10,CAT-15,4.0,1.0
2025-12-10,CAT-16,7.0,3.0
2025-12-10,CAT-17,5.0,1.0
2025-12-10,CAT-18,4.0,1.0
2025-12-10,CAT-19,5.0,1.0
2025-12-10,CAT-20,8.0,3.0
2025-12-10,CAT-21,4.0,1.0
2025-12-10,CAT-22,9.0,3.0
2025-12-10,CAT-23,7.0,1.0
2025-12-10,CAT-24,7.0,6.0
2025-12-10,CAT-25,8.0,1.0
2025-12-10,CAT-26,6.0,1.0
2025-12-10,CAT-27,6.0,1.0
2025-12-10,CAT-28,5.0,1.0
2025-12-10,CAT-29,7.0,1.0
2025-12-10,CAT-30,8.0,1.0
2025-12-10,CAT-31,4.0,1.0
2025-12-10,CAT-32,4.0,1.0
2025-12-10,CAT-33,5.0,1.0
2025-12-10,CAT-34,8.0,1.0
2025-12-10,CAT-35,7.0,1.0
2025-12-10,CAT-36,4.0,1.0
2025-12-10,CAT-37,5.0,1.0
2025-12-10,CAT-38,5.0,1.0
2025-12-10,CAT-39,5.0,1.0
2025-12-10,CAT-40,6.0,1.0
2025-12-10,CAT-41,6.0,1.0
2025-12-10,CAT-42,5.0,1.0
2025-12-10,CAT-43,4.0,1.0
2025-12-10,CAT-44,6.0,1.0
2025-12-10,CAT-45,6.0,1.0
2025-12-10,CAT-46,5.0,1.0
2025-12-10,CAT-47,6.0,1.0
2025-12-10,CAT-48,3.0,1.0
2025-12-10,CAT-49,4.0,1.0
2025-12-11,CAT-01,4.0,1.0
2025-12-11,CAT-02,6.0,1.0
2025-12-11,CAT-03,6.0,1.0
2025-12-11,CAT-04,7.0,1.0
2025-12-11,CAT-05,4.0,1.0
2025-12-11,CAT-06,3.0,1.0
2025-12-11,CAT-07,7.0,1.0
2025-12-11,CAT-08,9.0,3.0
2025-12-11,CAT-09,7.0,3.0
2025-12-11,CAT-10,6.0,1.0
2025-12-11,CAT-11,3.0,1.0
2025-12-11,CAT-12,3.0,1.0
2025-12-11,CAT-13,5.0,1.0
2025-12-11,CAT-14,7.0,1.0
2025-12-11,CAT-15,4.0,1.0
2025-12-11,CAT-16,7.0,3.0
2025-12-11,CAT-17,5.0,1.0
2025-12-11,CAT-18,4.0,1.0
2025-12-11,CAT-19,5.0,1.0
2025-12-11,CAT-20,8.0,3.0
2025-12-11,CAT-21,4.0,1.0
2025-12-11,CAT-22,9.0,3.0
2025-12-11,CAT-23,7.0,1.0
2025-12-11,CAT-24,5.0,3.0
2025-12-11,CAT-25,8.0,1.0
2025-12-11,CAT-26,6.0,1.0
2025-12-11,CAT-27,6.0,1.0
2025-12-11,CAT-28,5.0,1.0
2025-12-11,CAT-29,7.0,1.0
2025-12-11,CAT-30,8.0,1.0
2025-12-11,CAT-31,4.0,1.0
2025-12-11,CAT-32,4.0,1.0
2025-12-11,CAT-33,5.0,1.0
2025-12-11,CAT-34,8.0,1.0
2025-12-11,CAT-35,7.0,1.0
2025-12-11,CAT-36,4.0,1.0
2025-12-11,CAT-37,5.0,1.0
2025-12-11,CAT-38,5.0,1.0
2025-12-11,CAT-39,5.0,1.0
2025-12-11,CAT-40,6.0,1.0
2025-12-11,CAT-41,6.0,1.0
2025-12-11,CAT-42,5.0,1.0
2025-12-11,CAT-43,4.0,1.0
2025-12-11,CAT-44,6.0,1.0
2025-12-11,CAT-45,6.0,1.0
2025-12-11,CAT-46,5.0,1.0
2025-12-11,CAT-47,6.0,1.0
2025-12-11,CAT-48,3.0,1.0
2025-12-11,CAT-49,4.0,1.0
2025-12-12,CAT-01,4.0,1.0
2025-12-12,CAT-02,6.0,1.0
2025-12-12,CAT-03,6.0,1.0
2025-12-12,CAT-04,7.0,1.0
2025-12-12,CAT-05,4.0,1.0
2025-12-12,CAT-06,3.0,1.0
2025-12-12,CAT-07,7.0,1.0
2025-12-12,CAT-08,9.0,3.0
2025-12-12,CAT-09,7.0,3.0
2025-12-12,CAT-10,6.0,1.0
2025-12-12,CAT-11,3.0,1.0
2025-12-12,CAT-12,3.0,1.0
2025-12-12,CAT-13,5.0,1.0
2025-12-12,CAT-14,7.0,1.0
2025-12-12,CAT-15,4.0,1.0
2025-12-12,CAT-16,7.0,3.0
2025-12-12,CAT-17,5.0,1.0
2025-12-12,CAT-18,4.0,1.0
2025-12-12,CAT-19,5.0,1.0
2025-12-12,CAT-20,8.0,3.0
2025-12-12,CAT-21,4.0,1.0
2025-12-12,CAT-22,9.0,3.0
2025-12-12,CAT-23,7.0,1.0
2025-12-12,CAT-24,5.0,3.0
2025-12-12,CAT-25,8.0,1.0
2025-12-12,CAT-26,6.0,1.0
2025-12-12,CAT-27,6.0,1.0
2025-12-12,CAT-28,5.0,1.0
2025-12-12,CAT-29,7.0,1.0
2025-12-12,CAT-30,8.0,1.0
2025-12-12,CAT-31,4.0,1.0
2025-12-12,CAT-32,4.0,1.0
2025-12-12,CAT-33,5.0,1.0
2025-12-12,CAT-34,8.0,1.0
2025-12-12,CAT-35,7.0,1.0
2025-12-12,CAT-36,4.0,1.0
2025-12-12,CAT-37,5.0,1.0
2025-12-12,CAT-38,5.0,1.0
2025-12-12,CAT-39,5.0,1.0
2025-12-12,CAT-40,6.0,1.0
2025-12-12,CAT-41,6.0,1.0
2025-12-12,CAT-42,5.0,1.0
2025-12-12,CAT-43,4.0,1.0
2025-12-12,CAT-44,6.0,1.0
2025-12-12,CAT-45,6.0,1.0
2025-12-12,CAT-46,5.0,1.0
2025-12-12,CAT-47,6.0,1.0
2025-12-12,CAT-48,3.0,1.0
2025-12-12,CAT-49,4.0,1.0
2025-12-13,CAT-01,4.0,1.0
2025-12-13,CAT-02,6.0,1.0
2025-12-13,CAT-03,6.0,1.0
2025-12-13,CAT-04,7.0,1.0
2025-12-13,CAT-05,4.0,1.0
2025-12-13,CAT-06,3.0,1.0
2025-12-13,CAT-07,7.0,1.0
2025-12-13,CAT-08,9.0,3.0
2025-12-13,CAT-09,9.0,6.0
2025-12-13,CAT-10,6.0,1.0
2025-12-13,CAT-11,3.0,1.0
2025-12-13,CAT-12,3.0,1.0
2025-12-13,CAT-13,5.0,1.0
2025-12-13,CAT-14,7.0,1.0
2025-12-13,CAT-15,4.0,1.0
2025-12-13,CAT-16,9.0,6.0
2025-12-13,CAT-17,5.0,1.0
2025-12-13,CAT-18,4.0,1.0
2025-12-13,CAT-19,5.0,1.0
2025-12-13,CAT-20,8.0,3.0
2025-12-13,CAT-21,4.0,1.0
2025-12-13,CAT-22,9.0,3.0
2025-12-13,CAT-23,7.0,1.0
2025-12-13,CAT-24,5.0,3.0
2025-12-13,CAT-25,8.0,1.0
2025-12-13,CAT-26,6.0,1.0
2025-12-13,CAT-27,6.0,1.0
2025-12-13,CAT-28,5.0,1.0
2025-12-13,CAT-29,7.0,1.0
2025-12-13,CAT-30,8.0,1.0
2025-12-13,CAT-31,4.0,1.0
2025-12-13,CAT-32,4.0,1.0
2025-12-13,CAT-33,5.0,1.0
2025-12-13,CAT-34,8.0,1.0
2025-12-13,CAT-35,7.0,1.0
2025-12-13,CAT-36,4.0,1.0
2025-12-13,CAT-37,5.0,1.0
2025-12-13,CAT-38,5.0,1.0
2025-12-13,CAT-39,5.0,1.0
2025-12-13,CAT-40,6.0,1.0
2025-12-13,CAT-41,6.0,1.0
2025-12-13,CAT-42,5.0,1.0
2025-12-13,CAT-43,4.0,1.0
2025-12-13,CAT-44,6.0,1.0
2025-12-13,CAT-45,6.0,1.0
2025-12-13,CAT-46,5.0,1.0
2025-12-13,CAT-47,6.0,1.0
2025-12-13,CAT-48,3.0,1.0
2025-12-13,CAT-49,4.0,1.0
2025-12-14,CAT-01,4.0,1.0
2025-12-14,CAT-02,6.0,1.0
2025-12-14,CAT-03,6.0,1.0
2025-12-14,CAT-04,7.0,1.0
2025-12-14,CAT-05,4.0,1.0
2025-12-14,CAT-06,3.0,1.0
2025-12-14,CAT-07,7.0,1.0
2025-12-14,CAT-08,9.0,3.0
2025-12-14,CAT-09,7.0,3.0
2025-12-14,CAT-10,6.0,1.0
2025-12-14,CAT-11,3.0,1.0
2025-12-14,CAT-12,3.0,1.0
2025-12-14,CAT-13,5.0,1.0
2025-12-14,CAT-14,7.0,1.0
2025-12-14,CAT-15,4.0,1.0
2025-12-14,CAT-16,7.0,3.0
2025-12-14,CAT-17,5.0,1.0
2025-12-14,CAT-18,4.0,1.0
2025-12-14,CAT-19,5.0,1.0
2025-12-14,CAT-20,8.0,3.0
2025-12-14,CAT-21,4.0,1.0
2025-12-14,CAT-22,9.0,3.0
2025-12-14,CAT-23,7.0,1.0
2025-12-14,CAT-24,5.0,3.0
2025-12-14,CAT-25,8.0,1.0
2025-12-14,CAT-26,6.0,1.0
2025-12-14,CAT-27,6.0,1.0
2025-12-14,CAT-28,5.0,1.0
2025-12-14,CAT-29,7.0,1.0
2025-12-14,CAT-30,8.0,1.0
2025-12-14,CAT-31,4.0,1.0
2025-12-14,CAT-32,4.0,1.0
2025-12-14,CAT-33,5.0,1.0
2025-12-14,CAT-34,8.0,1.0
2025-12-14,CAT-35,7.0,1.0
2025-12-14,CAT-36,4.0,1.0
2025-12-14,CAT-37,5.0,1.0
2025-12-14,CAT-38,5.0,1.0
2025-12-14,CAT-39,5.0,1.0
2025-12-14,CAT-40,6.0,1.0
2025-12-14,CAT-41,6.0,1.0
2025-12-14,CAT-42,5.0,1.0
2025-12-14,CAT-43,4.0,1.0
2025-12-14,CAT-44,6.0,1.0
2025-12-14,CAT-45,6.0,1.0
2025-12-14,CAT-46,5.0,1.0
2025-12-14,CAT-47,6.0,1.0
2025-12-14,CAT-48,3.0,1.0
2025-12-14,CAT-49,4.0,1.0
2025-12-15,CAT-01,4.0,1.0
2025-12-15,CAT-02,6.0,1.0
2025-12-15,CAT-03,6.0,1.0
2025-12-15,CAT-04,7.0,1.0
2025-12-15,CAT-05,4.0,1.0
2025-12-15,CAT-06,3.0,1.0
2025-12-15,CAT-07,7.0,1.0
2025-12-15,CAT-08,9.0,3.0
2025-12-15,CAT-09,7.0,3.0
2025-12-15,CAT-10,6.0,1.0
2025-12-15,CAT-11,3.0,1.0
2025-12-15,CAT-12,3.0,1.0
2025-12-15,CAT-13,5.0,1.0
2025-12-15,CAT-14,7.0,1.0
2025-12-15,CAT-15,4.0,1.0
2025-12-15,CAT-16,7.0,3.0
2025-12-15,CAT-17,5.0,1.0
2025-12-15,CAT-18,4.0,1.0
2025-12-15,CAT-19,5.0,1.0
2025-12-15,CAT-20,8.0,3.0
2025-12-15,CAT-21,4.0,1.0
2025-12-15,CAT-22,9.0,3.0
2025-12-15,CAT-23,7.0,1.0
2025-12-15,CAT-24,5.0,3.0
2025-12-15,CAT-25,8.0,1.0
2025-12-15,CAT-26,6.0,1.0
2025-12-15,CAT-27,6.0,1.0
2025-12-15,CAT-28,5.0,1.0
2025-12-15,CAT-29,7.0,1.0
2025-12-15,CAT-30,8.0,1.0
2025-12-15,CAT-31,4.0,1.0
2025-12-15,CAT-32,4.0,1.0
2025-12-15,CAT-33,5.0,1.0
2025-12-15,CAT-34,8.0,1.0
2025-12-15,CAT-35,7.0,1.0
2025-12-15,CAT-36,4.0,1.0
2025-12-15,CAT-37,5.0,1.0
2025-12-15,CAT-38,5.0,1.0
2025-12-15,CAT-39,5.0,1.0
2025-12-15,CAT-40,6.0,1.0
2025-12-15,CAT-41,6.0,1.0
2025-12-15,CAT-42,5.0,1.0
2025-12-15,CAT-43,4.0,1.0
2025-12-15,CAT-44,6.0,1.0
2025-12-15,CAT-45,6.0,1.0
2025-12-15,CAT-46,5.0,1.0
2025-12-15,CAT-47,6.0,1.0
2025-12-15,CAT-48,3.0,1.0
2025-12-15,CAT-49,4.0,1.0
2025-12-16,CAT-01,4.0,1.0
2025-12-16,CAT-02,6.0,1.0
2025-12-16,CAT-03,6.0,1.0
2025-12-16,CAT-04,7.0,1.0
2025-12-16,CAT-05,4.0,1.0
2025-12-16,CAT-06,3.0,1.0
2025-12-16,CAT-07,7.0,1.0
2025-12-16,CAT-08,9.0,3.0
2025-12-16,CAT-09,7.0,3.0
2025-12-16,CAT-10,6.0,1.0
2025-12-16,CAT-11,3.0,1.0
2025-12-16,CAT-12,3.0,1.0
2025-12-16,CAT-13,5.0,1.0
2025-12-16,CAT-14,7.0,1.0
2025-12-16,CAT-15,4.0,1.0
2025-12-16,CAT-16,7.0,3.0
2025-12-16,CAT-17,5.0,1.0
2025-12-16,CAT-18,4.0,1.0
2025-12-16,CAT-19,5.0,1.0
2025-12-16,CAT-20,8.0,3.0
2025-12-16,CAT-21,4.0,1.0
2025-12-16,CAT-22,9.0,3.0
2025-12-16,CAT-23,7.0,1.0
2025-12-16,CAT-24,5.0,3.0
2025-12-16,CAT-25,8.0,1.0
2025-12-16,CAT-26,6.0,1.0
2025-12-16,CAT-27,6.0,1.0
2025-12-16,CAT-28,5.0,1.0
2025-12-16,CAT-29,7.0,1.0
2025-12-16,CAT-30,8.0,1.0
2025-12-16,CAT-31,4.0,1.0
2025-12-16,CAT-32,4.0,1.0
2025-12-16,CAT-33,5.0,1.0
2025-12-16,CAT-34,8.0,1.0
2025-12-16,CAT-35,7.0,1.0
2025-12-16,CAT-36,4.0,1.0
2025-12-16,CAT-37,5.0,1.0
2025-12-16,CAT-38,5.0,1.0
2025-12-16,CAT-39,5.0,1.0
2025-12-16,CAT-40,6.0,1.0
2025-12-16,CAT-41,6.0,1.0
2025-12-16,CAT-42,5.0,1.0
2025-12-16,CAT-43,4.0,1.0
2025-12-16,CAT-44,6.0,1.0
2025-12-16,CAT-45,6.0,1.0
2025-12-16,CAT-46,5.0,1.0
2025-12-16,CAT-47,6.0,1.0
2025-12-16,CAT-48,3.0,1.0
2025-12-16,CAT-49,4.0,1.0
2025-12-17,CAT-01,4.0,1.0
2025-12-17,CAT-02,6.0,1.0
2025-12-17,CAT-03,6.0,1.0
2025-12-17,CAT-04,7.0,1.0
2025-12-17,CAT-05,4.0,1.0
2025-12-17,CAT-06,3.0,1.0
2025-12-17,CAT-07,7.0,1.0
2025-12-17,CAT-08,9.0,3.0
2025-12-17,CAT-09,7.0,3.0
2025-12-17,CAT-10,6.0,1.0
2025-12-17,CAT-11,3.0,1.0
2025-12-17,CAT-12,3.0,1.0
2025-12-17,CAT-13,5.0,1.0
2025-12-17,CAT-14,7.0,1.0
2025-12-17,CAT-15,4.0,1.0
2025-12-17,CAT-16,7.0,3.0
2025-12-17,CAT-17,5.0,1.0
2025-12-17,CAT-18,4.0,1.0
2025-12-17,CAT-19,5.0,1.0
2025-12-17,CAT-20,8.0,3.0
2025-12-17,CAT-21,4.0,1.0
2025-12-17,CAT-22,9.0,3.0
2025-12-17,CAT-23,7.0,1.0
2025-12-17,CAT-24,5.0,3.0
2025-12-17,CAT-25,8.0,1.0
2025-12-17,CAT-26,6.0,1.0
2025-12-17,CAT-27,6.0,1.0
2025-12-17,CAT-28,5.0,1.0
2025-12-17,CAT-29,7.0,1.0
2025-12-17,CAT-30,8.0,1.0
2025-12-17,CAT-31,4.0,1.0
2025-12-17,CAT-32,4.0,1.0
2025-12-17,CAT-33,5.0,1.0
2025-12-17,CAT-34,8.0,1.0
2025-12-17,CAT-35,7.0,1.0
2025-12-17,CAT-36,4.0,1.0
2025-12-17,CAT-37,5.0,1.0
2025-12-17,CAT-38,5.0,1.0
2025-12-17,CAT-39,5.0,1.0
2025-12-17,CAT-40,6.0,1.0
2025-12-17,CAT-41,6.0,1.0
2025-12-17,CAT-42,5.0,1.0
2025-12-17,CAT-43,4.0,1.0
2025-12-17,CAT-44,6.0,1.0
2025-12-17,CAT-45,6.0,1.0
2025-12-17,CAT-46,5.0,1.0
2025-12-17,CAT-47,6.0,1.0
2025-12-17,CAT-48,3.0,1.0
2025-12-17,CAT-49,4.0,1.0
2025-12-18,CAT-01,4.0,1.0
2025-12-18,CAT-02,6.0,1.0
2025-12-18,CAT-03,6.0,1.0
2025-12-18,CAT-04,7.0,1.0
2025-12-18,CAT-05,4.0,1.0
2025-12-18,CAT-06,3.0,1.0
2025-12-18,CAT-07,7.0,1.0
2025-12-18,CAT-08,12.0,8.0
2025-12-18,CAT-09,7.0,3.0
2025-12-18,CAT-10,6.0,1.0
2025-12-18,CAT-11,3.0,1.0
2025-12-18,CAT-12,3.0,1.0
2025-12-18,CAT-13,5.0,1.0
2025-12-18,CAT-14,7.0,1.0
2025-12-18,CAT-15,4.0,1.0
2025-12-18,CAT-16,7.0,3.0
2025-12-18,CAT-17,5.0,1.0
2025-12-18,CAT-18,4.0,1.0
2025-12-18,CAT-19,5.0,1.0
2025-12-18,CAT-20,12.0,8.0
2025-12-18,CAT-21,4.0,1.0
2025-12-18,CAT-22,12.0,8.0
2025-12-18,CAT-23,7.0,1.0
2025-12-18,CAT-24,5.0,3.0
2025-12-18,CAT-25,8.0,1.0
2025-12-18,CAT-26,6.0,1.0
2025-12-18,CAT-27,6.0,1.0
2025-12-18,CAT-28,5.0,1.0
2025-12-18,CAT-29,7.0,1.0
2025-12-18,CAT-30,8.0,1.0
2025-12-18,CAT-31,4.0,1.0
2025-12-18,CAT-32,4.0,1.0
2025-12-18,CAT-33,5.0,1.0
2025-12-18,CAT-34,8.0,1.0
2025-12-18,CAT-35,7.0,1.0
2025-12-18,CAT-36,4.0,1.0
2025-12-18,CAT-37,5.0,1.0
2025-12-18,CAT-38,5.0,1.0
2025-12-18,CAT-39,5.0,1.0
2025-12-18,CAT-40,6.0,1.0
2025-12-18,CAT-41,6.0,1.0
2025-12-18,CAT-42,5.0,1.0
2025-12-18,CAT-43,4.0,1.0
2025-12-18,CAT-44,6.0,1.0
2025-12-18,CAT-45,6.0,1.0
2025-12-18,CAT-46,5.0,1.0
2025-12-18,CAT-47,6.0,1.0
2025-12-18,CAT-48,3.0,1.0
2025-12-18,CAT-49,4.0,1.0
2025-12-19,CAT-01,4.0,1.0
2025-12-19,CAT-02,6.0,1.0
2025-12-19,CAT-03,6.0,1.0
2025-12-19,CAT-04,7.0,1.0
2025-12-19,CAT-05,4.0,1.0
2025-12-19,CAT-06,3.0,1.0
2025-12-19,CAT-07,7.0,1.0
2025-12-19,CAT-08,9.0,3.0
2025-12-19,CAT-09,7.0,3.0
2025-12-19,CAT-10,6.0,1.0
2025-12-19,CAT-11,3.0,1.0
2025-12-19,CAT-12,3.0,1.0
2025-12-19,CAT-13,5.0,1.0
2025-12-19,CAT-14,7.0,1.0
2025-12-19,CAT-15,4.0,1.0
2025-12-19,CAT-16,7.0,3.0
2025-12-19,CAT-17,5.0,1.0
2025-12-19,CAT-18,4.0,1.0
2025-12-19,CAT-19,5.0,1.0
2025-12-19,CAT-20,8.0,3.0
2025-12-19,CAT-21,4.0,1.0
2025-12-19,CAT-22,9.0,3.0
2025-12-19,CAT-23,7.0,1.0
2025-12-19,CAT-24,6.0,5.0
2025-12-19,CAT-25,8.0,1.0
2025-12-19,CAT-26,6.0,1.0
2025-12-19,CAT-27,6.0,1.0
2025-12-19,CAT-28,5.0,1.0
2025-12-19,CAT-29,7.0,1.0
2025-12-19,CAT-30,8.0,1.0
2025-12-19,CAT-31,4.0,1.0
2025-12-19,CAT-32,4.0,1.0
2025-12-19,CAT-33,5.0,1.0
2025-12-19,CAT-34,8.0,1.0
2025-12-19,CAT-35,7.0,1.0
2025-12-19,CAT-36,4.0,1.0
2025-12-19,CAT-37,5.0,1.0
2025-12-19,CAT-38,5.0,1.0
2025-12-19,CAT-39,5.0,1.0
2025-12-19,CAT-40,6.0,1.0
2025-12-19,CAT-41,6.0,1.0
2025-12-19,CAT-42,5.0,1.0
2025-12-19,CAT-43,4.0,1.0
2025-12-19,CAT-44,6.0,1.0
2025-12-19,CAT-45,6.0,1.0
2025-12-19,CAT-46,5.0,1.0
2025-12-19,CAT-47,6.0,1.0
2025-12-19,CAT-48,3.0,1.0
2025-12-19,CAT-49,4.0,1.0
2025-12-20,CAT-01,4.0,1.0
2025-12-20,CAT-02,6.0,1.0
2025-12-20,CAT-03,6.0,1.0
2025-12-20,CAT-04,7.0,1.0
2025-12-20,CAT-05,4.0,1.0
2025-12-20,CAT-06,3.0,1.0
2025-12-20,CAT-07,7.0,1.0
2025-12-20,CAT-08,9.0,3.0
2025-12-20,CAT-09,7.0,3.0
2025-12-20,CAT-10,6.0,1.0
2025-12-20,CAT-11,3.0,1.0
2025-12-20,CAT-12,3.0,1.0
2025-12-20,CAT-13,5.0,1.0
2025-12-20,CAT-14,7.0,1.0
2025-12-20,CAT-15,4.0,1.0
2025-12-20,CAT-16,7.0,3.0
2025-12-20,CAT-17,5.0,1.0
2025-12-20,CAT-18,4.0,1.0
2025-12-20,CAT-19,5.0,1.0
2025-12-20,CAT-20,8.0,3.0
2025-12-20,CAT-21,4.0,1.0
2025-12-20,CAT-22,9.0,3.0
2025-12-20,CAT-23,7.0,1.0
2025-12-20,CAT-24,5.0,3.0
2025-12-20,CAT-25,8.0,1.0
2025-12-20,CAT-26,6.0,1.0
2025-12-20,CAT-27,6.0,1.0
2025-12-20,CAT-28,5.0,1.0
2025-12-20,CAT-29,7.0,1.0
2025-12-20,CAT-30,8.0,1.0
2025-12-20,CAT-31,4.0,1.0
2025-12-20,CAT-32,4.0,1.0
2025-12-20,CAT-33,5.0,1.0
2025-12-20,CAT-34,8.0,1.0
2025-12-20,CAT-35,7.0,1.0
2025-12-20,CAT-36,4.0,1.0
2025-12-20,CAT-37,5.0,1.0
2025-12-20,CAT-38,5.0,1.0
2025-12-20,CAT-39,5.0,1.0
2025-12-20,CAT-40,6.0,1.0
2025-12-20,CAT-41,6.0,1.0
2025-12-20,CAT-42,5.0,1.0
2025-12-20,CAT-43,4.0,1.0
2025-12-20,CAT-44,6.0,1.0
2025-12-20,CAT-45,6.0,1.0
2025-12-20,CAT-46,5.0,1.0
2025-12-20,CAT-47,6.0,1.0
2025-12-20,CAT-48,3.0,1.0
2025-12-20,CAT-49,4.0,1.0
2025-12-21,CAT-01,4.0,1.0
2025-12-21,CAT-02,6.0,1.0
2025-12-21,CAT-03,6.0,1.0
2025-12-21,CAT-04,7.0,1.0
2025-12-21,CAT-05,4.0,1.0
2025-12-21,CAT-06,3.0,1.0
2025-12-21,CAT-07,7.0,1.0
2025-12-21,CAT-08,9.0,3.0
2025-12-21,CAT-09,7.0,3.0
2025-12-21,CAT-10,6.0,1.0
2025-12-21,CAT-11,3.0,1.0
2025-12-21,CAT-12,3.0,1.0
2025-12-21,CAT-13,5.0,1.0
2025-12-21,CAT-14,7.0,1.0
2025-12-21,CAT-15,4.0,1.0
2025-12-21,CAT-16,7.0,3.0
2025-12-21,CAT-17,5.0,1.0
2025-12-21,CAT-18,4.0,1.0
2025-12-21,CAT-19,5.0,1.0
2025-12-21,CAT-20,8.0,3.0
2025-12-21,CAT-21,4.0,1.0
2025-12-21,CAT-22,9.0,3.0
2025-12-21,CAT-23,7.0,1.0
2025-12-21,CAT-24,5.0,3.0
2025-12-21,CAT-25,8.0,1.0
2025-12-21,CAT-26,6.0,1.0
2025-12-21,CAT-27,6.0,1.0
2025-12-21,CAT-28,5.0,1.0
2025-12-21,CAT-29,7.0,1.0
2025-12-21,CAT-30,8.0,1.0
2025-12-21,CAT-31,4.0,1.0
2025-12-21,CAT-32,4.0,1.0
2025-12-21,CAT-33,5.0,1.0
2025-12-21,CAT-34,8.0,1.0
2025-12-21,CAT-35,7.0,1.0
2025-12-21,CAT-36,4.0,1.0
2025-12-21,CAT-37,5.0,1.0
2025-12-21,CAT-38,5.0,1.0
2025-12-21,CAT-39,5.0,1.0
2025-12-21,CAT-40,6.0,1.0
2025-12-21,CAT-41,6.0,1.0
2025-12-21,CAT-42,5.0,1.0
2025-12-21,CAT-43,4.0,1.0
2025-12-21,CAT-44,6.0,1.0
2025-12-21,CAT-45,6.0,1.0
2025-12-21,CAT-46,5.0,1.0
2025-12-21,CAT-47,6.0,1.0
2025-12-21,CAT-48,3.0,1.0
2025-12-21,CAT-49,4.0,1.0
2025-12-22,CAT-01,4.0,1.0
2025-12-22,CAT-02,6.0,1.0
2025-12-22,CAT-03,6.0,1.0
2025-12-22,CAT-04,7.0,1.0
2025-12-22,CAT-05,4.0,1.0
2025-12-22,CAT-06,3.0,1.0
2025-12-22,CAT-07,7.0,1.0
2025-12-22,CAT-08,9.0,3.0
2025-12-22,CAT-09,7.0,3.0
2025-12-22,CAT-10,6.0,1.0
2025-12-22,CAT-11,3.0,1.0
2025-12-22,CAT-12,3.0,1.0
2025-12-22,CAT-13,5.0,1.0
2025-12-22,CAT-14,7.0,1.0
2025-12-22,CAT-15,4.0,1.0
2025-12-22,CAT-16,7.0,3.0
2025-12-22,CAT-17,5.0,1.0
2025-12-22,CAT-18,4.0,1.0
2025-12-22,CAT-19,5.0,1.0
2025-12-22,CAT-20,8.0,3.0
2025-12-22,CAT-21,4.0,1.0
2025-12-22,CAT-22,9.0,3.0
2025-12-22,CAT-23,7.0,1.0
2025-12-22,CAT-24,5.0,3.0
2025-12-22,CAT-25,8.0,1.0
2025-12-22,CAT-26,6.0,1.0
2025-12-22,CAT-27,6.0,1.0
2025-12-22,CAT-28,5.0,1.0
2025-12-22,CAT-29,7.0,1.0
2025-12-22,CAT-30,8.0,1.0
2025-12-22,CAT-31,4.0,1.0
2025-12-22,CAT-32,4.0,1.0
2025-12-22,CAT-33,5.0,1.0
2025-12-22,CAT-34,8.0,1.0
2025-12-22,CAT-35,7.0,1.0
2025-12-22,CAT-36,4.0,1.0
2025-12-22,CAT-37,5.0,1.0
2025-12-22,CAT-38,5.0,1.0
2025-12-22,CAT-39,5.0,1.0
2025-12-22,CAT-40,6.0,1.0
2025-12-22,CAT-41,6.0,1.0
2025-12-22,CAT-42,5.0,1.0
2025-12-22,CAT-43,4.0,1.0
2025-12-22,CAT-44,6.0,1.0
2025-12-22,CAT-45,6.0,1.0
2025-12-22,CAT-46,5.0,1.0
2025-12-22,CAT-47,6.0,1.0
2025-12-22,CAT-48,3.0,1.0
2025-12-22,CAT-49,4.0,1.0
2025-12-23,CAT-01,4.0,1.0
2025-12-23,CAT-02,6.0,1.0
2025-12-23,CAT-03,6.0,1.0
2025-12-23,CAT-04,7.0,1.0
2025-12-23,CAT-05,4.0,1.0
2025-12-23,CAT-06,3.0,1.0
2025-12-23,CAT-07,7.0,1.0
2025-12-23,CAT-08,9.0,3.0
2025-12-23,CAT-09,6.0,1.0
2025-12-23,CAT-10,6.0,1.0
2025-12-23,CAT-11,3.0,1.0
2025-12-23,CAT-12,3.0,1.0
2025-12-23,CAT-13,5.0,1.0
2025-12-23,CAT-14,7.0,1.0
2025-12-23,CAT-15,4.0,1.0
2025-12-23,CAT-16,6.0,1.0
2025-12-23,CAT-17,5.0,1.0
2025-12-23,CAT-18,4.0,1.0
2025-12-23,CAT-19,5.0,1.0
2025-12-23,CAT-20,8.0,3.0
2025-12-23,CAT-21,4.0,1.0
2025-12-23,CAT-22,9.0,3.0
2025-12-23,CAT-23,7.0,1.0
2025-12-23,CAT-24,5.0,3.0
2025-12-23,CAT-25,8.0,1.0
2025-12-23,CAT-26,6.0,1.0
2025-12-23,CAT-27,6.0,1.0
2025-12-23,CAT-28,5.0,1.0
2025-12-23,CAT-29,7.0,1.0
2025-12-23,CAT-30,8.0,1.0
2025-12-23,CAT-31,4.0,1.0
2025-12-23,CAT-32,4.0,1.0
2025-12-23,CAT-33,5.0,1.0
2025-12-23,CAT-34,8.0,1.0
2025-12-23,CAT-35,7.0,1.0
2025-12-23,CAT-36,4.0,1.0
2025-12-23,CAT-37,5.0,1.0
2025-12-23,CAT-38,5.0,1.0
2025-12-23,CAT-39,5.0,1.0
2025-12-23,CAT-40,6.0,1.0
2025-12-23,CAT-41,6.0,1.0
2025-12-23,CAT-42,5.0,1.0
2025-12-23,CAT-43,4.0,1.0
2025-12-23,CAT-44,6.0,1.0
2025-12-23,CAT-45,6.0,1.0
2025-12-23,CAT-46,5.0,1.0
2025-12-23,CAT-47,6.0,1.0
2025-12-23,CAT-48,3.0,1.0
2025-12-23,CAT-49,4.0,1.0
2025-12-24,CAT-01,4.0,1.0
2025-12-24,CAT-02,6.0,1.0
2025-12-24,CAT-03,6.0,1.0
2025-12-24,CAT-04,7.0,1.0
2025-12-24,CAT-05,4.0,1.0
2025-12-24,CAT-06,3.0,1.0
2025-12-24,CAT-07,7.0,1.0
2025-12-24,CAT-08,9.0,3.0
2025-12-24,CAT-09,7.0,3.0
2025-12-24,CAT-10,6.0,1.0
2025-12-24,CAT-11,3.0,1.0
2025-12-24,CAT-12,3.0,1.0
2025-12-24,CAT-13,5.0,1.0
2025-12-24,CAT-14,7.0,1.0
2025-12-24,CAT-15,4.0,1.0
2025-12-24,CAT-16,7.0,3.0
2025-12-24,CAT-17,5.0,1.0
2025-12-24,CAT-18,4.0,1.0
2025-12-24,CAT-19,5.0,1.0
2025-12-24,CAT-20,8.0,3.0
2025-12-24,CAT-21,4.0,1.0
2025-12-24,CAT-22,9.0,3.0
2025-12-24,CAT-23,7.0,1.0
2025-12-24,CAT-24,5.0,3.0
2025-12-24,CAT-25,8.0,1.0
2025-12-24,CAT-26,6.0,1.0
2025-12-24,CAT-27,6.0,1.0
2025-12-24,CAT-28,5.0,1.0
2025-12-24,CAT-29,7.0,1.0
2025-12-24,CAT-30,8.0,1.0
2025-12-24,CAT-31,4.0,1.0
2025-12-24,CAT-32,4.0,1.0
2025-12-24,CAT-33,5.0,1.0
2025-12-24,CAT-34,8.0,1.0
2025-12-24,CAT-35,7.0,1.0
2025-12-24,CAT-36,4.0,1.0
2025-12-24,CAT-37,5.0,1.0
2025-12-24,CAT-38,5.0,1.0
2025-12-24,CAT-39,5.0,1.0
2025-12-24,CAT-40,6.0,1.0
2025-12-24,CAT-41,6.0,1.0
2025-12-24,CAT-42,5.0,1.0
2025-12-24,CAT-43,4.0,1.0
2025-12-24,CAT-44,6.0,1.0
2025-12-24,CAT-45,6.0,1.0
2025-12-24,CAT-46,5.0,1.0
2025-12-24,CAT-47,6.0,1.0
2025-12-24,CAT-48,3.0,1.0
2025-12-24,CAT-49,4.0,1.0
2025-12-25,CAT-01,4.0,1.0
2025-12-25,CAT-02,6.0,1.0
2025-12-25,CAT-03,6.0,1.0
2025-12-25,CAT-04,7.0,1.0
2025-12-25,CAT-05,4.0,1.0
2025-12-25,CAT-06,3.0,1.0
2025-12-25,CAT-07,7.0,1.0
2025-12-25,CAT-08,9.0,3.0
2025-12-25,CAT-09,7.0,3.0
2025-12-25,CAT-10,6.0,1.0
2025-12-25,CAT-11,3.0,1.0
2025-12-25,CAT-12,3.0,1.0
2025-12-25,CAT-13,5.0,1.0
2025-12-25,CAT-14,7.0,1.0
2025-12-25,CAT-15,4.0,1.0
2025-12-25,CAT-16,7.0,3.0
2025-12-25,CAT-17,5.0,1.0
2025-12-25,CAT-18,4.0,1.0
2025-12-25,CAT-19,5.0,1.0
2025-12-25,CAT-20,8.0,3.0
2025-12-25,CAT-21,4.0,1.0
2025-12-25,CAT-22,9.0,3.0
2025-12-25,CAT-23,7.0,1.0
2025-12-25,CAT-24,5.0,3.0
2025-12-25,CAT-25,8.0,1.0
2025-12-25,CAT-26,6.0,1.0
2025-12-25,CAT-27,6.0,1.0
2025-12-25,CAT-28,5.0,1.0
2025-12-25,CAT-29,7.0,1.0
2025-12-25,CAT-30,8.0,1.0
2025-12-25,CAT-31,4.0,1.0
2025-12-25,CAT-32,4.0,1.0
2025-12-25,CAT-33,5.0,1.0
2025-12-25,CAT-34,8.0,1.0
2025-12-25,CAT-35,7.0,1.0
2025-12-25,CAT-36,4.0,1.0
2025-12-25,CAT-37,5.0,1.0
2025-12-25,CAT-38,5.0,1.0
2025-12-25,CAT-39,5.0,1.0
2025-12-25,CAT-40,6.0,1.0
2025-12-25,CAT-41,6.0,1.0
2025-12-25,CAT-42,5.0,1.0
2025-12-25,CAT-43,4.0,1.0
2025-12-25,CAT-44,6.0,1.0
2025-12-25,CAT-45,6.0,1.0
2025-12-25,CAT-46,5.0,1.0
2025-12-25,CAT-47,6.0,1.0
2025-12-25,CAT-48,3.0,1.0
2025-12-25,CAT-49,4.0,1.0
2025-12-26,CAT-01,4.0,1.0
2025-12-26,CAT-02,6.0,1.0
2025-12-26,CAT-03,6.0,1.0
2025-12-26,CAT-04,7.0,1.0
2025-12-26,CAT-05,4.0,1.0
2025-12-26,CAT-06,3.0,1.0
2025-12-26,CAT-07,7.0,1.0
2025-12-26,CAT-08,9.0,3.0
2025-12-26,CAT-09,9.0,5.0
2025-12-26,CAT-10,6.0,1.0
2025-12-26,CAT-11,3.0,1.0
2025-12-26,CAT-12,3.0,1.0
2025-12-26,CAT-13,5.0,1.0
2025-12-26,CAT-14,7.0,1.0
2025-12-26,CAT-15,4.0,1.0
2025-12-26,CAT-16,8.0,5.0
2025-12-26,CAT-17,5.0,1.0
2025-12-26,CAT-18,4.0,1.0
2025-12-26,CAT-19,5.0,1.0
2025-12-26,CAT-20,8.0,3.0
2025-12-26,CAT-21,4.0,1.0
2025-12-26,CAT-22,9.0,3.0
2025-12-26,CAT-23,7.0,1.0
2025-12-26,CAT-24,5.0,3.0
2025-12-26,CAT-25,8.0,1.0
2025-12-26,CAT-26,6.0,1.0
2025-12-26,CAT-27,6.0,1.0
2025-12-26,CAT-28,5.0,1.0
2025-12-26,CAT-29,7.0,1.0
2025-12-26,CAT-30,8.0,1.0
2025-12-26,CAT-31,4.0,1.0
2025-12-26,CAT-32,4.0,1.0
2025-12-26,CAT-33,5.0,1.0
2025-12-26,CAT-34,8.0,1.0
2025-12-26,CAT-35,7.0,1.0
2025-12-26,CAT-36,4.0,1.0
2025-12-26,CAT-37,5.0,1.0
2025-12-26,CAT-38,5.0,1.0
2025-12-26,CAT-39,5.0,1.0
2025-12-26,CAT-40,6.0,1.0
2025-12-26,CAT-41,6.0,1.0
2025-12-26,CAT-42,5.0,1.0
2025-12-26,CAT-43,4.0,1.0
2025-12-26,CAT-44,6.0,1.0
2025-12-26,CAT-45,6.0,1.0
2025-12-26,CAT-46,5.0,1.0
2025-12-26,CAT-47,6.0,1.0
2025-12-26,CAT-48,3.0,1.0
2025-12-26,CAT-49,4.0,1.0
2025-12-27,CAT-01,4.0,1.0
2025-12-27,CAT-02,6.0,1.0
2025-12-27,CAT-03,6.0,1.0
2025-12-27,CAT-04,7.0,1.0
2025-12-27,CAT-05,4.0,1.0
2025-12-27,CAT-06,3.0,1.0
2025-12-27,CAT-07,7.0,1.0
2025-12-27,CAT-08,9.0,3.0
2025-12-27,CAT-09,7.0,3.0
2025-12-27,CAT-10,6.0,1.0
2025-12-27,CAT-11,3.0,1.0
2025-12-27,CAT-12,3.0,1.0
2025-12-27,CAT-13,5.0,1.0
2025-12-27,CAT-14,7.0,1.0
2025-12-27,CAT-15,4.0,1.0
2025-12-27,CAT-16,7.0,3.0
2025-12-27,CAT-17,5.0,1.0
2025-12-27,CAT-18,4.0,1.0
2025-12-27,CAT-19,5.0,1.0
2025-12-27,CAT-20,8.0,3.0
2025-12-27,CAT-21,4.0,1.0
2025-12-27,CAT-22,9.0,3.0
2025-12-27,CAT-23,7.0,1.0
2025-12-27,CAT-24,5.0,3.0
2025-12-27,CAT-25,8.0,1.0
2025-12-27,CAT-26,6.0,1.0
2025-12-27,CAT-27,6.0,1.0
2025-12-27,CAT-28,5.0,1.0
2025-12-27,CAT-29,7.0,1.0
2025-12-27,CAT-30,8.0,1.0
2025-12-27,CAT-31,4.0,1.0
2025-12-27,CAT-32,4.0,1.0
2025-12-27,CAT-33,5.0,1.0
2025-12-27,CAT-34,8.0,1.0
2025-12-27,CAT-35,7.0,1.0
2025-12-27,CAT-36,4.0,1.0
2025-12-27,CAT-37,5.0,1.0
2025-12-27,CAT-38,5.0,1.0
2025-12-27,CAT-39,5.0,1.0
2025-12-27,CAT-40,6.0,1.0
2025-12-27,CAT-41,6.0,1.0
2025-12-27,CAT-42,5.0,1.0
2025-12-27,CAT-43,4.0,1.0
2025-12-27,CAT-44,6.0,1.0
2025-12-27,CAT-45,6.0,1.0
2025-12-27,CAT-46,5.0,1.0
2025-12-27,CAT-47,6.0,1.0
2025-12-27,CAT-48,3.0,1.0
2025-12-27,CAT-49,4.0,1.0
2025-12-28,CAT-01,4.0,1.0
2025-12-28,CAT-02,6.0,1.0
2025-12-28,CAT-03,6.0,1.0
2025-12-28,CAT-04,7.0,1.0
2025-12-28,CAT-05,4.0,1.0
2025-12-28,CAT-06,3.0,1.0
2025-12-28,CAT-07,7.0,1.0
2025-12-28,CAT-08,9.0,3.0
2025-12-28,CAT-09,7.0,3.0
2025-12-28,CAT-10,6.0,1.0
2025-12-28,CAT-11,3.0,1.0
2025-12-28,CAT-12,3.0,1.0
2025-12-28,CAT-13,5.0,1.0
2025-12-28,CAT-14,7.0,1.0
2025-12-28,CAT-15,4.0,1.0
2025-12-28,CAT-16,7.0,3.0
2025-12-28,CAT-17,5.0,1.0
2025-12-28,CAT-18,4.0,1.0
2025-12-28,CAT-19,5.0,1.0
2025-12-28,CAT-20,8.0,3.0
2025-12-28,CAT-21,4.0,1.0
2025-12-28,CAT-22,9.0,3.0
2025-12-28,CAT-23,7.0,1.0
2025-12-28,CAT-24,5.0,3.0
2025-12-28,CAT-25,8.0,1.0
2025-12-28,CAT-26,6.0,1.0
2025-12-28,CAT-27,6.0,1.0
2025-12-28,CAT-28,5.0,1.0
2025-12-28,CAT-29,7.0,1.0
2025-12-28,CAT-30,8.0,1.0
2025-12-28,CAT-31,4.0,1.0
2025-12-28,CAT-32,4.0,1.0
2025-12-28,CAT-33,5.0,1.0
2025-12-28,CAT-34,8.0,1.0
2025-12-28,CAT-35,7.0,1.0
2025-12-28,CAT-36,4.0,1.0
2025-12-28,CAT-37,5.0,1.0
2025-12-28,CAT-38,5.0,1.0
2025-12-28,CAT-39,5.0,1.0
2025-12-28,CAT-40,6.0,1.0
2025-12-28,CAT-41,6.0,1.0
2025-12-28,CAT-42,5.0,1.0
2025-12-28,CAT-43,4.0,1.0
2025-12-28,CAT-44,6.0,1.0
2025-12-28,CAT-45,6.0,1.0
2025-12-28,CAT-46,5.0,1.0
2025-12-28,CAT-47,6.0,1.0
2025-12-28,CAT-48,3.0,1.0
2025-12-28,CAT-49,4.0,1.0
2025-12-29,CAT-01,4.0,1.0
2025-12-29,CAT-02,6.0,1.0
2025-12-29,CAT-03,6.0,1.0
2025-12-29,CAT-04,7.0,1.0
2025-12-29,CAT-05,4.0,1.0
2025-12-29,CAT-06,3.0,1.0
2025-12-29,CAT-07,7.0,1.0
2025-12-29,CAT-08,9.0,3.0
2025-12-29,CAT-09,7.0,3.0
2025-12-29,CAT-10,6.0,1.0
2025-12-29,CAT-11,3.0,1.0
2025-12-29,CAT-12,3.0,1.0
2025-12-29,CAT-13,5.0,1.0
2025-12-29,CAT-14,7.0,1.0
2025-12-29,CAT-15,4.0,1.0
2025-12-29,CAT-16,7.0,3.0
2025-12-29,CAT-17,5.0,1.0
2025-12-29,CAT-18,4.0,1.0
2025-12-29,CAT-19,5.0,1.0
2025-12-29,CAT-20,8.0,3.0
2025-12-29,CAT-21,4.0,1.0
2025-12-29,CAT-22,9.0,3.0
2025-12-29,CAT-23,7.0,1.0
2025-12-29,CAT-24,5.0,3.0
2025-12-29,CAT-25,8.0,1.0
2025-12-29,CAT-26,6.0,1.0
2025-12-29,CAT-27,6.0,1.0
2025-12-29,CAT-28,5.0,1.0
2025-12-29,CAT-29,7.0,1.0
2025-12-29,CAT-30,8.0,1.0
2025-12-29,CAT-31,4.0,1.0
2025-12-29,CAT-32,4.0,1.0
2025-12-29,CAT-33,5.0,1.0
2025-12-29,CAT-34,8.0,1.0
2025-12-29,CAT-35,7.0,1.0
2025-12-29,CAT-36,4.0,1.0
2025-12-29,CAT-37,5.0,1.0
2025-12-29,CAT-38,5.0,1.0
2025-12-29,CAT-39,5.0,1.0
2025-12-29,CAT-40,6.0,1.0
2025-12-29,CAT-41,6.0,1.0
2025-12-29,CAT-42,5.0,1.0
2025-12-29,CAT-43,4.0,1.0
2025-12-29,CAT-44,6.0,1.0
2025-12-29,CAT-45,6.0,1.0
2025-12-29,CAT-46,5.0,1.0
2025-12-29,CAT-47,6.0,1.0
2025-12-29,CAT-48,3.0,1.0
2025-12-29,CAT-49,4.0,1.0
2025-12-30,CAT-01,4.0,1.0
2025-12-30,CAT-02,6.0,1.0
2025-12-30,CAT-03,6.0,1.0
2025-12-30,CAT-04,7.0,1.0
2025-12-30,CAT-05,4.0,1.0
2025-12-30,CAT-06,3.0,1.0
2025-12-30,CAT-07,7.0,1.0
2025-12-30,CAT-08,9.0,3.0
2025-12-30,CAT-09,7.0,3.0
2025-12-30,CAT-10,6.0,1.0
2025-12-30,CAT-11,3.0,1.0
2025-12-30,CAT-12,3.0,1.0
2025-12-30,CAT-13,5.0,1.0
2025-12-30,CAT-14,7.0,1.0
2025-12-30,CAT-15,4.0,1.0
2025-12-30,CAT-16,7.0,3.0
2025-12-30,CAT-17,5.0,1.0
2025-12-30,CAT-18,4.0,1.0
2025-12-30,CAT-19,5.0,1.0
2025-12-30,CAT-20,8.0,3.0
2025-12-30,CAT-21,4.0,1.0
2025-12-30,CAT-22,9.0,3.0
2025-12-30,CAT-23,7.0,1.0
2025-12-30,CAT-24,5.0,3.0
2025-12-30,CAT-25,8.0,1.0
2025-12-30,CAT-26,6.0,1.0
2025-12-30,CAT-27,6.0,1.0
2025-12-30,CAT-28,5.0,1.0
2025-12-30,CAT-29,7.0,1.0
2025-12-30,CAT-30,8.0,1.0
2025-12-30,CAT-31,4.0,1.0
2025-12-30,CAT-32,4.0,1.0
2025-12-30,CAT-33,5.0,1.0
2025-12-30,CAT-34,8.0,1.0
2025-12-30,CAT-35,7.0,1.0
2025-12-30,CAT-36,4.0,1.0
2025-12-30,CAT-37,5.0,1.0
2025-12-30,CAT-38,5.0,1.0
2025-12-30,CAT-39,5.0,1.0
2025-12-30,CAT-40,6.0,1.0
2025-12-30,CAT-41,6.0,1.0
2025-12-30,CAT-42,5.0,1.0
2025-12-30,CAT-43,4.0,1.0
2025-12-30,CAT-44,6.0,1.0
2025-12-30,CAT-45,6.0,1.0
2025-12-30,CAT-46,5.0,1.0
2025-12-30,CAT-47,6.0,1.0
2025-12-30,CAT-48,3.0,1.0
2025-12-30,CAT-49,4.0,1.0
2025-12-31,CAT-01,4.0,1.0
2025-12-31,CAT-02,6.0,1.0
2025-12-31,CAT-03,6.0,1.0
2025-12-31,CAT-04,7.0,1.0
2025-12-31,CAT-05,4.0,1.0
2025-12-31,CAT-06,3.0,1.0
2025-12-31,CAT-07,7.0,1.0
2025-12-31,CAT-08,9.0,3.0
2025-12-31,CAT-09,7.0,3.0
2025-12-31,CAT-10,6.0,1.0
2025-12-31,CAT-11,3.0,1.0
2025-12-31,CAT-12,3.0,1.0
2025-12-31,CAT-13,5.0,1.0
2025-12-31,CAT-14,7.0,1.0
2025-12-31,CAT-15,4.0,1.0
2025-12-31,CAT-16,7.0,3.0
2025-12-31,CAT-17,5.0,1.0
2025-12-31,CAT-18,4.0,1.0
2025-12-31,CAT-19,5.0,1.0
2025-12-31,CAT-20,8.0,3.0
2025-12-31,CAT-21,4.0,1.0
2025-12-31,CAT-22,9.0,3.0
2025-12-31,CAT-23,7.0,1.0
2025-12-31,CAT-24,5.0,3.0
2025-12-31,CAT-25,8.0,1.0
2025-12-31,CAT-26,6.0,1.0
2025-12-31,CAT-27,6.0,1.0
2025-12-31,CAT-28,5.0,1.0
2025-12-31,CAT-29,7.0,1.0
2025-12-31,CAT-30,8.0,1.0
2025-12-31,CAT-31,4.0,1.0
2025-12-31,CAT-32,4.0,1.0
2025-12-31,CAT-33,5.0,1.0
2025-12-31,CAT-34,8.0,1.0
2025-12-31,CAT-35,7.0,1.0
2025-12-31,CAT-36,4.0,1.0
2025-12-31,CAT-37,5.0,1.0
2025-12-31,CAT-38,5.0,1.0
2025-12-31,CAT-39,5.0,1.0
2025-12-31,CAT-40,6.0,1.0
2025-12-31,CAT-41,6.0,1.0
2025-12-31,CAT-42,5.0,1.0
2025-12-31,CAT-43,4.0,1.0
2025-12-31,CAT-44,6.0,1.0
2025-12-31,CAT-45,6.0,1.0
2025-12-31,CAT-46,5.0,1.0
2025-12-31,CAT-47,6.0,1.0
2025-12-31,CAT-48,3.0,1.0
2025-12-31,CAT-49,4.0,1.0
2026-01-01,CAT-01,4.0,1.0
2026-01-01,CAT-02,6.0,1.0
2026-01-01,CAT-03,6.0,1.0
2026-01-01,CAT-04,7.0,1.0
2026-01-01,CAT-05,4.0,1.0
2026-01-01,CAT-06,3.0,1.0
2026-01-01,CAT-07,7.0,1.0
2026-01-01,CAT-08,9.0,3.0
2026-01-01,CAT-09,7.0,3.0
2026-01-01,CAT-10,6.0,1.0
2026-01-01,CAT-11,3.0,1.0
2026-01-01,CAT-12,3.0,1.0
2026-01-01,CAT-13,5.0,1.0
2026-01-01,CAT-14,7.0,1.0
2026-01-01,CAT-15,4.0,1.0
2026-01-01,CAT-16,7.0,3.0
2026-01-01,CAT-17,5.0,1.0
2026-01-01,CAT-18,4.0,1.0
2026-01-01,CAT-19,5.0,1.0
2026-01-01,CAT-20,8.0,3.0
2026-01-01,CAT-21,4.0,1.0
2026-01-01,CAT-22,9.0,3.0
2026-01-01,CAT-23,7.0,1.0
2026-01-01,CAT-24,5.0,3.0
2026-01-01,CAT-25,8.0,1.0
2026-01-01,CAT-26,6.0,1.0
2026-01-01,CAT-27,6.0,1.0
2026-01-01,CAT-28,5.0,1.0
2026-01-01,CAT-29,7.0,1.0
2026-01-01,CAT-30,8.0,1.0
2026-01-01,CAT-31,4.0,1.0
2026-01-01,CAT-32,4.0,1.0
2026-01-01,CAT-33,5.0,1.0
2026-01-01,CAT-34,8.0,1.0
2026-01-01,CAT-35,7.0,1.0
2026-01-01,CAT-36,4.0,1.0
2026-01-01,CAT-37,5.0,1.0
2026-01-01,CAT-38,5.0,1.0
2026-01-01,CAT-39,5.0,1.0
2026-01-01,CAT-40,6.0,1.0
2026-01-01,CAT-41,6.0,1.0
2026-01-01,CAT-42,5.0,1.0
2026-01-01,CAT-43,4.0,1.0
2026-01-01,CAT-44,6.0,1.0
2026-01-01,CAT-45,6.0,1.0
2026-01-01,CAT-46,5.0,1.0
2026-01-01,CAT-47,6.0,1.0
2026-01-01,CAT-48,3.0,1.0
2026-01-01,CAT-49,4.0,1.0
2026-01-02,CAT-01,4.0,1.0
2026-01-02,CAT-02,6.0,1.0
2026-01-02,CAT-03,6.0,1.0
2026-01-02,CAT-04,7.0,1.0
2026-01-02,CAT-05,4.0,1.0
2026-01-02,CAT-06,3.0,1.0
2026-01-02,CAT-07,7.0,1.0
2026-01-02,CAT-08,9.0,3.0
2026-01-02,CAT-09,7.0,3.0
2026-01-02,CAT-10,6.0,1.0
2026-01-02,CAT-11,3.0,1.0
2026-01-02,CAT-12,3.0,1.0
2026-01-02,CAT-13,5.0,1.0
2026-01-02,CAT-14,7.0,1.0
2026-01-02,CAT-15,4.0,1.0
2026-01-02,CAT-16,7.0,3.0
2026-01-02,CAT-17,5.0,1.0
2026-01-02,CAT-18,4.0,1.0
2026-01-02,CAT-19,5.0,1.0
2026-01-02,CAT-20,8.0,3.0
2026-01-02,CAT-21,4.0,1.0
2026-01-02,CAT-22,9.0,3.0
2026-01-02,CAT-23,7.0,1.0
2026-01-02,CAT-24,5.0,3.0
2026-01-02,CAT-25,8.0,1.0
2026-01-02,CAT-26,6.0,1.0
2026-01-02,CAT-27,6.0,1.0
2026-01-02,CAT-28,5.0,1.0
2026-01-02,CAT-29,7.0,1.0
2026-01-02,CAT-30,8.0,1.0
2026-01-02,CAT-31,4.0,1.0
2026-01-02,CAT-32,4.0,1.0
2026-01-02,CAT-33,5.0,1.0
2026-01-02,CAT-34,8.0,1.0
2026-01-02,CAT-35,7.0,1.0
2026-01-02,CAT-36,4.0,1.0
2026-01-02,CAT-37,5.0,1.0
2026-01-02,CAT-38,5.0,1.0
2026-01-02,CAT-39,5.0,1.0
2026-01-02,CAT-40,6.0,1.0
2026-01-02,CAT-41,6.0,1.0
2026-01-02,CAT-42,5.0,1.0
2026-01-02,CAT-43,4.0,1.0
2026-01-02,CAT-44,6.0,1.0
2026-01-02,CAT-45,6.0,1.0
2026-01-02,CAT-46,5.0,1.0
2026-01-02,CAT-47,6.0,1.0
2026-01-02,CAT-48,3.0,1.0
2026-01-02,CAT-49,4.0,1.0
2026-01-03,CAT-01,4.0,1.0
2026-01-03,CAT-02,6.0,1.0
2026-01-03,CAT-03,6.0,1.0
2026-01-03,CAT-04,7.0,1.0
2026-01-03,CAT-05,4.0,1.0
2026-01-03,CAT-06,3.0,1.0
2026-01-03,CAT-07,7.0,1.0
2026-01-03,CAT-08,9.0,3.0
2026-01-03,CAT-09,7.0,3.0
2026-01-03,CAT-10,6.0,1.0
2026-01-03,CAT-11,3.0,1.0
2026-01-03,CAT-12,3.0,1.0
2026-01-03,CAT-13,5.0,1.0
2026-01-03,CAT-14,7.0,1.0
2026-01-03,CAT-15,4.0,1.0
2026-01-03,CAT-16,7.0,3.0
2026-01-03,CAT-17,5.0,1.0
2026-01-03,CAT-18,4.0,1.0
2026-01-03,CAT-19,5.0,1.0
2026-01-03,CAT-20,8.0,3.0
2026-01-03,CAT-21,4.0,1.0
2026-01-03,CAT-22,9.0,3.0
2026-01-03,CAT-23,7.0,1.0
2026-01-03,CAT-24,5.0,3.0
2026-01-03,CAT-25,8.0,1.0
2026-01-03,CAT-26,6.0,1.0
2026-01-03,CAT-27,6.0,1.0
2026-01-03,CAT-28,5.0,1.0
2026-01-03,CAT-29,7.0,1.0
2026-01-03,CAT-30,8.0,1.0
2026-01-03,CAT-31,4.0,1.0
2026-01-03,CAT-32,4.0,1.0
2026-01-03,CAT-33,5.0,1.0
2026-01-03,CAT-34,8.0,1.0
2026-01-03,CAT-35,7.0,1.0
2026-01-03,CAT-36,4.0,1.0
2026-01-03,CAT-37,5.0,1.0
2026-01-03,CAT-38,5.0,1.0
2026-01-03,CAT-39,5.0,1.0
2026-01-03,CAT-40,6.0,1.0
2026-01-03,CAT-41,6.0,1.0
2026-01-03,CAT-42,5.0,1.0
2026-01-03,CAT-43,4.0,1.0
2026-01-03,CAT-44,6.0,1.0
2026-01-03,CAT-45,6.0,1.0
2026-01-03,CAT-46,5.0,1.0
2026-01-03,CAT-47,6.0,1.0
2026-01-03,CAT-48,3.0,1.0
2026-01-03,CAT-49,4.0,1.0
2026-01-04,CAT-01,4.0,1.0
2026-01-04,CAT-02,6.0,1.0
2026-01-04,CAT-03,6.0,1.0
2026-01-04,CAT-04,7.0,1.0
2026-01-04,CAT-05,4.0,1.0
2026-01-04,CAT-06,3.0,1.0
2026-01-04,CAT-07,7.0,1.0
2026-01-04,CAT-08,9.0,3.0
2026-01-04,CAT-09,7.0,3.0
2026-01-04,CAT-10,6.0,1.0
2026-01-04,CAT-11,3.0,1.0
2026-01-04,CAT-12,3.0,1.0
2026-01-04,CAT-13,5.0,1.0
2026-01-04,CAT-14,7.0,1.0
2026-01-04,CAT-15,4.0,1.0
2026-01-04,CAT-16,7.0,3.0
2026-01-04,CAT-17,5.0,1.0
2026-01-04,CAT-18,4.0,1.0
2026-01-04,CAT-19,5.0,1.0
2026-01-04,CAT-20,8.0,3.0
2026-01-04,CAT-21,4.0,1.0
2026-01-04,CAT-22,9.0,3.0
2026-01-04,CAT-23,7.0,1.0
2026-01-04,CAT-24,5.0,3.0
2026-01-04,CAT-25,8.0,1.0
2026-01-04,CAT-26,6.0,1.0
2026-01-04,CAT-27,6.0,1.0
2026-01-04,CAT-28,5.0,1.0
2026-01-04,CAT-29,7.0,1.0
2026-01-04,CAT-30,8.0,1.0
2026-01-04,CAT-31,4.0,1.0
2026-01-04,CAT-32,4.0,1.0
2026-01-04,CAT-33,5.0,1.0
2026-01-04,CAT-34,8.0,1.0
2026-01-04,CAT-35,7.0,1.0
2026-01-04,CAT-36,4.0,1.0
2026-01-04,CAT-37,5.0,1.0
2026-01-04,CAT-38,5.0,1.0
2026-01-04,CAT-39,5.0,1.0
2026-01-04,CAT-40,6.0,1.0
2026-01-04,CAT-41,6.0,1.0
2026-01-04,CAT-42,5.0,1.0
2026-01-04,CAT-43,4.0,1.0
2026-01-04,CAT-44,6.0,1.0
2026-01-04,CAT-45,6.0,1.0
2026-01-04,CAT-46,5.0,1.0
2026-01-04,CAT-47,6.0,1.0
2026-01-04,CAT-48,3.0,1.0
2026-01-04,CAT-49,4.0,1.0
2026-01-05,CAT-01,4.0,1.0
2026-01-05,CAT-02,6.0,1.0
2026-01-05,CAT-03,6.0,1.0
2026-01-05,CAT-04,7.0,1.0
2026-01-05,CAT-05,4.0,1.0
2026-01-05,CAT-06,3.0,1.0
2026-01-05,CAT-07,7.0,1.0
2026-01-05,CAT-08,9.0,3.0
2026-01-05,CAT-09,7.0,3.0
2026-01-05,CAT-10,6.0,1.0
2026-01-05,CAT-11,3.0,1.0
2026-01-05,CAT-12,3.0,1.0
2026-01-05,CAT-13,5.0,1.0
2026-01-05,CAT-14,7.0,1.0
2026-01-05,CAT-15,4.0,1.0
2026-01-05,CAT-16,7.0,3.0
2026-01-05,CAT-17,5.0,1.0
2026-01-05,CAT-18,4.0,1.0
2026-01-05,CAT-19,5.0,1.0
2026-01-05,CAT-20,8.0,3.0
2026-01-05,CAT-21,4.0,1.0
2026-01-05,CAT-22,9.0,3.0
2026-01-05,CAT-23,7.0,1.0
2026-01-05,CAT-24,5.0,3.0
2026-01-05,CAT-25,8.0,1.0
2026-01-05,CAT-26,6.0,1.0
2026-01-05,CAT-27,6.0,1.0
2026-01-05,CAT-28,5.0,1.0
2026-01-05,CAT-29,7.0,1.0
2026-01-05,CAT-30,8.0,1.0
2026-01-05,CAT-31,4.0,1.0
2026-01-05,CAT-32,4.0,1.0
2026-01-05,CAT-33,5.0,1.0
2026-01-05,CAT-34,8.0,1.0
2026-01-05,CAT-35,7.0,1.0
2026-01-05,CAT-36,4.0,1.0
2026-01-05,CAT-37,5.0,1.0
2026-01-05,CAT-38,5.0,1.0
2026-01-05,CAT-39,5.0,1.0
2026-01-05,CAT-40,6.0,1.0
2026-01-05,CAT-41,6.0,1.0
2026-01-05,CAT-42,5.0,1.0
2026-01-05,CAT-43,4.0,1.0
2026-01-05,CAT-44,6.0,1.0
2026-01-05,CAT-45,6.0,1.0
2026-01-05,CAT-46,5.0,1.0
2026-01-05,CAT-47,6.0,1.0
2026-01-05,CAT-48,3.0,1.0
2026-01-05,CAT-49,4.0,1.0
2026-01-06,CAT-01,4.0,1.0
2026-01-06,CAT-02,6.0,1.0
2026-01-06,CAT-03,6.0,1.0
2026-01-06,CAT-04,7.0,1.0
2026-01-06,CAT-05,4.0,1.0
2026-01-06,CAT-06,3.0,1.0
2026-01-06,CAT-07,7.0,1.0
2026-01-06,CAT-08,9.0,3.0
2026-01-06,CAT-09,7.0,3.0
2026-01-06,CAT-10,6.0,1.0
2026-01-06,CAT-11,3.0,1.0
2026-01-06,CAT-12,3.0,1.0
2026-01-06,CAT-13,5.0,1.0
2026-01-06,CAT-14,7.0,1.0
2026-01-06,CAT-15,4.0,1.0
2026-01-06,CAT-16,7.0,3.0
2026-01-06,CAT-17,5.0,1.0
2026-01-06,CAT-18,4.0,1.0
2026-01-06,CAT-19,5.0,1.0
2026-01-06,CAT-20,8.0,3.0
2026-01-06,CAT-21,4.0,1.0
2026-01-06,CAT-22,9.0,3.0
2026-01-06,CAT-23,7.0,1.0
2026-01-06,CAT-24,5.0,3.0
2026-01-06,CAT-25,8.0,1.0
2026-01-06,CAT-26,6.0,1.0
2026-01-06,CAT-27,6.0,1.0
2026-01-06,CAT-28,5.0,1.0
2026-01-06,CAT-29,7.0,1.0
2026-01-06,CAT-30,8.0,1.0
2026-01-06,CAT-31,4.0,1.0
2026-01-06,CAT-32,4.0,1.0
2026-01-06,CAT-33,5.0,1.0
2026-01-06,CAT-34,8.0,1.0
2026-01-06,CAT-35,7.0,1.0
2026-01-06,CAT-36,4.0,1.0
2026-01-06,CAT-37,5.0,1.0
2026-01-06,CAT-38,5.0,1.0
2026-01-06,CAT-39,5.0,1.0
2026-01-06,CAT-40,6.0,1.0
2026-01-06,CAT-41,6.0,1.0
2026-01-06,CAT-42,5.0,1.0
2026-01-06,CAT-43,4.0,1.0
2026-01-06,CAT-44,6.0,1.0
2026-01-06,CAT-45,6.0,1.0
2026-01-06,CAT-46,5.0,1.0
2026-01-06,CAT-47,6.0,1.0
2026-01-06,CAT-48,3.0,1.0
2026-01-06,CAT-49,4.0,1.0
2026-01-07,CAT-01,4.0,1.0
2026-01-07,CAT-02,6.0,1.0
2026-01-07,CAT-03,8.0,3.0
2026-01-07,CAT-04,7.0,1.0
2026-01-07,CAT-05,4.0,1.0
2026-01-07,CAT-06,3.0,1.0
2026-01-07,CAT-07,7.0,1.0
2026-01-07,CAT-08,8.0,1.0
2026-01-07,CAT-09,7.0,3.0
2026-01-07,CAT-10,6.0,1.0
2026-01-07,CAT-11,3.0,1.0
2026-01-07,CAT-12,3.0,1.0
2026-01-07,CAT-13,5.0,1.0
2026-01-07,CAT-14,7.0,1.0
2026-01-07,CAT-15,4.0,1.0
2026-01-07,CAT-16,7.0,3.0
2026-01-07,CAT-17,9.0,8.0
2026-01-07,CAT-18,4.0,1.0
2026-01-07,CAT-19,10.0,8.0
2026-01-07,CAT-20,7.0,1.0
2026-01-07,CAT-21,4.0,1.0
2026-01-07,CAT-22,7.0,1.0
2026-01-07,CAT-23,7.0,1.0
2026-01-07,CAT-24,4.0,1.0
2026-01-07,CAT-25,8.0,1.0
2026-01-07,CAT-26,7.0,3.0
2026-01-07,CAT-27,6.0,1.0
2026-01-07,CAT-28,5.0,1.0
2026-01-07,CAT-29,7.0,1.0
2026-01-07,CAT-30,8.0,1.0
2026-01-07,CAT-31,4.0,1.0
2026-01-07,CAT-32,4.0,1.0
2026-01-07,CAT-33,6.0,3.0
2026-01-07,CAT-34,8.0,1.0
2026-01-07,CAT-35,7.0,1.0
2026-01-07,CAT-36,4.0,1.0
2026-01-07,CAT-37,5.0,1.0
2026-01-07,CAT-38,5.0,1.0
2026-01-07,CAT-39,5.0,1.0
2026-01-07,CAT-40,8.0,3.0
2026-01-07,CAT-41,6.0,1.0
2026-01-07,CAT-42,7.0,3.0
2026-01-07,CAT-43,4.0,1.0
2026-01-07,CAT-44,6.0,1.0
2026-01-07,CAT-45,6.0,1.0
2026-01-07,CAT-46,5.0,1.0
2026-01-07,CAT-47,6.0,1.0
2026-01-07,CAT-48,3.0,1.0
2026-01-07,CAT-49,4.0,1.0
2026-01-08,CAT-01,4.0,1.0
2026-01-08,CAT-02,6.0,1.0
2026-01-08,CAT-03,8.0,3.0
2026-01-08,CAT-04,7.0,1.0
2026-01-08,CAT-05,4.0,1.0
2026-01-08,CAT-06,3.0,1.0
2026-01-08,CAT-07,7.0,1.0
2026-01-08,CAT-08,8.0,1.0
2026-01-08,CAT-09,7.0,3.0
2026-01-08,CAT-10,6.0,1.0
2026-01-08,CAT-11,3.0,1.0
2026-01-08,CAT-12,3.0,1.0
2026-01-08,CAT-13,5.0,1.0
2026-01-08,CAT-14,7.0,1.0
2026-01-08,CAT-15,4.0,1.0
2026-01-08,CAT-16,7.0,3.0
2026-01-08,CAT-17,6.0,3.0
2026-01-08,CAT-18,4.0,1.0
2026-01-08,CAT-19,6.0,3.0
2026-01-08,CAT-20,7.0,1.0
2026-01-08,CAT-21,4.0,1.0
2026-01-08,CAT-22,7.0,1.0
2026-01-08,CAT-23,7.0,1.0
2026-01-08,CAT-24,4.0,1.0
2026-01-08,CAT-25,8.0,1.0
2026-01-08,CAT-26,7.0,3.0
2026-01-08,CAT-27,6.0,1.0
2026-01-08,CAT-28,5.0,1.0
2026-01-08,CAT-29,7.0,1.0
2026-01-08,CAT-30,8.0,1.0
2026-01-08,CAT-31,4.0,1.0
2026-01-08,CAT-32,4.0,1.0
2026-01-08,CAT-33,6.0,3.0
2026-01-08,CAT-34,8.0,1.0
2026-01-08,CAT-35,7.0,1.0
2026-01-08,CAT-36,4.0,1.0
2026-01-08,CAT-37,5.0,1.0
2026-01-08,CAT-38,5.0,1.0
2026-01-08,CAT-39,5.0,1.0
2026-01-08,CAT-40,8.0,3.0
2026-01-08,CAT-41,6.0,1.0
2026-01-08,CAT-42,7.0,3.0
2026-01-08,CAT-43,4.0,1.0
2026-01-08,CAT-44,6.0,1.0
2026-01-08,CAT-45,6.0,1.0
2026-01-08,CAT-46,5.0,1.0
2026-01-08,CAT-47,6.0,1.0
2026-01-08,CAT-48,3.0,1.0
2026-01-08,CAT-49,4.0,1.0
2026-01-09,CAT-01,4.0,1.0
2026-01-09,CAT-02,6.0,1.0
2026-01-09,CAT-03,8.0,3.0
2026-01-09,CAT-04,7.0,1.0
2026-01-09,CAT-05,4.0,1.0
2026-01-09,CAT-06,3.0,1.0
2026-01-09,CAT-07,7.0,1.0
2026-01-09,CAT-08,8.0,1.0
2026-01-09,CAT-09,7.0,3.0
2026-01-09,CAT-10,6.0,1.0
2026-01-09,CAT-11,3.0,1.0
2026-01-09,CAT-12,3.0,1.0
2026-01-09,CAT-13,5.0,1.0
2026-01-09,CAT-14,7.0,1.0
2026-01-09,CAT-15,4.0,1.0
2026-01-09,CAT-16,7.0,3.0
2026-01-09,CAT-17,6.0,3.0
2026-01-09,CAT-18,4.0,1.0
2026-01-09,CAT-19,6.0,3.0
2026-01-09,CAT-20,7.0,1.0
2026-01-09,CAT-21,4.0,1.0
2026-01-09,CAT-22,7.0,1.0
2026-01-09,CAT-23,7.0,1.0
2026-01-09,CAT-24,4.0,1.0
2026-01-09,CAT-25,8.0,1.0
2026-01-09,CAT-26,7.0,3.0
2026-01-09,CAT-27,6.0,1.0
2026-01-09,CAT-28,5.0,1.0
2026-01-09,CAT-29,7.0,1.0
2026-01-09,CAT-30,8.0,1.0
2026-01-09,CAT-31,4.0,1.0
2026-01-09,CAT-32,4.0,1.0
2026-01-09,CAT-33,6.0,3.0
2026-01-09,CAT-34,8.0,1.0
2026-01-09,CAT-35,7.0,1.0
2026-01-09,CAT-36,4.0,1.0
2026-01-09,CAT-37,5.0,1.0
2026-01-09,CAT-38,5.0,1.0
2026-01-09,CAT-39,5.0,1.0
2026-01-09,CAT-40,8.0,3.0
2026-01-09,CAT-41,6.0,1.0
2026-01-09,CAT-42,7.0,3.0
2026-01-09,CAT-43,4.0,1.0
2026-01-09,CAT-44,6.0,1.0
2026-01-09,CAT-45,6.0,1.0
2026-01-09,CAT-46,5.0,1.0
2026-01-09,CAT-47,6.0,1.0
2026-01-09,CAT-48,3.0,1.0
2026-01-09,CAT-49,4.0,1.0
2026-01-10,CAT-01,4.0,1.0
2026-01-10,CAT-02,6.0,1.0
2026-01-10,CAT-03,8.0,3.0
2026-01-10,CAT-04,7.0,1.0
2026-01-10,CAT-05,4.0,1.0
2026-01-10,CAT-06,3.0,1.0
2026-01-10,CAT-07,7.0,1.0
2026-01-10,CAT-08,8.0,1.0
2026-01-10,CAT-09,7.0,3.0
2026-01-10,CAT-10,6.0,1.0
2026-01-10,CAT-11,3.0,1.0
2026-01-10,CAT-12,3.0,1.0
2026-01-10,CAT-13,5.0,1.0
2026-01-10,CAT-14,7.0,1.0
2026-01-10,CAT-15,4.0,1.0
2026-01-10,CAT-16,7.0,3.0
2026-01-10,CAT-17,6.0,3.0
2026-01-10,CAT-18,4.0,1.0
2026-01-10,CAT-19,6.0,3.0
2026-01-10,CAT-20,7.0,1.0
2026-01-10,CAT-21,4.0,1.0
2026-01-10,CAT-22,7.0,1.0
2026-01-10,CAT-23,7.0,1.0
2026-01-10,CAT-24,4.0,1.0
2026-01-10,CAT-25,8.0,1.0
2026-01-10,CAT-26,7.0,3.0
2026-01-10,CAT-27,6.0,1.0
2026-01-10,CAT-28,5.0,1.0
2026-01-10,CAT-29,7.0,1.0
2026-01-10,CAT-30,8.0,1.0
2026-01-10,CAT-31,4.0,1.0
2026-01-10,CAT-32,4.0,1.0
2026-01-10,CAT-33,10.0,8.0
2026-01-10,CAT-34,8.0,1.0
2026-01-10,CAT-35,7.0,1.0
2026-01-10,CAT-36,4.0,1.0
2026-01-10,CAT-37,5.0,1.0
2026-01-10,CAT-38,5.0,1.0
2026-01-10,CAT-39,5.0,1.0
2026-01-10,CAT-40,8.0,3.0
2026-01-10,CAT-41,6.0,1.0
2026-01-10,CAT-42,7.0,3.0
2026-01-10,CAT-43,4.0,1.0
2026-01-10,CAT-44,6.0,1.0
2026-01-10,CAT-45,6.0,1.0
2026-01-10,CAT-46,5.0,1.0
2026-01-10,CAT-47,6.0,1.0
2026-01-10,CAT-48,3.0,1.0
2026-01-10,CAT-49,4.0,1.0
2026-01-11,CAT-01,4.0,1.0
2026-01-11,CAT-02,6.0,1.0
2026-01-11,CAT-03,8.0,3.0
2026-01-11,CAT-04,7.0,1.0
2026-01-11,CAT-05,4.0,1.0
2026-01-11,CAT-06,3.0,1.0
2026-01-11,CAT-07,7.0,1.0
2026-01-11,CAT-08,8.0,1.0
2026-01-11,CAT-09,7.0,3.0
2026-01-11,CAT-10,6.0,1.0
2026-01-11,CAT-11,3.0,1.0
2026-01-11,CAT-12,3.0,1.0
2026-01-11,CAT-13,5.0,1.0
2026-01-11,CAT-14,7.0,1.0
2026-01-11,CAT-15,4.0,1.0
2026-01-11,CAT-16,7.0,3.0
2026-01-11,CAT-17,6.0,3.0
2026-01-11,CAT-18,4.0,1.0
2026-01-11,CAT-19,6.0,3.0
2026-01-11,CAT-20,7.0,1.0
2026-01-11,CAT-21,4.0,1.0
2026-01-11,CAT-22,7.0,1.0
2026-01-11,CAT-23,7.0,1.0
2026-01-11,CAT-24,4.0,1.0
2026-01-11,CAT-25,8.0,1.0
2026-01-11,CAT-26,7.0,3.0
2026-01-11,CAT-27,6.0,1.0
2026-01-11,CAT-28,5.0,1.0
2026-01-11,CAT-29,7.0,1.0
2026-01-11,CAT-30,8.0,1.0
2026-01-11,CAT-31,4.0,1.0
2026-01-11,CAT-32,4.0,1.0
2026-01-11,CAT-33,6.0,3.0
2026-01-11,CAT-34,8.0,1.0
2026-01-11,CAT-35,7.0,1.0
2026-01-11,CAT-36,4.0,1.0
2026-01-11,CAT-37,5.0,1.0
2026-01-11,CAT-38,5.0,1.0
2026-01-11,CAT-39,5.0,1.0
2026-01-11,CAT-40,8.0,3.0
2026-01-11,CAT-41,6.0,1.0
2026-01-11,CAT-42,7.0,3.0
2026-01-11,CAT-43,4.0,1.0
2026-01-11,CAT-44,6.0,1.0
2026-01-11,CAT-45,6.0,1.0
2026-01-11,CAT-46,5.0,1.0
2026-01-11,CAT-47,6.0,1.0
2026-01-11,CAT-48,3.0,1.0
2026-01-11,CAT-49,4.0,1.0
2026-01-12,CAT-01,4.0,1.0
2026-01-12,CAT-02,6.0,1.0
2026-01-12,CAT-03,8.0,3.0
2026-01-12,CAT-04,7.0,1.0
2026-01-12,CAT-05,4.0,1.0
2026-01-12,CAT-06,3.0,1.0
2026-01-12,CAT-07,7.0,1.0
2026-01-12,CAT-08,8.0,1.0
2026-01-12,CAT-09,7.0,3.0
2026-01-12,CAT-10,6.0,1.0
2026-01-12,CAT-11,3.0,1.0
2026-01-12,CAT-12,3.0,1.0
2026-01-12,CAT-13,5.0,1.0
2026-01-12,CAT-14,7.0,1.0
2026-01-12,CAT-15,4.0,1.0
2026-01-12,CAT-16,7.0,3.0
2026-01-12,CAT-17,6.0,3.0
2026-01-12,CAT-18,4.0,1.0
2026-01-12,CAT-19,6.0,3.0
2026-01-12,CAT-20,7.0,1.0
2026-01-12,CAT-21,4.0,1.0
2026-01-12,CAT-22,7.0,1.0
2026-01-12,CAT-23,7.0,1.0
2026-01-12,CAT-24,4.0,1.0
2026-01-12,CAT-25,8.0,1.0
2026-01-12,CAT-26,7.0,3.0
2026-01-12,CAT-27,6.0,1.0
2026-01-12,CAT-28,5.0,1.0
2026-01-12,CAT-29,7.0,1.0
2026-01-12,CAT-30,8.0,1.0
2026-01-12,CAT-31,4.0,1.0
2026-01-12,CAT-32,4.0,1.0
2026-01-12,CAT-33,6.0,3.0
2026-01-12,CAT-34,8.0,1.0
2026-01-12,CAT-35,7.0,1.0
2026-01-12,CAT-36,4.0,1.0
2026-01-12,CAT-37,5.0,1.0
2026-01-12,CAT-38,5.0,1.0
2026-01-12,CAT-39,5.0,1.0
2026-01-12,CAT-40,8.0,3.0
2026-01-12,CAT-41,6.0,1.0
2026-01-12,CAT-42,7.0,3.0
2026-01-12,CAT-43,4.0,1.0
2026-01-12,CAT-44,6.0,1.0
2026-01-12,CAT-45,6.0,1.0
2026-01-12,CAT-46,5.0,1.0
2026-01-12,CAT-47,6.0,1.0
2026-01-12,CAT-48,3.0,1.0
2026-01-12,CAT-49,4.0,1.0
2026-01-13,CAT-01,4.0,1.0
2026-01-13,CAT-02,6.0,1.0
2026-01-13,CAT-03,8.0,3.0
2026-01-13,CAT-04,7.0,1.0
2026-01-13,CAT-05,4.0,1.0
2026-01-13,CAT-06,3.0,1.0
2026-01-13,CAT-07,7.0,1.0
2026-01-13,CAT-08,8.0,1.0
2026-01-13,CAT-09,7.0,3.0
2026-01-13,CAT-10,6.0,1.0
2026-01-13,CAT-11,3.0,1.0
2026-01-13,CAT-12,3.0,1.0
2026-01-13,CAT-13,5.0,1.0
2026-01-13,CAT-14,7.0,1.0
2026-01-13,CAT-15,4.0,1.0
2026-01-13,CAT-16,7.0,3.0
2026-01-13,CAT-17,6.0,3.0
2026-01-13,CAT-18,4.0,1.0
2026-01-13,CAT-19,6.0,3.0
2026-01-13,CAT-20,7.0,1.0
2026-01-13,CAT-21,4.0,1.0
2026-01-13,CAT-22,7.0,1.0
2026-01-13,CAT-23,7.0,1.0
2026-01-13,CAT-24,4.0,1.0
2026-01-13,CAT-25,8.0,1.0
2026-01-13,CAT-26,7.0,3.0
2026-01-13,CAT-27,6.0,1.0
2026-01-13,CAT-28,5.0,1.0
2026-01-13,CAT-29,7.0,1.0
2026-01-13,CAT-30,8.0,1.0
2026-01-13,CAT-31,4.0,1.0
2026-01-13,CAT-32,4.0,1.0
2026-01-13,CAT-33,6.0,3.0
2026-01-13,CAT-34,8.0,1.0
2026-01-13,CAT-35,7.0,1.0
2026-01-13,CAT-36,4.0,1.0
2026-01-13,CAT-37,5.0,1.0
2026-01-13,CAT-38,5.0,1.0
2026-01-13,CAT-39,5.0,1.0
2026-01-13,CAT-40,8.0,3.0
2026-01-13,CAT-41,6.0,1.0
2026-01-13,CAT-42,7.0,3.0
2026-01-13,CAT-43,4.0,1.0
2026-01-13,CAT-44,6.0,1.0
2026-01-13,CAT-45,6.0,1.0
2026-01-13,CAT-46,5.0,1.0
2026-01-13,CAT-47,6.0,1.0
2026-01-13,CAT-48,3.0,1.0
2026-01-13,CAT-49,4.0,1.0
2026-01-14,CAT-01,4.0,1.0
2026-01-14,CAT-02,6.0,1.0
2026-01-14,CAT-03,8.0,3.0
2026-01-14,CAT-04,7.0,1.0
2026-01-14,CAT-05,4.0,1.0
2026-01-14,CAT-06,3.0,1.0
2026-01-14,CAT-07,7.0,1.0
2026-01-14,CAT-08,8.0,1.0
2026-01-14,CAT-09,7.0,3.0
2026-01-14,CAT-10,6.0,1.0
2026-01-14,CAT-11,3.0,1.0
2026-01-14,CAT-12,3.0,1.0
2026-01-14,CAT-13,5.0,1.0
2026-01-14,CAT-14,7.0,1.0
2026-01-14,CAT-15,4.0,1.0
2026-01-14,CAT-16,7.0,3.0
2026-01-14,CAT-17,6.0,3.0
2026-01-14,CAT-18,4.0,1.0
2026-01-14,CAT-19,6.0,3.0
2026-01-14,CAT-20,7.0,1.0
2026-01-14,CAT-21,4.0,1.0
2026-01-14,CAT-22,7.0,1.0
2026-01-14,CAT-23,7.0,1.0
2026-01-14,CAT-24,4.0,1.0
2026-01-14,CAT-25,8.0,1.0
2026-01-14,CAT-26,7.0,3.0
2026-01-14,CAT-27,6.0,1.0
2026-01-14,CAT-28,5.0,1.0
2026-01-14,CAT-29,7.0,1.0
2026-01-14,CAT-30,8.0,1.0
2026-01-14,CAT-31,4.0,1.0
2026-01-14,CAT-32,4.0,1.0
2026-01-14,CAT-33,6.0,3.0
2026-01-14,CAT-34,8.0,1.0
2026-01-14,CAT-35,7.0,1.0
2026-01-14,CAT-36,4.0,1.0
2026-01-14,CAT-37,5.0,1.0
2026-01-14,CAT-38,5.0,1.0
2026-01-14,CAT-39,5.0,1.0
2026-01-14,CAT-40,8.0,3.0
2026-01-14,CAT-41,6.0,1.0
2026-01-14,CAT-42,7.0,3.0
2026-01-14,CAT-43,4.0,1.0
2026-01-14,CAT-44,6.0,1.0
2026-01-14,CAT-45,6.0,1.0
2026-01-14,CAT-46,5.0,1.0
2026-01-14,CAT-47,6.0,1.0
2026-01-14,CAT-48,3.0,1.0
2026-01-14,CAT-49,4.0,1.0
2026-01-15,CAT-01,4.0,1.0
2026-01-15,CAT-02,6.0,1.0
2026-01-15,CAT-03,8.0,3.0
2026-01-15,CAT-04,7.0,1.0
2026-01-15,CAT-05,4.0,1.0
2026-01-15,CAT-06,3.0,1.0
2026-01-15,CAT-07,7.0,1.0
2026-01-15,CAT-08,8.0,1.0
2026-01-15,CAT-09,7.0,3.0
2026-01-15,CAT-10,6.0,1.0
2026-01-15,CAT-11,3.0,1.0
2026-01-15,CAT-12,3.0,1.0
2026-01-15,CAT-13,5.0,1.0
2026-01-15,CAT-14,7.0,1.0
2026-01-15,CAT-15,4.0,1.0
2026-01-15,CAT-16,7.0,3.0
2026-01-15,CAT-17,6.0,3.0
2026-01-15,CAT-18,4.0,1.0
2026-01-15,CAT-19,6.0,3.0
2026-01-15,CAT-20,7.0,1.0
2026-01-15,CAT-21,4.0,1.0
2026-01-15,CAT-22,7.0,1.0
2026-01-15,CAT-23,7.0,1.0
2026-01-15,CAT-24,4.0,1.0
2026-01-15,CAT-25,8.0,1.0
2026-01-15,CAT-26,7.0,3.0
2026-01-15,CAT-27,6.0,1.0
2026-01-15,CAT-28,5.0,1.0
2026-01-15,CAT-29,7.0,1.0
2026-01-15,CAT-30,8.0,1.0
2026-01-15,CAT-31,4.0,1.0
2026-01-15,CAT-32,4.0,1.0
2026-01-15,CAT-33,10.0,8.0
2026-01-15,CAT-34,8.0,1.0
2026-01-15,CAT-35,7.0,1.0
2026-01-15,CAT-36,4.0,1.0
2026-01-15,CAT-37,5.0,1.0
2026-01-15,CAT-38,5.0,1.0
2026-01-15,CAT-39,5.0,1.0
2026-01-15,CAT-40,8.0,3.0
2026-01-15,CAT-41,6.0,1.0
2026-01-15,CAT-42,7.0,3.0
2026-01-15,CAT-43,4.0,1.0
2026-01-15,CAT-44,6.0,1.0
2026-01-15,CAT-45,6.0,1.0
2026-01-15,CAT-46,5.0,1.0
2026-01-15,CAT-47,6.0,1.0
2026-01-15,CAT-48,3.0,1.0
2026-01-15,CAT-49,4.0,1.0
2026-01-16,CAT-01,4.0,1.0
2026-01-16,CAT-02,6.0,1.0
2026-01-16,CAT-03,8.0,3.0
2026-01-16,CAT-04,7.0,1.0
2026-01-16,CAT-05,4.0,1.0
2026-01-16,CAT-06,3.0,1.0
2026-01-16,CAT-07,7.0,1.0
2026-01-16,CAT-08,8.0,1.0
2026-01-16,CAT-09,7.0,3.0
2026-01-16,CAT-10,6.0,1.0
2026-01-16,CAT-11,3.0,1.0
2026-01-16,CAT-12,3.0,1.0
2026-01-16,CAT-13,5.0,1.0
2026-01-16,CAT-14,7.0,1.0
2026-01-16,CAT-15,4.0,1.0
2026-01-16,CAT-16,7.0,3.0
2026-01-16,CAT-17,6.0,3.0
2026-01-16,CAT-18,4.0,1.0
2026-01-16,CAT-19,6.0,3.0
2026-01-16,CAT-20,7.0,1.0
2026-01-16,CAT-21,4.0,1.0
2026-01-16,CAT-22,7.0,1.0
2026-01-16,CAT-23,7.0,1.0
2026-01-16,CAT-24,4.0,1.0
2026-01-16,CAT-25,8.0,1.0
2026-01-16,CAT-26,7.0,3.0
2026-01-16,CAT-27,6.0,1.0
2026-01-16,CAT-28,5.0,1.0
2026-01-16,CAT-29,7.0,1.0
2026-01-16,CAT-30,8.0,1.0
2026-01-16,CAT-31,4.0,1.0
2026-01-16,CAT-32,4.0,1.0
2026-01-16,CAT-33,6.0,3.0
2026-01-16,CAT-34,8.0,1.0
2026-01-16,CAT-35,7.0,1.0
2026-01-16,CAT-36,4.0,1.0
2026-01-16,CAT-37,5.0,1.0
2026-01-16,CAT-38,5.0,1.0
2026-01-16,CAT-39,5.0,1.0
2026-01-16,CAT-40,8.0,3.0
2026-01-16,CAT-41,6.0,1.0
2026-01-16,CAT-42,7.0,3.0
2026-01-16,CAT-43,4.0,1.0
2026-01-16,CAT-44,6.0,1.0
2026-01-16,CAT-45,6.0,1.0
2026-01-16,CAT-46,5.0,1.0
2026-01-16,CAT-47,6.0,1.0
2026-01-16,CAT-48,3.0,1.0
2026-01-16,CAT-49,4.0,1.0
2026-01-17,CAT-01,4.0,1.0
2026-01-17,CAT-02,6.0,1.0
2026-01-17,CAT-03,8.0,3.0
2026-01-17,CAT-04,7.0,1.0
2026-01-17,CAT-05,4.0,1.0
2026-01-17,CAT-06,3.0,1.0
2026-01-17,CAT-07,7.0,1.0
2026-01-17,CAT-08,8.0,1.0
2026-01-17,CAT-09,7.0,3.0
2026-01-17,CAT-10,6.0,1.0
2026-01-17,CAT-11,3.0,1.0
2026-01-17,CAT-12,3.0,1.0
2026-01-17,CAT-13,5.0,1.0
2026-01-17,CAT-14,7.0,1.0
2026-01-17,CAT-15,4.0,1.0
2026-01-17,CAT-16,7.0,3.0
2026-01-17,CAT-17,6.0,3.0
2026-01-17,CAT-18,4.0,1.0
2026-01-17,CAT-19,6.0,3.0
2026-01-17,CAT-20,7.0,1.0
2026-01-17,CAT-21,4.0,1.0
2026-01-17,CAT-22,7.0,1.0
2026-01-17,CAT-23,7.0,1.0
2026-01-17,CAT-24,4.0,1.0
2026-01-17,CAT-25,8.0,1.0
2026-01-17,CAT-26,7.0,3.0
2026-01-17,CAT-27,6.0,1.0
2026-01-17,CAT-28,5.0,1.0
2026-01-17,CAT-29,7.0,1.0
2026-01-17,CAT-30,8.0,1.0
2026-01-17,CAT-31,4.0,1.0
2026-01-17,CAT-32,4.0,1.0
2026-01-17,CAT-33,6.0,3.0
2026-01-17,CAT-34,8.0,1.0
2026-01-17,CAT-35,7.0,1.0
2026-01-17,CAT-36,4.0,1.0
2026-01-17,CAT-37,5.0,1.0
2026-01-17,CAT-38,5.0,1.0
2026-01-17,CAT-39,5.0,1.0
2026-01-17,CAT-40,8.0,3.0
2026-01-17,CAT-41,6.0,1.0
2026-01-17,CAT-42,7.0,3.0
2026-01-17,CAT-43,4.0,1.0
2026-01-17,CAT-44,6.0,1.0
2026-01-17,CAT-45,6.0,1.0
2026-01-17,CAT-46,5.0,1.0
2026-01-17,CAT-47,6.0,1.0
2026-01-17,CAT-48,3.0,1.0
2026-01-17,CAT-49,4.0,1.0
2026-01-18,CAT-01,4.0,1.0
2026-01-18,CAT-02,6.0,1.0
2026-01-18,CAT-03,8.0,3.0
2026-01-18,CAT-04,7.0,1.0
2026-01-18,CAT-05,4.0,1.0
2026-01-18,CAT-06,3.0,1.0
2026-01-18,CAT-07,7.0,1.0
2026-01-18,CAT-08,8.0,1.0
2026-01-18,CAT-09,7.0,3.0
2026-01-18,CAT-10,6.0,1.0
2026-01-18,CAT-11,3.0,1.0
2026-01-18,CAT-12,3.0,1.0
2026-01-18,CAT-13,5.0,1.0
2026-01-18,CAT-14,7.0,1.0
2026-01-18,CAT-15,4.0,1.0
2026-01-18,CAT-16,7.0,3.0
2026-01-18,CAT-17,6.0,3.0
2026-01-18,CAT-18,4.0,1.0
2026-01-18,CAT-19,6.0,3.0
2026-01-18,CAT-20,7.0,1.0
2026-01-18,CAT-21,4.0,1.0
2026-01-18,CAT-22,7.0,1.0
2026-01-18,CAT-23,7.0,1.0
2026-01-18,CAT-24,4.0,1.0
2026-01-18,CAT-25,8.0,1.0
2026-01-18,CAT-26,7.0,3.0
2026-01-18,CAT-27,6.0,1.0
2026-01-18,CAT-28,5.0,1.0
2026-01-18,CAT-29,7.0,1.0
2026-01-18,CAT-30,8.0,1.0
2026-01-18,CAT-31,4.0,1.0
2026-01-18,CAT-32,4.0,1.0
2026-01-18,CAT-33,6.0,3.0
2026-01-18,CAT-34,8.0,1.0
2026-01-18,CAT-35,7.0,1.0
2026-01-18,CAT-36,4.0,1.0
2026-01-18,CAT-37,5.0,1.0
2026-01-18,CAT-38,5.0,1.0
2026-01-18,CAT-39,5.0,1.0
2026-01-18,CAT-40,8.0,3.0
2026-01-18,CAT-41,6.0,1.0
2026-01-18,CAT-42,7.0,3.0
2026-01-18,CAT-43,4.0,1.0
2026-01-18,CAT-44,6.0,1.0
2026-01-18,CAT-45,6.0,1.0
2026-01-18,CAT-46,5.0,1.0
2026-01-18,CAT-47,6.0,1.0
2026-01-18,CAT-48,3.0,1.0
2026-01-18,CAT-49,4.0,1.0
2026-01-19,CAT-01,4.0,1.0
2026-01-19,CAT-02,6.0,1.0
2026-01-19,CAT-03,8.0,3.0
2026-01-19,CAT-04,7.0,1.0
2026-01-19,CAT-05,4.0,1.0
2026-01-19,CAT-06,3.0,1.0
2026-01-19,CAT-07,7.0,1.0
2026-01-19,CAT-08,8.0,1.0
2026-01-19,CAT-09,7.0,3.0
2026-01-19,CAT-10,6.0,1.0
2026-01-19,CAT-11,3.0,1.0
2026-01-19,CAT-12,3.0,1.0
2026-01-19,CAT-13,5.0,1.0
2026-01-19,CAT-14,7.0,1.0
2026-01-19,CAT-15,4.0,1.0
2026-01-19,CAT-16,7.0,3.0
2026-01-19,CAT-17,6.0,3.0
2026-01-19,CAT-18,4.0,1.0
2026-01-19,CAT-19,6.0,3.0
2026-01-19,CAT-20,7.0,1.0
2026-01-19,CAT-21,4.0,1.0
2026-01-19,CAT-22,7.0,1.0
2026-01-19,CAT-23,7.0,1.0
2026-01-19,CAT-24,4.0,1.0
2026-01-19,CAT-25,8.0,1.0
2026-01-19,CAT-26,7.0,3.0
2026-01-19,CAT-27,6.0,1.0
2026-01-19,CAT-28,5.0,1.0
2026-01-19,CAT-29,7.0,1.0
2026-01-19,CAT-30,8.0,1.0
2026-01-19,CAT-31,4.0,1.0
2026-01-19,CAT-32,4.0,1.0
2026-01-19,CAT-33,6.0,3.0
2026-01-19,CAT-34,8.0,1.0
2026-01-19,CAT-35,7.0,1.0
2026-01-19,CAT-36,4.0,1.0
2026-01-19,CAT-37,5.0,1.0
2026-01-19,CAT-38,5.0,1.0
2026-01-19,CAT-39,5.0,1.0
2026-01-19,CAT-40,8.0,3.0
2026-01-19,CAT-41,6.0,1.0
2026-01-19,CAT-42,7.0,3.0
2026-01-19,CAT-43,4.0,1.0
2026-01-19,CAT-44,6.0,1.0
2026-01-19,CAT-45,6.0,1.0
2026-01-19,CAT-46,5.0,1.0
2026-01-19,CAT-47,6.0,1.0
2026-01-19,CAT-48,3.0,1.0
2026-01-19,CAT-49,4.0,1.0
2026-01-20,CAT-01,4.0,1.0
2026-01-20,CAT-02,6.0,1.0
2026-01-20,CAT-03,9.0,5.0
2026-01-20,CAT-04,7.0,1.0
2026-01-20,CAT-05,4.0,1.0
2026-01-20,CAT-06,3.0,1.0
2026-01-20,CAT-07,7.0,1.0
2026-01-20,CAT-08,8.0,1.0
2026-01-20,CAT-09,9.0,5.0
2026-01-20,CAT-10,6.0,1.0
2026-01-20,CAT-11,3.0,1.0
2026-01-20,CAT-12,3.0,1.0
2026-01-20,CAT-13,5.0,1.0
2026-01-20,CAT-14,7.0,1.0
2026-01-20,CAT-15,4.0,1.0
2026-01-20,CAT-16,8.0,5.0
2026-01-20,CAT-17,6.0,3.0
2026-01-20,CAT-18,4.0,1.0
2026-01-20,CAT-19,6.0,3.0
2026-01-20,CAT-20,7.0,1.0
2026-01-20,CAT-21,4.0,1.0
2026-01-20,CAT-22,7.0,1.0
2026-01-20,CAT-23,7.0,1.0
2026-01-20,CAT-24,4.0,1.0
2026-01-20,CAT-25,8.0,1.0
2026-01-20,CAT-26,9.0,5.0
2026-01-20,CAT-27,6.0,1.0
2026-01-20,CAT-28,5.0,1.0
2026-01-20,CAT-29,7.0,1.0
2026-01-20,CAT-30,8.0,1.0
2026-01-20,CAT-31,4.0,1.0
2026-01-20,CAT-32,4.0,1.0
2026-01-20,CAT-33,6.0,3.0
2026-01-20,CAT-34,8.0,1.0
2026-01-20,CAT-35,7.0,1.0
2026-01-20,CAT-36,4.0,1.0
2026-01-20,CAT-37,5.0,1.0
2026-01-20,CAT-38,5.0,1.0
2026-01-20,CAT-39,5.0,1.0
2026-01-20,CAT-40,9.0,5.0
2026-01-20,CAT-41,6.0,1.0
2026-01-20,CAT-42,8.0,5.0
2026-01-20,CAT-43,4.0,1.0
2026-01-20,CAT-44,6.0,1.0
2026-01-20,CAT-45,6.0,1.0
2026-01-20,CAT-46,5.0,1.0
2026-01-20,CAT-47,6.0,1.0
2026-01-20,CAT-48,3.0,1.0
2026-01-20,CAT-49,4.0,1.0
2026-01-21,CAT-01,4.0,1.0
2026-01-21,CAT-02,6.0,1.0
2026-01-21,CAT-03,8.0,3.0
2026-01-21,CAT-04,7.0,1.0
2026-01-21,CAT-05,4.0,1.0
2026-01-21,CAT-06,3.0,1.0
2026-01-21,CAT-07,7.0,1.0
2026-01-21,CAT-08,8.0,1.0
2026-01-21,CAT-09,7.0,3.0
2026-01-21,CAT-10,6.0,1.0
2026-01-21,CAT-11,3.0,1.0
2026-01-21,CAT-12,3.0,1.0
2026-01-21,CAT-13,5.0,1.0
2026-01-21,CAT-14,7.0,1.0
2026-01-21,CAT-15,4.0,1.0
2026-01-21,CAT-16,7.0,3.0
2026-01-21,CAT-17,6.0,3.0
2026-01-21,CAT-18,4.0,1.0
2026-01-21,CAT-19,6.0,3.0
2026-01-21,CAT-20,7.0,1.0
2026-01-21,CAT-21,4.0,1.0
2026-01-21,CAT-22,7.0,1.0
2026-01-21,CAT-23,7.0,1.0
2026-01-21,CAT-24,4.0,1.0
2026-01-21,CAT-25,8.0,1.0
2026-01-21,CAT-26,7.0,3.0
2026-01-21,CAT-27,6.0,1.0
2026-01-21,CAT-28,5.0,1.0
2026-01-21,CAT-29,7.0,1.0
2026-01-21,CAT-30,8.0,1.0
2026-01-21,CAT-31,4.0,1.0
2026-01-21,CAT-32,4.0,1.0
2026-01-21,CAT-33,6.0,3.0
2026-01-21,CAT-34,8.0,1.0
2026-01-21,CAT-35,7.0,1.0
2026-01-21,CAT-36,4.0,1.0
2026-01-21,CAT-37,5.0,1.0
2026-01-21,CAT-38,5.0,1.0
2026-01-21,CAT-39,5.0,1.0
2026-01-21,CAT-40,8.0,3.0
2026-01-21,CAT-41,6.0,1.0
2026-01-21,CAT-42,7.0,3.0
2026-01-21,CAT-43,4.0,1.0
2026-01-21,CAT-44,6.0,1.0
2026-01-21,CAT-45,6.0,1.0
2026-01-21,CAT-46,5.0,1.0
2026-01-21,CAT-47,6.0,1.0
2026-01-21,CAT-48,3.0,1.0
2026-01-21,CAT-49,4.0,1.0
2026-01-22,CAT-01,4.0,1.0
2026-01-22,CAT-02,6.0,1.0
2026-01-22,CAT-03,8.0,3.0
2026-01-22,CAT-04,7.0,1.0
2026-01-22,CAT-05,4.0,1.0
2026-01-22,CAT-06,3.0,1.0
2026-01-22,CAT-07,7.0,1.0
2026-01-22,CAT-08,8.0,1.0
2026-01-22,CAT-09,7.0,3.0
2026-01-22,CAT-10,6.0,1.0
2026-01-22,CAT-11,3.0,1.0
2026-01-22,CAT-12,3.0,1.0
2026-01-22,CAT-13,5.0,1.0
2026-01-22,CAT-14,7.0,1.0
2026-01-22,CAT-15,4.0,1.0
2026-01-22,CAT-16,7.0,3.0
2026-01-22,CAT-17,6.0,3.0
2026-01-22,CAT-18,4.0,1.0
2026-01-22,CAT-19,6.0,3.0
2026-01-22,CAT-20,7.0,1.0
2026-01-22,CAT-21,4.0,1.0
2026-01-22,CAT-22,7.0,1.0
2026-01-22,CAT-23,7.0,1.0
2026-01-22,CAT-24,4.0,1.0
2026-01-22,CAT-25,8.0,1.0
2026-01-22,CAT-26,7.0,3.0
2026-01-22,CAT-27,6.0,1.0
2026-01-22,CAT-28,5.0,1.0
2026-01-22,CAT-29,7.0,1.0
2026-01-22,CAT-30,8.0,1.0
2026-01-22,CAT-31,4.0,1.0
2026-01-22,CAT-32,4.0,1.0
2026-01-22,CAT-33,6.0,3.0
2026-01-22,CAT-34,8.0,1.0
2026-01-22,CAT-35,7.0,1.0
2026-01-22,CAT-36,4.0,1.0
2026-01-22,CAT-37,5.0,1.0
2026-01-22,CAT-38,5.0,1.0
2026-01-22,CAT-39,5.0,1.0
2026-01-22,CAT-40,8.0,3.0
2026-01-22,CAT-41,6.0,1.0
2026-01-22,CAT-42,7.0,3.0
2026-01-22,CAT-43,4.0,1.0
2026-01-22,CAT-44,6.0,1.0
2026-01-22,CAT-45,6.0,1.0
2026-01-22,CAT-46,5.0,1.0
2026-01-22,CAT-47,6.0,1.0
2026-01-22,CAT-48,3.0,1.0
2026-01-22,CAT-49,4.0,1.0
2026-01-23,CAT-01,4.0,1.0
2026-01-23,CAT-02,6.0,1.0
2026-01-23,CAT-03,8.0,3.0
2026-01-23,CAT-04,7.0,1.0
2026-01-23,CAT-05,4.0,1.0
2026-01-23,CAT-06,3.0,1.0
2026-01-23,CAT-07,7.0,1.0
2026-01-23,CAT-08,8.0,1.0
2026-01-23,CAT-09,7.0,3.0
2026-01-23,CAT-10,6.0,1.0
2026-01-23,CAT-11,3.0,1.0
2026-01-23,CAT-12,3.0,1.0
2026-01-23,CAT-13,5.0,1.0
2026-01-23,CAT-14,7.0,1.0
2026-01-23,CAT-15,4.0,1.0
2026-01-23,CAT-16,7.0,3.0
2026-01-23,CAT-17,6.0,3.0
2026-01-23,CAT-18,4.0,1.0
2026-01-23,CAT-19,6.0,3.0
2026-01-23,CAT-20,7.0,1.0
2026-01-23,CAT-21,4.0,1.0
2026-01-23,CAT-22,7.0,1.0
2026-01-23,CAT-23,7.0,1.0
2026-01-23,CAT-24,4.0,1.0
2026-01-23,CAT-25,8.0,1.0
2026-01-23,CAT-26,7.0,3.0
2026-01-23,CAT-27,6.0,1.0
2026-01-23,CAT-28,5.0,1.0
2026-01-23,CAT-29,7.0,1.0
2026-01-23,CAT-30,8.0,1.0
2026-01-23,CAT-31,4.0,1.0
2026-01-23,CAT-32,4.0,1.0
2026-01-23,CAT-33,6.0,3.0
2026-01-23,CAT-34,8.0,1.0
2026-01-23,CAT-35,7.0,1.0
2026-01-23,CAT-36,4.0,1.0
2026-01-23,CAT-37,5.0,1.0
2026-01-23,CAT-38,5.0,1.0
2026-01-23,CAT-39,5.0,1.0
2026-01-23,CAT-40,8.0,3.0
2026-01-23,CAT-41,6.0,1.0
2026-01-23,CAT-42,7.0,3.0
2026-01-23,CAT-43,4.0,1.0
2026-01-23,CAT-44,6.0,1.0
2026-01-23,CAT-45,6.0,1.0
2026-01-23,CAT-46,5.0,1.0
2026-01-23,CAT-47,6.0,1.0
2026-01-23,CAT-48,3.0,1.0
2026-01-23,CAT-49,4.0,1.0
2026-01-24,CAT-01,4.0,1.0
2026-01-24,CAT-02,6.0,1.0
2026-01-24,CAT-03,8.0,3.0
2026-01-24,CAT-04,7.0,1.0
2026-01-24,CAT-05,4.0,1.0
2026-01-24,CAT-06,3.0,1.0
2026-01-24,CAT-07,7.0,1.0
2026-01-24,CAT-08,8.0,1.0
2026-01-24,CAT-09,7.0,3.0
2026-01-24,CAT-10,6.0,1.0
2026-01-24,CAT-11,3.0,1.0
2026-01-24,CAT-12,3.0,1.0
2026-01-24,CAT-13,5.0,1.0
2026-01-24,CAT-14,7.0,1.0
2026-01-24,CAT-15,4.0,1.0
2026-01-24,CAT-16,7.0,3.0
2026-01-24,CAT-17,6.0,3.0
2026-01-24,CAT-18,4.0,1.0
2026-01-24,CAT-19,6.0,3.0
2026-01-24,CAT-20,7.0,1.0
2026-01-24,CAT-21,4.0,1.0
2026-01-24,CAT-22,7.0,1.0
2026-01-24,CAT-23,7.0,1.0
2026-01-24,CAT-24,4.0,1.0
2026-01-24,CAT-25,8.0,1.0
2026-01-24,CAT-26,7.0,3.0
2026-01-24,CAT-27,6.0,1.0
2026-01-24,CAT-28,5.0,1.0
2026-01-24,CAT-29,7.0,1.0
2026-01-24,CAT-30,8.0,1.0
2026-01-24,CAT-31,4.0,1.0
2026-01-24,CAT-32,4.0,1.0
2026-01-24,CAT-33,6.0,3.0
2026-01-24,CAT-34,8.0,1.0
2026-01-24,CAT-35,7.0,1.0
2026-01-24,CAT-36,4.0,1.0
2026-01-24,CAT-37,5.0,1.0
2026-01-24,CAT-38,5.0,1.0
2026-01-24,CAT-39,5.0,1.0
2026-01-24,CAT-40,8.0,3.0
2026-01-24,CAT-41,6.0,1.0
2026-01-24,CAT-42,7.0,3.0
2026-01-24,CAT-43,4.0,1.0
2026-01-24,CAT-44,6.0,1.0
2026-01-24,CAT-45,6.0,1.0
2026-01-24,CAT-46,5.0,1.0
2026-01-24,CAT-47,6.0,1.0
2026-01-24,CAT-48,3.0,1.0
2026-01-24,CAT-49,4.0,1.0
2026-01-25,CAT-01,4.0,1.0
2026-01-25,CAT-02,6.0,1.0
2026-01-25,CAT-03,8.0,3.0
2026-01-25,CAT-04,7.0,1.0
2026-01-25,CAT-05,4.0,1.0
2026-01-25,CAT-06,3.0,1.0
2026-01-25,CAT-07,7.0,1.0
2026-01-25,CAT-08,8.0,1.0
2026-01-25,CAT-09,7.0,3.0
2026-01-25,CAT-10,6.0,1.0
2026-01-25,CAT-11,3.0,1.0
2026-01-25,CAT-12,3.0,1.0
2026-01-25,CAT-13,5.0,1.0
2026-01-25,CAT-14,7.0,1.0
2026-01-25,CAT-15,4.0,1.0
2026-01-25,CAT-16,7.0,3.0
2026-01-25,CAT-17,6.0,3.0
2026-01-25,CAT-18,4.0,1.0
2026-01-25,CAT-19,6.0,3.0
2026-01-25,CAT-20,7.0,1.0
2026-01-25,CAT-21,4.0,1.0
2026-01-25,CAT-22,7.0,1.0
2026-01-25,CAT-23,7.0,1.0
2026-01-25,CAT-24,4.0,1.0
2026-01-25,CAT-25,8.0,1.0
2026-01-25,CAT-26,7.0,3.0
2026-01-25,CAT-27,6.0,1.0
2026-01-25,CAT-28,5.0,1.0
2026-01-25,CAT-29,7.0,1.0
2026-01-25,CAT-30,8.0,1.0
2026-01-25,CAT-31,4.0,1.0
2026-01-25,CAT-32,4.0,1.0
2026-01-25,CAT-33,6.0,3.0
2026-01-25,CAT-34,8.0,1.0
2026-01-25,CAT-35,7.0,1.0
2026-01-25,CAT-36,4.0,1.0
2026-01-25,CAT-37,5.0,1.0
2026-01-25,CAT-38,5.0,1.0
2026-01-25,CAT-39,5.0,1.0
2026-01-25,CAT-40,8.0,3.0
2026-01-25,CAT-41,6.0,1.0
2026-01-25,CAT-42,7.0,3.0
2026-01-25,CAT-43,4.0,1.0
2026-01-25,CAT-44,6.0,1.0
2026-01-25,CAT-45,6.0,1.0
2026-01-25,CAT-46,5.0,1.0
2026-01-25,CAT-47,6.0,1.0
2026-01-25,CAT-48,3.0,1.0
2026-01-25,CAT-49,4.0,1.0
2026-01-26,CAT-01,4.0,1.0
2026-01-26,CAT-02,6.0,1.0
2026-01-26,CAT-03,8.0,3.0
2026-01-26,CAT-04,7.0,1.0
2026-01-26,CAT-05,4.0,1.0
2026-01-26,CAT-06,3.0,1.0
2026-01-26,CAT-07,7.0,1.0
2026-01-26,CAT-08,8.0,1.0
2026-01-26,CAT-09,7.0,3.0
2026-01-26,CAT-10,6.0,1.0
2026-01-26,CAT-11,3.0,1.0
2026-01-26,CAT-12,3.0,1.0
2026-01-26,CAT-13,5.0,1.0
2026-01-26,CAT-14,7.0,1.0
2026-01-26,CAT-15,4.0,1.0
2026-01-26,CAT-16,7.0,3.0
2026-01-26,CAT-17,6.0,3.0
2026-01-26,CAT-18,4.0,1.0
2026-01-26,CAT-19,6.0,3.0
2026-01-26,CAT-20,7.0,1.0
2026-01-26,CAT-21,4.0,1.0
2026-01-26,CAT-22,7.0,1.0
2026-01-26,CAT-23,7.0,1.0
2026-01-26,CAT-24,4.0,1.0
2026-01-26,CAT-25,8.0,1.0
2026-01-26,CAT-26,7.0,3.0
2026-01-26,CAT-27,6.0,1.0
2026-01-26,CAT-28,5.0,1.0
2026-01-26,CAT-29,7.0,1.0
2026-01-26,CAT-30,8.0,1.0
2026-01-26,CAT-31,4.0,1.0
2026-01-26,CAT-32,4.0,1.0
2026-01-26,CAT-33,6.0,3.0
2026-01-26,CAT-34,8.0,1.0
2026-01-26,CAT-35,7.0,1.0
2026-01-26,CAT-36,4.0,1.0
2026-01-26,CAT-37,5.0,1.0
2026-01-26,CAT-38,5.0,1.0
2026-01-26,CAT-39,5.0,1.0
2026-01-26,CAT-40,8.0,3.0
2026-01-26,CAT-41,6.0,1.0
2026-01-26,CAT-42,7.0,3.0
2026-01-26,CAT-43,4.0,1.0
2026-01-26,CAT-44,6.0,1.0
2026-01-26,CAT-45,6.0,1.0
2026-01-26,CAT-46,5.0,1.0
2026-01-26,CAT-47,6.0,1.0
2026-01-26,CAT-48,3.0,1.0
2026-01-26,CAT-49,4.0,1.0
2026-01-27,CAT-01,4.0,1.0
2026-01-27,CAT-02,6.0,1.0
2026-01-27,CAT-03,8.0,3.0
2026-01-27,CAT-04,7.0,1.0
2026-01-27,CAT-05,4.0,1.0
2026-01-27,CAT-06,3.0,1.0
2026-01-27,CAT-07,7.0,1.0
2026-01-27,CAT-08,8.0,1.0
2026-01-27,CAT-09,7.0,3.0
2026-01-27,CAT-10,6.0,1.0
2026-01-27,CAT-11,3.0,1.0
2026-01-27,CAT-12,3.0,1.0
2026-01-27,CAT-13,5.0,1.0
2026-01-27,CAT-14,7.0,1.0
2026-01-27,CAT-15,4.0,1.0
2026-01-27,CAT-16,7.0,3.0
2026-01-27,CAT-17,6.0,3.0
2026-01-27,CAT-18,4.0,1.0
2026-01-27,CAT-19,6.0,3.0
2026-01-27,CAT-20,7.0,1.0
2026-01-27,CAT-21,4.0,1.0
2026-01-27,CAT-22,7.0,1.0
2026-01-27,CAT-23,7.0,1.0
2026-01-27,CAT-24,4.0,1.0
2026-01-27,CAT-25,8.0,1.0
2026-01-27,CAT-26,7.0,3.0
2026-01-27,CAT-27,6.0,1.0
2026-01-27,CAT-28,5.0,1.0
2026-01-27,CAT-29,7.0,1.0
2026-01-27,CAT-30,8.0,1.0
2026-01-27,CAT-31,4.0,1.0
2026-01-27,CAT-32,4.0,1.0
2026-01-27,CAT-33,6.0,3.0
2026-01-27,CAT-34,8.0,1.0
2026-01-27,CAT-35,7.0,1.0
2026-01-27,CAT-36,4.0,1.0
2026-01-27,CAT-37,5.0,1.0
2026-01-27,CAT-38,5.0,1.0
2026-01-27,CAT-39,5.0,1.0
2026-01-27,CAT-40,8.0,3.0
2026-01-27,CAT-41,6.0,1.0
2026-01-27,CAT-42,7.0,3.0
2026-01-27,CAT-43,4.0,1.0
2026-01-27,CAT-44,6.0,1.0
2026-01-27,CAT-45,6.0,1.0
2026-01-27,CAT-46,5.0,1.0
2026-01-27,CAT-47,6.0,1.0
2026-01-27,CAT-48,3.0,1.0
2026-01-27,CAT-49,4.0,1.0
2026-01-28,CAT-01,4.0,1.0
2026-01-28,CAT-02,6.0,1.0
2026-01-28,CAT-03,8.0,3.0
2026-01-28,CAT-04,7.0,1.0
2026-01-28,CAT-05,4.0,1.0
2026-01-28,CAT-06,3.0,1.0
2026-01-28,CAT-07,7.0,1.0
2026-01-28,CAT-08,8.0,1.0
2026-01-28,CAT-09,7.0,3.0
2026-01-28,CAT-10,6.0,1.0
2026-01-28,CAT-11,3.0,1.0
2026-01-28,CAT-12,3.0,1.0
2026-01-28,CAT-13,5.0,1.0
2026-01-28,CAT-14,7.0,1.0
2026-01-28,CAT-15,4.0,1.0
2026-01-28,CAT-16,7.0,3.0
2026-01-28,CAT-17,6.0,3.0
2026-01-28,CAT-18,4.0,1.0
2026-01-28,CAT-19,6.0,3.0
2026-01-28,CAT-20,7.0,1.0
2026-01-28,CAT-21,4.0,1.0
2026-01-28,CAT-22,7.0,1.0
2026-01-28,CAT-23,7.0,1.0
2026-01-28,CAT-24,4.0,1.0
2026-01-28,CAT-25,8.0,1.0
2026-01-28,CAT-26,7.0,3.0
2026-01-28,CAT-27,6.0,1.0
2026-01-28,CAT-28,5.0,1.0
2026-01-28,CAT-29,7.0,1.0
2026-01-28,CAT-30,8.0,1.0
2026-01-28,CAT-31,4.0,1.0
2026-01-28,CAT-32,4.0,1.0
2026-01-28,CAT-33,6.0,3.0
2026-01-28,CAT-34,8.0,1.0
2026-01-28,CAT-35,7.0,1.0
2026-01-28,CAT-36,4.0,1.0
2026-01-28,CAT-37,5.0,1.0
2026-01-28,CAT-38,5.0,1.0
2026-01-28,CAT-39,5.0,1.0
2026-01-28,CAT-40,8.0,3.0
2026-01-28,CAT-41,6.0,1.0
2026-01-28,CAT-42,7.0,3.0
2026-01-28,CAT-43,4.0,1.0
2026-01-28,CAT-44,6.0,1.0
2026-01-28,CAT-45,6.0,1.0
2026-01-28,CAT-46,5.0,1.0
2026-01-28,CAT-47,6.0,1.0
2026-01-28,CAT-48,3.0,1.0
2026-01-28,CAT-49,4.0,1.0
2026-01-29,CAT-01,4.0,1.0
2026-01-29,CAT-02,6.0,1.0
2026-01-29,CAT-03,8.0,3.0
2026-01-29,CAT-04,7.0,1.0
2026-01-29,CAT-05,4.0,1.0
2026-01-29,CAT-06,3.0,1.0
2026-01-29,CAT-07,7.0,1.0
2026-01-29,CAT-08,8.0,1.0
2026-01-29,CAT-09,7.0,3.0
2026-01-29,CAT-10,6.0,1.0
2026-01-29,CAT-11,3.0,1.0
2026-01-29,CAT-12,3.0,1.0
2026-01-29,CAT-13,5.0,1.0
2026-01-29,CAT-14,7.0,1.0
2026-01-29,CAT-15,4.0,1.0
2026-01-29,CAT-16,7.0,3.0
2026-01-29,CAT-17,6.0,3.0
2026-01-29,CAT-18,4.0,1.0
2026-01-29,CAT-19,6.0,3.0
2026-01-29,CAT-20,7.0,1.0
2026-01-29,CAT-21,4.0,1.0
2026-01-29,CAT-22,7.0,1.0
2026-01-29,CAT-23,7.0,1.0
2026-01-29,CAT-24,4.0,1.0
2026-01-29,CAT-25,8.0,1.0
2026-01-29,CAT-26,7.0,3.0
2026-01-29,CAT-27,6.0,1.0
2026-01-29,CAT-28,5.0,1.0
2026-01-29,CAT-29,7.0,1.0
2026-01-29,CAT-30,8.0,1.0
2026-01-29,CAT-31,4.0,1.0
2026-01-29,CAT-32,4.0,1.0
2026-01-29,CAT-33,6.0,3.0
2026-01-29,CAT-34,8.0,1.0
2026-01-29,CAT-35,7.0,1.0
2026-01-29,CAT-36,4.0,1.0
2026-01-29,CAT-37,5.0,1.0
2026-01-29,CAT-38,5.0,1.0
2026-01-29,CAT-39,5.0,1.0
2026-01-29,CAT-40,8.0,3.0
2026-01-29,CAT-41,6.0,1.0
2026-01-29,CAT-42,7.0,3.0
2026-01-29,CAT-43,4.0,1.0
2026-01-29,CAT-44,6.0,1.0
2026-01-29,CAT-45,6.0,1.0
2026-01-29,CAT-46,5.0,1.0
2026-01-29,CAT-47,6.0,1.0
2026-01-29,CAT-48,3.0,1.0
2026-01-29,CAT-49,4.0,1.0
2026-01-30,CAT-01,4.0,1.0
2026-01-30,CAT-02,6.0,1.0
2026-01-30,CAT-03,8.0,3.0
2026-01-30,CAT-04,7.0,1.0
2026-01-30,CAT-05,4.0,1.0
2026-01-30,CAT-06,3.0,1.0
2026-01-30,CAT-07,7.0,1.0
2026-01-30,CAT-08,8.0,1.0
2026-01-30,CAT-09,7.0,3.0
2026-01-30,CAT-10,6.0,1.0
2026-01-30,CAT-11,3.0,1.0
2026-01-30,CAT-12,3.0,1.0
2026-01-30,CAT-13,5.0,1.0
2026-01-30,CAT-14,7.0,1.0
2026-01-30,CAT-15,4.0,1.0
2026-01-30,CAT-16,7.0,3.0
2026-01-30,CAT-17,6.0,3.0
2026-01-30,CAT-18,4.0,1.0
2026-01-30,CAT-19,6.0,3.0
2026-01-30,CAT-20,7.0,1.0
2026-01-30,CAT-21,4.0,1.0
2026-01-30,CAT-22,7.0,1.0
2026-01-30,CAT-23,7.0,1.0
2026-01-30,CAT-24,4.0,1.0
2026-01-30,CAT-25,8.0,1.0
2026-01-30,CAT-26,7.0,3.0
2026-01-30,CAT-27,6.0,1.0
2026-01-30,CAT-28,5.0,1.0
2026-01-30,CAT-29,7.0,1.0
2026-01-30,CAT-30,8.0,1.0
2026-01-30,CAT-31,4.0,1.0
2026-01-30,CAT-32,4.0,1.0
2026-01-30,CAT-33,6.0,3.0
2026-01-30,CAT-34,8.0,1.0
2026-01-30,CAT-35,7.0,1.0
2026-01-30,CAT-36,4.0,1.0
2026-01-30,CAT-37,5.0,1.0
2026-01-30,CAT-38,5.0,1.0
2026-01-30,CAT-39,5.0,1.0
2026-01-30,CAT-40,8.0,3.0
2026-01-30,CAT-41,6.0,1.0
2026-01-30,CAT-42,7.0,3.0
2026-01-30,CAT-43,4.0,1.0
2026-01-30,CAT-44,6.0,1.0
2026-01-30,CAT-45,6.0,1.0
2026-01-30,CAT-46,5.0,1.0
2026-01-30,CAT-47,6.0,1.0
2026-01-30,CAT-48,3.0,1.0
2026-01-30,CAT-49,4.0,1.0
2026-01-31,CAT-01,4.0,1.0
2026-01-31,CAT-02,6.0,1.0
2026-01-31,CAT-03,8.0,3.0
2026-01-31,CAT-04,7.0,1.0
2026-01-31,CAT-05,4.0,1.0
2026-01-31,CAT-06,3.0,1.0
2026-01-31,CAT-07,7.0,1.0
2026-01-31,CAT-08,8.0,1.0
2026-01-31,CAT-09,7.0,3.0
2026-01-31,CAT-10,6.0,1.0
2026-01-31,CAT-11,3.0,1.0
2026-01-31,CAT-12,3.0,1.0
2026-01-31,CAT-13,5.0,1.0
2026-01-31,CAT-14,7.0,1.0
2026-01-31,CAT-15,4.0,1.0
2026-01-31,CAT-16,7.0,3.0
2026-01-31,CAT-17,9.0,8.0
2026-01-31,CAT-18,4.0,1.0
2026-01-31,CAT-19,10.0,8.0
2026-01-31,CAT-20,7.0,1.0
2026-01-31,CAT-21,4.0,1.0
2026-01-31,CAT-22,7.0,1.0
2026-01-31,CAT-23,7.0,1.0
2026-01-31,CAT-24,4.0,1.0
2026-01-31,CAT-25,8.0,1.0
2026-01-31,CAT-26,7.0,3.0
2026-01-31,CAT-27,6.0,1.0
2026-01-31,CAT-28,5.0,1.0
2026-01-31,CAT-29,7.0,1.0
2026-01-31,CAT-30,8.0,1.0
2026-01-31,CAT-31,4.0,1.0
2026-01-31,CAT-32,4.0,1.0
2026-01-31,CAT-33,6.0,3.0
2026-01-31,CAT-34,8.0,1.0
2026-01-31,CAT-35,7.0,1.0
2026-01-31,CAT-36,4.0,1.0
2026-01-31,CAT-37,5.0,1.0
2026-01-31,CAT-38,5.0,1.0
2026-01-31,CAT-39,5.0,1.0
2026-01-31,CAT-40,8.0,3.0
2026-01-31,CAT-41,6.0,1.0
2026-01-31,CAT-42,7.0,3.0
2026-01-31,CAT-43,4.0,1.0
2026-01-31,CAT-44,6.0,1.0
2026-01-31,CAT-45,6.0,1.0
2026-01-31,CAT-46,5.0,1.0
2026-01-31,CAT-47,6.0,1.0
2026-01-31,CAT-48,3.0,1.0
2026-01-31,CAT-49,4.0,1.0
2026-02-01,CAT-01,4.0,1.0
2026-02-01,CAT-02,7.0,3.0
2026-02-01,CAT-03,6.0,1.0
2026-02-01,CAT-04,7.0,1.0
2026-02-01,CAT-05,4.0,1.0
2026-02-01,CAT-06,3.0,1.0
2026-02-01,CAT-07,7.0,1.0
2026-02-01,CAT-08,8.0,1.0
2026-02-01,CAT-09,7.0,3.0
2026-02-01,CAT-10,6.0,1.0
2026-02-01,CAT-11,3.0,1.0
2026-02-01,CAT-12,3.0,1.0
2026-02-01,CAT-13,6.0,3.0
2026-02-01,CAT-14,7.0,1.0
2026-02-01,CAT-15,4.0,1.0
2026-02-01,CAT-16,7.0,3.0
2026-02-01,CAT-17,5.0,1.0
2026-02-01,CAT-18,5.0,3.0
2026-02-01,CAT-19,5.0,1.0
2026-02-01,CAT-20,7.0,1.0
2026-02-01,CAT-21,4.0,1.0
2026-02-01,CAT-22,7.0,1.0
2026-02-01,CAT-23,7.0,1.0
2026-02-01,CAT-24,4.0,1.0
2026-02-01,CAT-25,8.0,1.0
2026-02-01,CAT-26,6.0,1.0
2026-02-01,CAT-27,6.0,1.0
2026-02-01,CAT-28,5.0,1.0
2026-02-01,CAT-29,7.0,1.0
2026-02-01,CAT-30,8.0,1.0
2026-02-01,CAT-31,4.0,1.0
2026-02-01,CAT-32,4.0,1.0
2026-02-01,CAT-33,5.0,1.0
2026-02-01,CAT-34,8.0,1.0
2026-02-01,CAT-35,7.0,1.0
2026-02-01,CAT-36,4.0,1.0
2026-02-01,CAT-37,5.0,1.0
2026-02-01,CAT-38,5.0,1.0
2026-02-01,CAT-39,5.0,1.0
2026-02-01,CAT-40,6.0,1.0
2026-02-01,CAT-41,6.0,1.0
2026-02-01,CAT-42,5.0,1.0
2026-02-01,CAT-43,4.0,1.0
2026-02-01,CAT-44,6.0,1.0
2026-02-01,CAT-45,6.0,1.0
2026-02-01,CAT-46,5.0,1.0
2026-02-01,CAT-47,6.0,1.0
2026-02-01,CAT-48,3.0,1.0
2026-02-01,CAT-49,4.0,1.0
2026-02-02,CAT-01,4.0,1.0
2026-02-02,CAT-02,7.0,3.0
2026-02-02,CAT-03,6.0,1.0
2026-02-02,CAT-04,7.0,1.0
2026-02-02,CAT-05,4.0,1.0
2026-02-02,CAT-06,3.0,1.0
2026-02-02,CAT-07,7.0,1.0
2026-02-02,CAT-08,8.0,1.0
2026-02-02,CAT-09,7.0,3.0
2026-02-02,CAT-10,6.0,1.0
2026-02-02,CAT-11,3.0,1.0
2026-02-02,CAT-12,3.0,1.0
2026-02-02,CAT-13,6.0,3.0
2026-02-02,CAT-14,7.0,1.0
2026-02-02,CAT-15,4.0,1.0
2026-02-02,CAT-16,7.0,3.0
2026-02-02,CAT-17,5.0,1.0
2026-02-02,CAT-18,5.0,3.0
2026-02-02,CAT-19,5.0,1.0
2026-02-02,CAT-20,7.0,1.0
2026-02-02,CAT-21,4.0,1.0
2026-02-02,CAT-22,7.0,1.0
2026-02-02,CAT-23,7.0,1.0
2026-02-02,CAT-24,4.0,1.0
2026-02-02,CAT-25,8.0,1.0
2026-02-02,CAT-26,6.0,1.0
2026-02-02,CAT-27,6.0,1.0
2026-02-02,CAT-28,5.0,1.0
2026-02-02,CAT-29,7.0,1.0
2026-02-02,CAT-30,8.0,1.0
2026-02-02,CAT-31,4.0,1.0
2026-02-02,CAT-32,4.0,1.0
2026-02-02,CAT-33,5.0,1.0
2026-02-02,CAT-34,8.0,1.0
2026-02-02,CAT-35,7.0,1.0
2026-02-02,CAT-36,4.0,1.0
2026-02-02,CAT-37,5.0,1.0
2026-02-02,CAT-38,5.0,1.0
2026-02-02,CAT-39,5.0,1.0
2026-02-02,CAT-40,6.0,1.0
2026-02-02,CAT-41,6.0,1.0
2026-02-02,CAT-42,5.0,1.0
2026-02-02,CAT-43,4.0,1.0
2026-02-02,CAT-44,6.0,1.0
2026-02-02,CAT-45,6.0,1.0
2026-02-02,CAT-46,5.0,1.0
2026-02-02,CAT-47,6.0,1.0
2026-02-02,CAT-48,3.0,1.0
2026-02-02,CAT-49,4.0,1.0
2026-02-03,CAT-01,4.0,1.0
2026-02-03,CAT-02,7.0,3.0
2026-02-03,CAT-03,6.0,1.0
2026-02-03,CAT-04,7.0,1.0
2026-02-03,CAT-05,4.0,1.0
2026-02-03,CAT-06,3.0,1.0
2026-02-03,CAT-07,7.0,1.0
2026-02-03,CAT-08,8.0,1.0
2026-02-03,CAT-09,7.0,3.0
2026-02-03,CAT-10,6.0,1.0
2026-02-03,CAT-11,3.0,1.0
2026-02-03,CAT-12,3.0,1.0
2026-02-03,CAT-13,6.0,3.0
2026-02-03,CAT-14,7.0,1.0
2026-02-03,CAT-15,4.0,1.0
2026-02-03,CAT-16,7.0,3.0
2026-02-03,CAT-17,5.0,1.0
2026-02-03,CAT-18,7.0,5.0
2026-02-03,CAT-19,5.0,1.0
2026-02-03,CAT-20,7.0,1.0
2026-02-03,CAT-21,4.0,1.0
2026-02-03,CAT-22,7.0,1.0
2026-02-03,CAT-23,7.0,1.0
2026-02-03,CAT-24,4.0,1.0
2026-02-03,CAT-25,8.0,1.0
2026-02-03,CAT-26,6.0,1.0
2026-02-03,CAT-27,6.0,1.0
2026-02-03,CAT-28,5.0,1.0
2026-02-03,CAT-29,7.0,1.0
2026-02-03,CAT-30,8.0,1.0
2026-02-03,CAT-31,4.0,1.0
2026-02-03,CAT-32,4.0,1.0
2026-02-03,CAT-33,5.0,1.0
2026-02-03,CAT-34,8.0,1.0
2026-02-03,CAT-35,7.0,1.0
2026-02-03,CAT-36,4.0,1.0
2026-02-03,CAT-37,5.0,1.0
2026-02-03,CAT-38,5.0,1.0
2026-02-03,CAT-39,5.0,1.0
2026-02-03,CAT-40,6.0,1.0
2026-02-03,CAT-41,6.0,1.0
2026-02-03,CAT-42,5.0,1.0
2026-02-03,CAT-43,4.0,1.0
2026-02-03,CAT-44,6.0,1.0
2026-02-03,CAT-45,6.0,1.0
2026-02-03,CAT-46,5.0,1.0
2026-02-03,CAT-47,6.0,1.0
2026-02-03,CAT-48,3.0,1.0
2026-02-03,CAT-49,4.0,1.0
2026-02-04,CAT-01,4.0,1.0
2026-02-04,CAT-02,7.0,3.0
2026-02-04,CAT-03,6.0,1.0
2026-02-04,CAT-04,7.0,1.0
2026-02-04,CAT-05,4.0,1.0
2026-02-04,CAT-06,3.0,1.0
2026-02-04,CAT-07,7.0,1.0
2026-02-04,CAT-08,8.0,1.0
2026-02-04,CAT-09,7.0,3.0
2026-02-04,CAT-10,6.0,1.0
2026-02-04,CAT-11,3.0,1.0
2026-02-04,CAT-12,3.0,1.0
2026-02-04,CAT-13,6.0,3.0
2026-02-04,CAT-14,7.0,1.0
2026-02-04,CAT-15,4.0,1.0
2026-02-04,CAT-16,7.0,3.0
2026-02-04,CAT-17,5.0,1.0
2026-02-04,CAT-18,7.0,5.0
2026-02-04,CAT-19,5.0,1.0
2026-02-04,CAT-20,7.0,1.0
2026-02-04,CAT-21,4.0,1.0
2026-02-04,CAT-22,7.0,1.0
2026-02-04,CAT-23,7.0,1.0
2026-02-04,CAT-24,4.0,1.0
2026-02-04,CAT-25,8.0,1.0
2026-02-04,CAT-26,6.0,1.0
2026-02-04,CAT-27,6.0,1.0
2026-02-04,CAT-28,5.0,1.0
2026-02-04,CAT-29,7.0,1.0
2026-02-04,CAT-30,8.0,1.0
2026-02-04,CAT-31,4.0,1.0
2026-02-04,CAT-32,4.0,1.0
2026-02-04,CAT-33,5.0,1.0
2026-02-04,CAT-34,8.0,1.0
2026-02-04,CAT-35,7.0,1.0
2026-02-04,CAT-36,4.0,1.0
2026-02-04,CAT-37,5.0,1.0
2026-02-04,CAT-38,5.0,1.0
2026-02-04,CAT-39,5.0,1.0
2026-02-04,CAT-40,6.0,1.0
2026-02-04,CAT-41,6.0,1.0
2026-02-04,CAT-42,5.0,1.0
2026-02-04,CAT-43,4.0,1.0
2026-02-04,CAT-44,6.0,1.0
2026-02-04,CAT-45,6.0,1.0
2026-02-04,CAT-46,5.0,1.0
2026-02-04,CAT-47,6.0,1.0
2026-02-04,CAT-48,3.0,1.0
2026-02-04,CAT-49,4.0,1.0
2026-02-05,CAT-01,4.0,1.0
2026-02-05,CAT-02,7.0,3.0
2026-02-05,CAT-03,6.0,1.0
2026-02-05,CAT-04,7.0,1.0
2026-02-05,CAT-05,4.0,1.0
2026-02-05,CAT-06,3.0,1.0
2026-02-05,CAT-07,7.0,1.0
2026-02-05,CAT-08,8.0,1.0
2026-02-05,CAT-09,7.0,3.0
2026-02-05,CAT-10,6.0,1.0
2026-02-05,CAT-11,3.0,1.0
2026-02-05,CAT-12,3.0,1.0
2026-02-05,CAT-13,6.0,3.0
2026-02-05,CAT-14,7.0,1.0
2026-02-05,CAT-15,4.0,1.0
2026-02-05,CAT-16,7.0,3.0
2026-02-05,CAT-17,5.0,1.0
2026-02-05,CAT-18,5.0,3.0
2026-02-05,CAT-19,5.0,1.0
2026-02-05,CAT-20,7.0,1.0
2026-02-05,CAT-21,4.0,1.0
2026-02-05,CAT-22,7.0,1.0
2026-02-05,CAT-23,7.0,1.0
2026-02-05,CAT-24,4.0,1.0
2026-02-05,CAT-25,8.0,1.0
2026-02-05,CAT-26,6.0,1.0
2026-02-05,CAT-27,6.0,1.0
2026-02-05,CAT-28,5.0,1.0
2026-02-05,CAT-29,7.0,1.0
2026-02-05,CAT-30,8.0,1.0
2026-02-05,CAT-31,4.0,1.0
2026-02-05,CAT-32,4.0,1.0
2026-02-05,CAT-33,5.0,1.0
2026-02-05,CAT-34,8.0,1.0
2026-02-05,CAT-35,7.0,1.0
2026-02-05,CAT-36,4.0,1.0
2026-02-05,CAT-37,5.0,1.0
2026-02-05,CAT-38,5.0,1.0
2026-02-05,CAT-39,5.0,1.0
2026-02-05,CAT-40,6.0,1.0
2026-02-05,CAT-41,6.0,1.0
2026-02-05,CAT-42,5.0,1.0
2026-02-05,CAT-43,4.0,1.0
2026-02-05,CAT-44,6.0,1.0
2026-02-05,CAT-45,6.0,1.0
2026-02-05,CAT-46,5.0,1.0
2026-02-05,CAT-47,6.0,1.0
2026-02-05,CAT-48,3.0,1.0
2026-02-05,CAT-49,4.0,1.0
2026-02-06,CAT-01,4.0,1.0
2026-02-06,CAT-02,7.0,3.0
2026-02-06,CAT-03,6.0,1.0
2026-02-06,CAT-04,7.0,1.0
2026-02-06,CAT-05,4.0,1.0
2026-02-06,CAT-06,3.0,1.0
2026-02-06,CAT-07,7.0,1.0
2026-02-06,CAT-08,8.0,1.0
2026-02-06,CAT-09,7.0,3.0
2026-02-06,CAT-10,6.0,1.0
2026-02-06,CAT-11,3.0,1.0
2026-02-06,CAT-12,3.0,1.0
2026-02-06,CAT-13,6.0,3.0
2026-02-06,CAT-14,7.0,1.0
2026-02-06,CAT-15,4.0,1.0
2026-02-06,CAT-16,7.0,3.0
2026-02-06,CAT-17,5.0,1.0
2026-02-06,CAT-18,5.0,3.0
2026-02-06,CAT-19,5.0,1.0
2026-02-06,CAT-20,7.0,1.0
2026-02-06,CAT-21,4.0,1.0
2026-02-06,CAT-22,7.0,1.0
2026-02-06,CAT-23,7.0,1.0
2026-02-06,CAT-24,4.0,1.0
2026-02-06,CAT-25,8.0,1.0
2026-02-06,CAT-26,6.0,1.0
2026-02-06,CAT-27,6.0,1.0
2026-02-06,CAT-28,5.0,1.0
2026-02-06,CAT-29,7.0,1.0
2026-02-06,CAT-30,8.0,1.0
2026-02-06,CAT-31,4.0,1.0
2026-02-06,CAT-32,4.0,1.0
2026-02-06,CAT-33,5.0,1.0
2026-02-06,CAT-34,8.0,1.0
2026-02-06,CAT-35,7.0,1.0
2026-02-06,CAT-36,4.0,1.0
2026-02-06,CAT-37,5.0,1.0
2026-02-06,CAT-38,5.0,1.0
2026-02-06,CAT-39,5.0,1.0
2026-02-06,CAT-40,6.0,1.0
2026-02-06,CAT-41,6.0,1.0
2026-02-06,CAT-42,5.0,1.0
2026-02-06,CAT-43,4.0,1.0
2026-02-06,CAT-44,6.0,1.0
2026-02-06,CAT-45,6.0,1.0
2026-02-06,CAT-46,5.0,1.0
2026-02-06,CAT-47,6.0,1.0
2026-02-06,CAT-48,3.0,1.0
2026-02-06,CAT-49,4.0,1.0
2026-02-07,CAT-01,4.0,1.0
2026-02-07,CAT-02,7.0,3.0
2026-02-07,CAT-03,6.0,1.0
2026-02-07,CAT-04,7.0,1.0
2026-02-07,CAT-05,4.0,1.0
2026-02-07,CAT-06,3.0,1.0
2026-02-07,CAT-07,7.0,1.0
2026-02-07,CAT-08,8.0,1.0
2026-02-07,CAT-09,7.0,3.0
2026-02-07,CAT-10,6.0,1.0
2026-02-07,CAT-11,3.0,1.0
2026-02-07,CAT-12,3.0,1.0
2026-02-07,CAT-13,6.0,3.0
2026-02-07,CAT-14,7.0,1.0
2026-02-07,CAT-15,4.0,1.0
2026-02-07,CAT-16,7.0,3.0
2026-02-07,CAT-17,5.0,1.0
2026-02-07,CAT-18,5.0,3.0
2026-02-07,CAT-19,5.0,1.0
2026-02-07,CAT-20,7.0,1.0
2026-02-07,CAT-21,4.0,1.0
2026-02-07,CAT-22,7.0,1.0
2026-02-07,CAT-23,7.0,1.0
2026-02-07,CAT-24,4.0,1.0
2026-02-07,CAT-25,8.0,1.0
2026-02-07,CAT-26,6.0,1.0
2026-02-07,CAT-27,6.0,1.0
2026-02-07,CAT-28,5.0,1.0
2026-02-07,CAT-29,7.0,1.0
2026-02-07,CAT-30,8.0,1.0
2026-02-07,CAT-31,4.0,1.0
2026-02-07,CAT-32,4.0,1.0
2026-02-07,CAT-33,5.0,1.0
2026-02-07,CAT-34,8.0,1.0
2026-02-07,CAT-35,7.0,1.0
2026-02-07,CAT-36,4.0,1.0
2026-02-07,CAT-37,5.0,1.0
2026-02-07,CAT-38,5.0,1.0
2026-02-07,CAT-39,5.0,1.0
2026-02-07,CAT-40,6.0,1.0
2026-02-07,CAT-41,6.0,1.0
2026-02-07,CAT-42,5.0,1.0
2026-02-07,CAT-43,4.0,1.0
2026-02-07,CAT-44,6.0,1.0
2026-02-07,CAT-45,6.0,1.0
2026-02-07,CAT-46,5.0,1.0
2026-02-07,CAT-47,6.0,1.0
2026-02-07,CAT-48,3.0,1.0
2026-02-07,CAT-49,4.0,1.0
2026-02-08,CAT-01,4.0,1.0
2026-02-08,CAT-02,7.0,3.0
2026-02-08,CAT-03,6.0,1.0
2026-02-08,CAT-04,7.0,1.0
2026-02-08,CAT-05,4.0,1.0
2026-02-08,CAT-06,3.0,1.0
2026-02-08,CAT-07,7.0,1.0
2026-02-08,CAT-08,8.0,1.0
2026-02-08,CAT-09,7.0,3.0
2026-02-08,CAT-10,6.0,1.0
2026-02-08,CAT-11,3.0,1.0
2026-02-08,CAT-12,3.0,1.0
2026-02-08,CAT-13,6.0,3.0
2026-02-08,CAT-14,7.0,1.0
2026-02-08,CAT-15,4.0,1.0
2026-02-08,CAT-16,7.0,3.0
2026-02-08,CAT-17,5.0,1.0
2026-02-08,CAT-18,5.0,3.0
2026-02-08,CAT-19,5.0,1.0
2026-02-08,CAT-20,7.0,1.0
2026-02-08,CAT-21,4.0,1.0
2026-02-08,CAT-22,7.0,1.0
2026-02-08,CAT-23,7.0,1.0
2026-02-08,CAT-24,4.0,1.0
2026-02-08,CAT-25,8.0,1.0
2026-02-08,CAT-26,6.0,1.0
2026-02-08,CAT-27,6.0,1.0
2026-02-08,CAT-28,5.0,1.0
2026-02-08,CAT-29,7.0,1.0
2026-02-08,CAT-30,8.0,1.0
2026-02-08,CAT-31,4.0,1.0
2026-02-08,CAT-32,4.0,1.0
2026-02-08,CAT-33,5.0,1.0
2026-02-08,CAT-34,8.0,1.0
2026-02-08,CAT-35,7.0,1.0
2026-02-08,CAT-36,4.0,1.0
2026-02-08,CAT-37,5.0,1.0
2026-02-08,CAT-38,5.0,1.0
2026-02-08,CAT-39,5.0,1.0
2026-02-08,CAT-40,6.0,1.0
2026-02-08,CAT-41,6.0,1.0
2026-02-08,CAT-42,5.0,1.0
2026-02-08,CAT-43,4.0,1.0
2026-02-08,CAT-44,6.0,1.0
2026-02-08,CAT-45,6.0,1.0
2026-02-08,CAT-46,5.0,1.0
2026-02-08,CAT-47,6.0,1.0
2026-02-08,CAT-48,3.0,1.0
2026-02-08,CAT-49,4.0,1.0
2026-02-09,CAT-01,4.0,1.0
2026-02-09,CAT-02,7.0,3.0
2026-02-09,CAT-03,6.0,1.0
2026-02-09,CAT-04,7.0,1.0
2026-02-09,CAT-05,4.0,1.0
2026-02-09,CAT-06,3.0,1.0
2026-02-09,CAT-07,7.0,1.0
2026-02-09,CAT-08,8.0,1.0
2026-02-09,CAT-09,7.0,3.0
2026-02-09,CAT-10,6.0,1.0
2026-02-09,CAT-11,3.0,1.0
2026-02-09,CAT-12,3.0,1.0
2026-02-09,CAT-13,6.0,3.0
2026-02-09,CAT-14,7.0,1.0
2026-02-09,CAT-15,4.0,1.0
2026-02-09,CAT-16,7.0,3.0
2026-02-09,CAT-17,5.0,1.0
2026-02-09,CAT-18,5.0,3.0
2026-02-09,CAT-19,5.0,1.0
2026-02-09,CAT-20,7.0,1.0
2026-02-09,CAT-21,4.0,1.0
2026-02-09,CAT-22,7.0,1.0
2026-02-09,CAT-23,7.0,1.0
2026-02-09,CAT-24,4.0,1.0
2026-02-09,CAT-25,8.0,1.0
2026-02-09,CAT-26,6.0,1.0
2026-02-09,CAT-27,6.0,1.0
2026-02-09,CAT-28,5.0,1.0
2026-02-09,CAT-29,7.0,1.0
2026-02-09,CAT-30,8.0,1.0
2026-02-09,CAT-31,4.0,1.0
2026-02-09,CAT-32,4.0,1.0
2026-02-09,CAT-33,5.0,1.0
2026-02-09,CAT-34,8.0,1.0
2026-02-09,CAT-35,7.0,1.0
2026-02-09,CAT-36,4.0,1.0
2026-02-09,CAT-37,5.0,1.0
2026-02-09,CAT-38,5.0,1.0
2026-02-09,CAT-39,5.0,1.0
2026-02-09,CAT-40,6.0,1.0
2026-02-09,CAT-41,6.0,1.0
2026-02-09,CAT-42,5.0,1.0
2026-02-09,CAT-43,4.0,1.0
2026-02-09,CAT-44,6.0,1.0
2026-02-09,CAT-45,6.0,1.0
2026-02-09,CAT-46,5.0,1.0
2026-02-09,CAT-47,6.0,1.0
2026-02-09,CAT-48,3.0,1.0
2026-02-09,CAT-49,4.0,1.0
2026-02-10,CAT-01,4.0,1.0
2026-02-10,CAT-02,7.0,3.0
2026-02-10,CAT-03,6.0,1.0
2026-02-10,CAT-04,7.0,1.0
2026-02-10,CAT-05,4.0,1.0
2026-02-10,CAT-06,3.0,1.0
2026-02-10,CAT-07,7.0,1.0
2026-02-10,CAT-08,8.0,1.0
2026-02-10,CAT-09,7.0,3.0
2026-02-10,CAT-10,6.0,1.0
2026-02-10,CAT-11,3.0,1.0
2026-02-10,CAT-12,3.0,1.0
2026-02-10,CAT-13,6.0,3.0
2026-02-10,CAT-14,7.0,1.0
2026-02-10,CAT-15,4.0,1.0
2026-02-10,CAT-16,7.0,3.0
2026-02-10,CAT-17,5.0,1.0
2026-02-10,CAT-18,5.0,3.0
2026-02-10,CAT-19,5.0,1.0
2026-02-10,CAT-20,7.0,1.0
2026-02-10,CAT-21,4.0,1.0
2026-02-10,CAT-22,7.0,1.0
2026-02-10,CAT-23,7.0,1.0
2026-02-10,CAT-24,4.0,1.0
2026-02-10,CAT-25,8.0,1.0
2026-02-10,CAT-26,6.0,1.0
2026-02-10,CAT-27,6.0,1.0
2026-02-10,CAT-28,5.0,1.0
2026-02-10,CAT-29,7.0,1.0
2026-02-10,CAT-30,8.0,1.0
2026-02-10,CAT-31,4.0,1.0
2026-02-10,CAT-32,4.0,1.0
2026-02-10,CAT-33,5.0,1.0
2026-02-10,CAT-34,8.0,1.0
2026-02-10,CAT-35,7.0,1.0
2026-02-10,CAT-36,4.0,1.0
2026-02-10,CAT-37,5.0,1.0
2026-02-10,CAT-38,5.0,1.0
2026-02-10,CAT-39,5.0,1.0
2026-02-10,CAT-40,6.0,1.0
2026-02-10,CAT-41,6.0,1.0
2026-02-10,CAT-42,5.0,1.0
2026-02-10,CAT-43,4.0,1.0
2026-02-10,CAT-44,6.0,1.0
2026-02-10,CAT-45,6.0,1.0
2026-02-10,CAT-46,5.0,1.0
2026-02-10,CAT-47,6.0,1.0
2026-02-10,CAT-48,3.0,1.0
2026-02-10,CAT-49,4.0,1.0
2026-02-11,CAT-01,4.0,1.0
2026-02-11,CAT-02,7.0,3.0
2026-02-11,CAT-03,6.0,1.0
2026-02-11,CAT-04,7.0,1.0
2026-02-11,CAT-05,4.0,1.0
2026-02-11,CAT-06,3.0,1.0
2026-02-11,CAT-07,7.0,1.0
2026-02-11,CAT-08,8.0,1.0
2026-02-11,CAT-09,7.0,3.0
2026-02-11,CAT-10,6.0,1.0
2026-02-11,CAT-11,3.0,1.0
2026-02-11,CAT-12,3.0,1.0
2026-02-11,CAT-13,6.0,3.0
2026-02-11,CAT-14,7.0,1.0
2026-02-11,CAT-15,4.0,1.0
2026-02-11,CAT-16,7.0,3.0
2026-02-11,CAT-17,5.0,1.0
2026-02-11,CAT-18,5.0,3.0
2026-02-11,CAT-19,5.0,1.0
2026-02-11,CAT-20,7.0,1.0
2026-02-11,CAT-21,4.0,1.0
2026-02-11,CAT-22,7.0,1.0
2026-02-11,CAT-23,7.0,1.0
2026-02-11,CAT-24,4.0,1.0
2026-02-11,CAT-25,8.0,1.0
2026-02-11,CAT-26,6.0,1.0
2026-02-11,CAT-27,6.0,1.0
2026-02-11,CAT-28,5.0,1.0
2026-02-11,CAT-29,7.0,1.0
2026-02-11,CAT-30,8.0,1.0
2026-02-11,CAT-31,4.0,1.0
2026-02-11,CAT-32,4.0,1.0
2026-02-11,CAT-33,5.0,1.0
2026-02-11,CAT-34,8.0,1.0
2026-02-11,CAT-35,7.0,1.0
2026-02-11,CAT-36,4.0,1.0
2026-02-11,CAT-37,5.0,1.0
2026-02-11,CAT-38,5.0,1.0
2026-02-11,CAT-39,5.0,1.0
2026-02-11,CAT-40,6.0,1.0
2026-02-11,CAT-41,6.0,1.0
2026-02-11,CAT-42,5.0,1.0
2026-02-11,CAT-43,4.0,1.0
2026-02-11,CAT-44,6.0,1.0
2026-02-11,CAT-45,6.0,1.0
2026-02-11,CAT-46,5.0,1.0
2026-02-11,CAT-47,6.0,1.0
2026-02-11,CAT-48,3.0,1.0
2026-02-11,CAT-49,4.0,1.0
2026-02-12,CAT-01,4.0,1.0
2026-02-12,CAT-02,7.0,3.0
2026-02-12,CAT-03,6.0,1.0
2026-02-12,CAT-04,7.0,1.0
2026-02-12,CAT-05,4.0,1.0
2026-02-12,CAT-06,3.0,1.0
2026-02-12,CAT-07,7.0,1.0
2026-02-12,CAT-08,8.0,1.0
2026-02-12,CAT-09,7.0,3.0
2026-02-12,CAT-10,6.0,1.0
2026-02-12,CAT-11,3.0,1.0
2026-02-12,CAT-12,3.0,1.0
2026-02-12,CAT-13,6.0,3.0
2026-02-12,CAT-14,7.0,1.0
2026-02-12,CAT-15,4.0,1.0
2026-02-12,CAT-16,7.0,3.0
2026-02-12,CAT-17,5.0,1.0
2026-02-12,CAT-18,5.0,3.0
2026-02-12,CAT-19,5.0,1.0
2026-02-12,CAT-20,7.0,1.0
2026-02-12,CAT-21,4.0,1.0
2026-02-12,CAT-22,7.0,1.0
2026-02-12,CAT-23,7.0,1.0
2026-02-12,CAT-24,4.0,1.0
2026-02-12,CAT-25,8.0,1.0
2026-02-12,CAT-26,6.0,1.0
2026-02-12,CAT-27,6.0,1.0
2026-02-12,CAT-28,5.0,1.0
2026-02-12,CAT-29,7.0,1.0
2026-02-12,CAT-30,8.0,1.0
2026-02-12,CAT-31,4.0,1.0
2026-02-12,CAT-32,4.0,1.0
2026-02-12,CAT-33,5.0,1.0
2026-02-12,CAT-34,8.0,1.0
2026-02-12,CAT-35,7.0,1.0
2026-02-12,CAT-36,4.0,1.0
2026-02-12,CAT-37,5.0,1.0
2026-02-12,CAT-38,5.0,1.0
2026-02-12,CAT-39,5.0,1.0
2026-02-12,CAT-40,6.0,1.0
2026-02-12,CAT-41,6.0,1.0
2026-02-12,CAT-42,5.0,1.0
2026-02-12,CAT-43,4.0,1.0
2026-02-12,CAT-44,6.0,1.0
2026-02-12,CAT-45,6.0,1.0
2026-02-12,CAT-46,5.0,1.0
2026-02-12,CAT-47,6.0,1.0
2026-02-12,CAT-48,3.0,1.0
2026-02-12,CAT-49,4.0,1.0
2026-02-13,CAT-01,4.0,1.0
2026-02-13,CAT-02,7.0,3.0
2026-02-13,CAT-03,6.0,1.0
2026-02-13,CAT-04,7.0,1.0
2026-02-13,CAT-05,4.0,1.0
2026-02-13,CAT-06,3.0,1.0
2026-02-13,CAT-07,7.0,1.0
2026-02-13,CAT-08,8.0,1.0
2026-02-13,CAT-09,7.0,3.0
2026-02-13,CAT-10,6.0,1.0
2026-02-13,CAT-11,3.0,1.0
2026-02-13,CAT-12,3.0,1.0
2026-02-13,CAT-13,6.0,3.0
2026-02-13,CAT-14,7.0,1.0
2026-02-13,CAT-15,4.0,1.0
2026-02-13,CAT-16,7.0,3.0
2026-02-13,CAT-17,5.0,1.0
2026-02-13,CAT-18,5.0,3.0
2026-02-13,CAT-19,5.0,1.0
2026-02-13,CAT-20,7.0,1.0
2026-02-13,CAT-21,4.0,1.0
2026-02-13,CAT-22,7.0,1.0
2026-02-13,CAT-23,7.0,1.0
2026-02-13,CAT-24,4.0,1.0
2026-02-13,CAT-25,8.0,1.0
2026-02-13,CAT-26,6.0,1.0
2026-02-13,CAT-27,6.0,1.0
2026-02-13,CAT-28,5.0,1.0
2026-02-13,CAT-29,7.0,1.0
2026-02-13,CAT-30,8.0,1.0
2026-02-13,CAT-31,4.0,1.0
2026-02-13,CAT-32,4.0,1.0
2026-02-13,CAT-33,5.0,1.0
2026-02-13,CAT-34,8.0,1.0
2026-02-13,CAT-35,7.0,1.0
2026-02-13,CAT-36,4.0,1.0
2026-02-13,CAT-37,5.0,1.0
2026-02-13,CAT-38,5.0,1.0
2026-02-13,CAT-39,5.0,1.0
2026-02-13,CAT-40,6.0,1.0
2026-02-13,CAT-41,6.0,1.0
2026-02-13,CAT-42,5.0,1.0
2026-02-13,CAT-43,4.0,1.0
2026-02-13,CAT-44,6.0,1.0
2026-02-13,CAT-45,6.0,1.0
2026-02-13,CAT-46,5.0,1.0
2026-02-13,CAT-47,6.0,1.0
2026-02-13,CAT-48,3.0,1.0
2026-02-13,CAT-49,4.0,1.0
2026-02-14,CAT-01,4.0,1.0
2026-02-14,CAT-02,7.0,3.0
2026-02-14,CAT-03,6.0,1.0
2026-02-14,CAT-04,7.0,1.0
2026-02-14,CAT-05,4.0,1.0
2026-02-14,CAT-06,3.0,1.0
2026-02-14,CAT-07,7.0,1.0
2026-02-14,CAT-08,8.0,1.0
2026-02-14,CAT-09,7.0,3.0
2026-02-14,CAT-10,6.0,1.0
2026-02-14,CAT-11,3.0,1.0
2026-02-14,CAT-12,3.0,1.0
2026-02-14,CAT-13,6.0,3.0
2026-02-14,CAT-14,7.0,1.0
2026-02-14,CAT-15,4.0,1.0
2026-02-14,CAT-16,7.0,3.0
2026-02-14,CAT-17,5.0,1.0
2026-02-14,CAT-18,5.0,3.0
2026-02-14,CAT-19,5.0,1.0
2026-02-14,CAT-20,7.0,1.0
2026-02-14,CAT-21,4.0,1.0
2026-02-14,CAT-22,7.0,1.0
2026-02-14,CAT-23,7.0,1.0
2026-02-14,CAT-24,4.0,1.0
2026-02-14,CAT-25,8.0,1.0
2026-02-14,CAT-26,6.0,1.0
2026-02-14,CAT-27,6.0,1.0
2026-02-14,CAT-28,5.0,1.0
2026-02-14,CAT-29,7.0,1.0
2026-02-14,CAT-30,8.0,1.0
2026-02-14,CAT-31,4.0,1.0
2026-02-14,CAT-32,4.0,1.0
2026-02-14,CAT-33,5.0,1.0
2026-02-14,CAT-34,8.0,1.0
2026-02-14,CAT-35,7.0,1.0
2026-02-14,CAT-36,4.0,1.0
2026-02-14,CAT-37,5.0,1.0
2026-02-14,CAT-38,5.0,1.0
2026-02-14,CAT-39,5.0,1.0
2026-02-14,CAT-40,6.0,1.0
2026-02-14,CAT-41,6.0,1.0
2026-02-14,CAT-42,5.0,1.0
2026-02-14,CAT-43,4.0,1.0
2026-02-14,CAT-44,6.0,1.0
2026-02-14,CAT-45,6.0,1.0
2026-02-14,CAT-46,5.0,1.0
2026-02-14,CAT-47,6.0,1.0
2026-02-14,CAT-48,3.0,1.0
2026-02-14,CAT-49,4.0,1.0
2026-02-15,CAT-01,4.0,1.0
2026-02-15,CAT-02,7.0,3.0
2026-02-15,CAT-03,6.0,1.0
2026-02-15,CAT-04,7.0,1.0
2026-02-15,CAT-05,4.0,1.0
2026-02-15,CAT-06,3.0,1.0
2026-02-15,CAT-07,7.0,1.0
2026-02-15,CAT-08,8.0,1.0
2026-02-15,CAT-09,7.0,3.0
2026-02-15,CAT-10,6.0,1.0
2026-02-15,CAT-11,3.0,1.0
2026-02-15,CAT-12,3.0,1.0
2026-02-15,CAT-13,6.0,3.0
2026-02-15,CAT-14,7.0,1.0
2026-02-15,CAT-15,4.0,1.0
2026-02-15,CAT-16,7.0,3.0
2026-02-15,CAT-17,5.0,1.0
2026-02-15,CAT-18,5.0,3.0
2026-02-15,CAT-19,5.0,1.0
2026-02-15,CAT-20,7.0,1.0
2026-02-15,CAT-21,4.0,1.0
2026-02-15,CAT-22,7.0,1.0
2026-02-15,CAT-23,7.0,1.0
2026-02-15,CAT-24,4.0,1.0
2026-02-15,CAT-25,8.0,1.0
2026-02-15,CAT-26,6.0,1.0
2026-02-15,CAT-27,6.0,1.0
2026-02-15,CAT-28,5.0,1.0
2026-02-15,CAT-29,7.0,1.0
2026-02-15,CAT-30,8.0,1.0
2026-02-15,CAT-31,4.0,1.0
2026-02-15,CAT-32,4.0,1.0
2026-02-15,CAT-33,5.0,1.0
2026-02-15,CAT-34,8.0,1.0
2026-02-15,CAT-35,7.0,1.0
2026-02-15,CAT-36,4.0,1.0
2026-02-15,CAT-37,5.0,1.0
2026-02-15,CAT-38,5.0,1.0
2026-02-15,CAT-39,5.0,1.0
2026-02-15,CAT-40,6.0,1.0
2026-02-15,CAT-41,6.0,1.0
2026-02-15,CAT-42,5.0,1.0
2026-02-15,CAT-43,4.0,1.0
2026-02-15,CAT-44,6.0,1.0
2026-02-15,CAT-45,6.0,1.0
2026-02-15,CAT-46,5.0,1.0
2026-02-15,CAT-47,6.0,1.0
2026-02-15,CAT-48,3.0,1.0
2026-02-15,CAT-49,4.0,1.0
2026-02-16,CAT-01,4.0,1.0
2026-02-16,CAT-02,7.0,3.0
2026-02-16,CAT-03,6.0,1.0
2026-02-16,CAT-04,7.0,1.0
2026-02-16,CAT-05,4.0,1.0
2026-02-16,CAT-06,3.0,1.0
2026-02-16,CAT-07,7.0,1.0
2026-02-16,CAT-08,8.0,1.0
2026-02-16,CAT-09,7.0,3.0
2026-02-16,CAT-10,6.0,1.0
2026-02-16,CAT-11,3.0,1.0
2026-02-16,CAT-12,3.0,1.0
2026-02-16,CAT-13,6.0,3.0
2026-02-16,CAT-14,7.0,1.0
2026-02-16,CAT-15,4.0,1.0
2026-02-16,CAT-16,7.0,3.0
2026-02-16,CAT-17,5.0,1.0
2026-02-16,CAT-18,5.0,3.0
2026-02-16,CAT-19,5.0,1.0
2026-02-16,CAT-20,7.0,1.0
2026-02-16,CAT-21,4.0,1.0
2026-02-16,CAT-22,7.0,1.0
2026-02-16,CAT-23,7.0,1.0
2026-02-16,CAT-24,4.0,1.0
2026-02-16,CAT-25,8.0,1.0
2026-02-16,CAT-26,6.0,1.0
2026-02-16,CAT-27,6.0,1.0
2026-02-16,CAT-28,5.0,1.0
2026-02-16,CAT-29,7.0,1.0
2026-02-16,CAT-30,8.0,1.0
2026-02-16,CAT-31,4.0,1.0
2026-02-16,CAT-32,4.0,1.0
2026-02-16,CAT-33,5.0,1.0
2026-02-16,CAT-34,8.0,1.0
2026-02-16,CAT-35,7.0,1.0
2026-02-16,CAT-36,4.0,1.0
2026-02-16,CAT-37,5.0,1.0
2026-02-16,CAT-38,5.0,1.0
2026-02-16,CAT-39,5.0,1.0
2026-02-16,CAT-40,6.0,1.0
2026-02-16,CAT-41,6.0,1.0
2026-02-16,CAT-42,5.0,1.0
2026-02-16,CAT-43,4.0,1.0
2026-02-16,CAT-44,6.0,1.0
2026-02-16,CAT-45,6.0,1.0
2026-02-16,CAT-46,5.0,1.0
2026-02-16,CAT-47,6.0,1.0
2026-02-16,CAT-48,3.0,1.0
2026-02-16,CAT-49,4.0,1.0
2026-02-17,CAT-01,4.0,1.0
2026-02-17,CAT-02,7.0,3.0
2026-02-17,CAT-03,6.0,1.0
2026-02-17,CAT-04,7.0,1.0
2026-02-17,CAT-05,4.0,1.0
2026-02-17,CAT-06,3.0,1.0
2026-02-17,CAT-07,7.0,1.0
2026-02-17,CAT-08,8.0,1.0
2026-02-17,CAT-09,7.0,3.0
2026-02-17,CAT-10,6.0,1.0
2026-02-17,CAT-11,3.0,1.0
2026-02-17,CAT-12,3.0,1.0
2026-02-17,CAT-13,6.0,3.0
2026-02-17,CAT-14,7.0,1.0
2026-02-17,CAT-15,4.0,1.0
2026-02-17,CAT-16,7.0,3.0
2026-02-17,CAT-17,5.0,1.0
2026-02-17,CAT-18,5.0,3.0
2026-02-17,CAT-19,5.0,1.0
2026-02-17,CAT-20,7.0,1.0
2026-02-17,CAT-21,4.0,1.0
2026-02-17,CAT-22,7.0,1.0
2026-02-17,CAT-23,7.0,1.0
2026-02-17,CAT-24,4.0,1.0
2026-02-17,CAT-25,8.0,1.0
2026-02-17,CAT-26,6.0,1.0
2026-02-17,CAT-27,6.0,1.0
2026-02-17,CAT-28,5.0,1.0
2026-02-17,CAT-29,7.0,1.0
2026-02-17,CAT-30,8.0,1.0
2026-02-17,CAT-31,4.0,1.0
2026-02-17,CAT-32,4.0,1.0
2026-02-17,CAT-33,5.0,1.0
2026-02-17,CAT-34,8.0,1.0
2026-02-17,CAT-35,7.0,1.0
2026-02-17,CAT-36,4.0,1.0
2026-02-17,CAT-37,5.0,1.0
2026-02-17,CAT-38,5.0,1.0
2026-02-17,CAT-39,5.0,1.0
2026-02-17,CAT-40,6.0,1.0
2026-02-17,CAT-41,6.0,1.0
2026-02-17,CAT-42,5.0,1.0
2026-02-17,CAT-43,4.0,1.0
2026-02-17,CAT-44,6.0,1.0
2026-02-17,CAT-45,6.0,1.0
2026-02-17,CAT-46,5.0,1.0
2026-02-17,CAT-47,6.0,1.0
2026-02-17,CAT-48,3.0,1.0
2026-02-17,CAT-49,4.0,1.0
2026-02-18,CAT-01,4.0,1.0
2026-02-18,CAT-02,7.0,3.0
2026-02-18,CAT-03,6.0,1.0
2026-02-18,CAT-04,7.0,1.0
2026-02-18,CAT-05,4.0,1.0
2026-02-18,CAT-06,3.0,1.0
2026-02-18,CAT-07,7.0,1.0
2026-02-18,CAT-08,8.0,1.0
2026-02-18,CAT-09,7.0,3.0
2026-02-18,CAT-10,6.0,1.0
2026-02-18,CAT-11,3.0,1.0
2026-02-18,CAT-12,3.0,1.0
2026-02-18,CAT-13,6.0,3.0
2026-02-18,CAT-14,7.0,1.0
2026-02-18,CAT-15,4.0,1.0
2026-02-18,CAT-16,7.0,3.0
2026-02-18,CAT-17,5.0,1.0
2026-02-18,CAT-18,5.0,3.0
2026-02-18,CAT-19,5.0,1.0
2026-02-18,CAT-20,7.0,1.0
2026-02-18,CAT-21,4.0,1.0
2026-02-18,CAT-22,7.0,1.0
2026-02-18,CAT-23,7.0,1.0
2026-02-18,CAT-24,4.0,1.0
2026-02-18,CAT-25,8.0,1.0
2026-02-18,CAT-26,6.0,1.0
2026-02-18,CAT-27,6.0,1.0
2026-02-18,CAT-28,5.0,1.0
2026-02-18,CAT-29,7.0,1.0
2026-02-18,CAT-30,8.0,1.0
2026-02-18,CAT-31,4.0,1.0
2026-02-18,CAT-32,4.0,1.0
2026-02-18,CAT-33,5.0,1.0
2026-02-18,CAT-34,8.0,1.0
2026-02-18,CAT-35,7.0,1.0
2026-02-18,CAT-36,4.0,1.0
2026-02-18,CAT-37,5.0,1.0
2026-02-18,CAT-38,5.0,1.0
2026-02-18,CAT-39,5.0,1.0
2026-02-18,CAT-40,6.0,1.0
2026-02-18,CAT-41,6.0,1.0
2026-02-18,CAT-42,5.0,1.0
2026-02-18,CAT-43,4.0,1.0
2026-02-18,CAT-44,6.0,1.0
2026-02-18,CAT-45,6.0,1.0
2026-02-18,CAT-46,5.0,1.0
2026-02-18,CAT-47,6.0,1.0
2026-02-18,CAT-48,3.0,1.0
2026-02-18,CAT-49,4.0,1.0
2026-02-19,CAT-01,4.0,1.0
2026-02-19,CAT-02,7.0,3.0
2026-02-19,CAT-03,6.0,1.0
2026-02-19,CAT-04,7.0,1.0
2026-02-19,CAT-05,4.0,1.0
2026-02-19,CAT-06,3.0,1.0
2026-02-19,CAT-07,7.0,1.0
2026-02-19,CAT-08,8.0,1.0
2026-02-19,CAT-09,7.0,3.0
2026-02-19,CAT-10,6.0,1.0
2026-02-19,CAT-11,3.0,1.0
2026-02-19,CAT-12,3.0,1.0
2026-02-19,CAT-13,6.0,3.0
2026-02-19,CAT-14,7.0,1.0
2026-02-19,CAT-15,4.0,1.0
2026-02-19,CAT-16,7.0,3.0
2026-02-19,CAT-17,5.0,1.0
2026-02-19,CAT-18,7.0,5.0
2026-02-19,CAT-19,5.0,1.0
2026-02-19,CAT-20,7.0,1.0
2026-02-19,CAT-21,4.0,1.0
2026-02-19,CAT-22,7.0,1.0
2026-02-19,CAT-23,7.0,1.0
2026-02-19,CAT-24,4.0,1.0
2026-02-19,CAT-25,8.0,1.0
2026-02-19,CAT-26,6.0,1.0
2026-02-19,CAT-27,6.0,1.0
2026-02-19,CAT-28,5.0,1.0
2026-02-19,CAT-29,7.0,1.0
2026-02-19,CAT-30,8.0,1.0
2026-02-19,CAT-31,4.0,1.0
2026-02-19,CAT-32,4.0,1.0
2026-02-19,CAT-33,5.0,1.0
2026-02-19,CAT-34,8.0,1.0
2026-02-19,CAT-35,7.0,1.0
2026-02-19,CAT-36,4.0,1.0
2026-02-19,CAT-37,5.0,1.0
2026-02-19,CAT-38,5.0,1.0
2026-02-19,CAT-39,5.0,1.0
2026-02-19,CAT-40,6.0,1.0
2026-02-19,CAT-41,6.0,1.0
2026-02-19,CAT-42,5.0,1.0
2026-02-19,CAT-43,4.0,1.0
2026-02-19,CAT-44,6.0,1.0
2026-02-19,CAT-45,6.0,1.0
2026-02-19,CAT-46,5.0,1.0
2026-02-19,CAT-47,6.0,1.0
2026-02-19,CAT-48,3.0,1.0
2026-02-19,CAT-49,4.0,1.0
2026-02-20,CAT-01,4.0,1.0
2026-02-20,CAT-02,7.0,3.0
2026-02-20,CAT-03,6.0,1.0
2026-02-20,CAT-04,7.0,1.0
2026-02-20,CAT-05,4.0,1.0
2026-02-20,CAT-06,3.0,1.0
2026-02-20,CAT-07,7.0,1.0
2026-02-20,CAT-08,8.0,1.0
2026-02-20,CAT-09,7.0,3.0
2026-02-20,CAT-10,6.0,1.0
2026-02-20,CAT-11,3.0,1.0
2026-02-20,CAT-12,3.0,1.0
2026-02-20,CAT-13,6.0,3.0
2026-02-20,CAT-14,7.0,1.0
2026-02-20,CAT-15,4.0,1.0
2026-02-20,CAT-16,7.0,3.0
2026-02-20,CAT-17,5.0,1.0
2026-02-20,CAT-18,5.0,3.0
2026-02-20,CAT-19,5.0,1.0
2026-02-20,CAT-20,7.0,1.0
2026-02-20,CAT-21,4.0,1.0
2026-02-20,CAT-22,7.0,1.0
2026-02-20,CAT-23,7.0,1.0
2026-02-20,CAT-24,4.0,1.0
2026-02-20,CAT-25,8.0,1.0
2026-02-20,CAT-26,6.0,1.0
2026-02-20,CAT-27,6.0,1.0
2026-02-20,CAT-28,5.0,1.0
2026-02-20,CAT-29,7.0,1.0
2026-02-20,CAT-30,8.0,1.0
2026-02-20,CAT-31,4.0,1.0
2026-02-20,CAT-32,4.0,1.0
2026-02-20,CAT-33,5.0,1.0
2026-02-20,CAT-34,8.0,1.0
2026-02-20,CAT-35,7.0,1.0
2026-02-20,CAT-36,4.0,1.0
2026-02-20,CAT-37,5.0,1.0
2026-02-20,CAT-38,5.0,1.0
2026-02-20,CAT-39,5.0,1.0
2026-02-20,CAT-40,6.0,1.0
2026-02-20,CAT-41,6.0,1.0
2026-02-20,CAT-42,5.0,1.0
2026-02-20,CAT-43,4.0,1.0
2026-02-20,CAT-44,6.0,1.0
2026-02-20,CAT-45,6.0,1.0
2026-02-20,CAT-46,5.0,1.0
2026-02-20,CAT-47,6.0,1.0
2026-02-20,CAT-48,3.0,1.0
2026-02-20,CAT-49,4.0,1.0
2026-02-21,CAT-01,4.0,1.0
2026-02-21,CAT-02,7.0,3.0
2026-02-21,CAT-03,6.0,1.0
2026-02-21,CAT-04,7.0,1.0
2026-02-21,CAT-05,4.0,1.0
2026-02-21,CAT-06,3.0,1.0
2026-02-21,CAT-07,7.0,1.0
2026-02-21,CAT-08,8.0,1.0
2026-02-21,CAT-09,7.0,3.0
2026-02-21,CAT-10,6.0,1.0
2026-02-21,CAT-11,3.0,1.0
2026-02-21,CAT-12,3.0,1.0
2026-02-21,CAT-13,6.0,3.0
2026-02-21,CAT-14,7.0,1.0
2026-02-21,CAT-15,4.0,1.0
2026-02-21,CAT-16,7.0,3.0
2026-02-21,CAT-17,5.0,1.0
2026-02-21,CAT-18,5.0,3.0
2026-02-21,CAT-19,5.0,1.0
2026-02-21,CAT-20,7.0,1.0
2026-02-21,CAT-21,4.0,1.0
2026-02-21,CAT-22,7.0,1.0
2026-02-21,CAT-23,7.0,1.0
2026-02-21,CAT-24,4.0,1.0
2026-02-21,CAT-25,8.0,1.0
2026-02-21,CAT-26,6.0,1.0
2026-02-21,CAT-27,6.0,1.0
2026-02-21,CAT-28,5.0,1.0
2026-02-21,CAT-29,7.0,1.0
2026-02-21,CAT-30,8.0,1.0
2026-02-21,CAT-31,4.0,1.0
2026-02-21,CAT-32,4.0,1.0
2026-02-21,CAT-33,5.0,1.0
2026-02-21,CAT-34,8.0,1.0
2026-02-21,CAT-35,7.0,1.0
2026-02-21,CAT-36,4.0,1.0
2026-02-21,CAT-37,5.0,1.0
2026-02-21,CAT-38,5.0,1.0
2026-02-21,CAT-39,5.0,1.0
2026-02-21,CAT-40,6.0,1.0
2026-02-21,CAT-41,6.0,1.0
2026-02-21,CAT-42,5.0,1.0
2026-02-21,CAT-43,4.0,1.0
2026-02-21,CAT-44,6.0,1.0
2026-02-21,CAT-45,6.0,1.0
2026-02-21,CAT-46,5.0,1.0
2026-02-21,CAT-47,6.0,1.0
2026-02-21,CAT-48,3.0,1.0
2026-02-21,CAT-49,4.0,1.0
2026-02-22,CAT-01,4.0,1.0
2026-02-22,CAT-02,7.0,3.0
2026-02-22,CAT-03,6.0,1.0
2026-02-22,CAT-04,7.0,1.0
2026-02-22,CAT-05,4.0,1.0
2026-02-22,CAT-06,3.0,1.0
2026-02-22,CAT-07,7.0,1.0
2026-02-22,CAT-08,8.0,1.0
2026-02-22,CAT-09,7.0,3.0
2026-02-22,CAT-10,6.0,1.0
2026-02-22,CAT-11,3.0,1.0
2026-02-22,CAT-12,3.0,1.0
2026-02-22,CAT-13,6.0,3.0
2026-02-22,CAT-14,7.0,1.0
2026-02-22,CAT-15,4.0,1.0
2026-02-22,CAT-16,7.0,3.0
2026-02-22,CAT-17,5.0,1.0
2026-02-22,CAT-18,5.0,3.0
2026-02-22,CAT-19,5.0,1.0
2026-02-22,CAT-20,7.0,1.0
2026-02-22,CAT-21,4.0,1.0
2026-02-22,CAT-22,7.0,1.0
2026-02-22,CAT-23,7.0,1.0
2026-02-22,CAT-24,4.0,1.0
2026-02-22,CAT-25,8.0,1.0
2026-02-22,CAT-26,6.0,1.0
2026-02-22,CAT-27,6.0,1.0
2026-02-22,CAT-28,5.0,1.0
2026-02-22,CAT-29,7.0,1.0
2026-02-22,CAT-30,8.0,1.0
2026-02-22,CAT-31,4.0,1.0
2026-02-22,CAT-32,4.0,1.0
2026-02-22,CAT-33,5.0,1.0
2026-02-22,CAT-34,8.0,1.0
2026-02-22,CAT-35,7.0,1.0
2026-02-22,CAT-36,4.0,1.0
2026-02-22,CAT-37,5.0,1.0
2026-02-22,CAT-38,5.0,1.0
2026-02-22,CAT-39,5.0,1.0
2026-02-22,CAT-40,6.0,1.0
2026-02-22,CAT-41,6.0,1.0
2026-02-22,CAT-42,5.0,1.0
2026-02-22,CAT-43,4.0,1.0
2026-02-22,CAT-44,6.0,1.0
2026-02-22,CAT-45,6.0,1.0
2026-02-22,CAT-46,5.0,1.0
2026-02-22,CAT-47,6.0,1.0
2026-02-22,CAT-48,3.0,1.0
2026-02-22,CAT-49,4.0,1.0
2026-02-23,CAT-01,4.0,1.0
2026-02-23,CAT-02,7.0,3.0
2026-02-23,CAT-03,6.0,1.0
2026-02-23,CAT-04,7.0,1.0
2026-02-23,CAT-05,4.0,1.0
2026-02-23,CAT-06,3.0,1.0
2026-02-23,CAT-07,7.0,1.0
2026-02-23,CAT-08,8.0,1.0
2026-02-23,CAT-09,7.0,3.0
2026-02-23,CAT-10,6.0,1.0
2026-02-23,CAT-11,3.0,1.0
2026-02-23,CAT-12,3.0,1.0
2026-02-23,CAT-13,6.0,3.0
2026-02-23,CAT-14,7.0,1.0
2026-02-23,CAT-15,4.0,1.0
2026-02-23,CAT-16,7.0,3.0
2026-02-23,CAT-17,5.0,1.0
2026-02-23,CAT-18,5.0,3.0
2026-02-23,CAT-19,5.0,1.0
2026-02-23,CAT-20,7.0,1.0
2026-02-23,CAT-21,4.0,1.0
2026-02-23,CAT-22,7.0,1.0
2026-02-23,CAT-23,7.0,1.0
2026-02-23,CAT-24,4.0,1.0
2026-02-23,CAT-25,8.0,1.0
2026-02-23,CAT-26,6.0,1.0
2026-02-23,CAT-27,6.0,1.0
2026-02-23,CAT-28,5.0,1.0
2026-02-23,CAT-29,7.0,1.0
2026-02-23,CAT-30,8.0,1.0
2026-02-23,CAT-31,4.0,1.0
2026-02-23,CAT-32,4.0,1.0
2026-02-23,CAT-33,5.0,1.0
2026-02-23,CAT-34,8.0,1.0
2026-02-23,CAT-35,7.0,1.0
2026-02-23,CAT-36,4.0,1.0
2026-02-23,CAT-37,5.0,1.0
2026-02-23,CAT-38,5.0,1.0
2026-02-23,CAT-39,5.0,1.0
2026-02-23,CAT-40,6.0,1.0
2026-02-23,CAT-41,6.0,1.0
2026-02-23,CAT-42,5.0,1.0
2026-02-23,CAT-43,4.0,1.0
2026-02-23,CAT-44,6.0,1.0
2026-02-23,CAT-45,6.0,1.0
2026-02-23,CAT-46,5.0,1.0
2026-02-23,CAT-47,6.0,1.0
2026-02-23,CAT-48,3.0,1.0
2026-02-23,CAT-49,4.0,1.0
2026-02-24,CAT-01,4.0,1.0
2026-02-24,CAT-02,11.0,8.0
2026-02-24,CAT-03,6.0,1.0
2026-02-24,CAT-04,7.0,1.0
2026-02-24,CAT-05,4.0,1.0
2026-02-24,CAT-06,3.0,1.0
2026-02-24,CAT-07,7.0,1.0
2026-02-24,CAT-08,8.0,1.0
2026-02-24,CAT-09,7.0,3.0
2026-02-24,CAT-10,6.0,1.0
2026-02-24,CAT-11,3.0,1.0
2026-02-24,CAT-12,3.0,1.0
2026-02-24,CAT-13,10.0,8.0
2026-02-24,CAT-14,7.0,1.0
2026-02-24,CAT-15,4.0,1.0
2026-02-24,CAT-16,7.0,3.0
2026-02-24,CAT-17,5.0,1.0
2026-02-24,CAT-18,5.0,3.0
2026-02-24,CAT-19,5.0,1.0
2026-02-24,CAT-20,7.0,1.0
2026-02-24,CAT-21,4.0,1.0
2026-02-24,CAT-22,7.0,1.0
2026-02-24,CAT-23,7.0,1.0
2026-02-24,CAT-24,4.0,1.0
2026-02-24,CAT-25,8.0,1.0
2026-02-24,CAT-26,6.0,1.0
2026-02-24,CAT-27,6.0,1.0
2026-02-24,CAT-28,5.0,1.0
2026-02-24,CAT-29,7.0,1.0
2026-02-24,CAT-30,8.0,1.0
2026-02-24,CAT-31,4.0,1.0
2026-02-24,CAT-32,4.0,1.0
2026-02-24,CAT-33,5.0,1.0
2026-02-24,CAT-34,8.0,1.0
2026-02-24,CAT-35,7.0,1.0
2026-02-24,CAT-36,4.0,1.0
2026-02-24,CAT-37,5.0,1.0
2026-02-24,CAT-38,5.0,1.0
2026-02-24,CAT-39,5.0,1.0
2026-02-24,CAT-40,6.0,1.0
2026-02-24,CAT-41,6.0,1.0
2026-02-24,CAT-42,5.0,1.0
2026-02-24,CAT-43,4.0,1.0
2026-02-24,CAT-44,6.0,1.0
2026-02-24,CAT-45,6.0,1.0
2026-02-24,CAT-46,5.0,1.0
2026-02-24,CAT-47,6.0,1.0
2026-02-24,CAT-48,3.0,1.0
2026-02-24,CAT-49,4.0,1.0
2026-02-25,CAT-01,4.0,1.0
2026-02-25,CAT-02,11.0,8.0
2026-02-25,CAT-03,6.0,1.0
2026-02-25,CAT-04,7.0,1.0
2026-02-25,CAT-05,4.0,1.0
2026-02-25,CAT-06,3.0,1.0
2026-02-25,CAT-07,7.0,1.0
2026-02-25,CAT-08,8.0,1.0
2026-02-25,CAT-09,7.0,3.0
2026-02-25,CAT-10,6.0,1.0
2026-02-25,CAT-11,3.0,1.0
2026-02-25,CAT-12,3.0,1.0
2026-02-25,CAT-13,10.0,8.0
2026-02-25,CAT-14,7.0,1.0
2026-02-25,CAT-15,4.0,1.0
2026-02-25,CAT-16,7.0,3.0
2026-02-25,CAT-17,5.0,1.0
2026-02-25,CAT-18,5.0,3.0
2026-02-25,CAT-19,5.0,1.0
2026-02-25,CAT-20,7.0,1.0
2026-02-25,CAT-21,4.0,1.0
2026-02-25,CAT-22,7.0,1.0
2026-02-25,CAT-23,7.0,1.0
2026-02-25,CAT-24,4.0,1.0
2026-02-25,CAT-25,8.0,1.0
2026-02-25,CAT-26,6.0,1.0
2026-02-25,CAT-27,6.0,1.0
2026-02-25,CAT-28,5.0,1.0
2026-02-25,CAT-29,7.0,1.0
2026-02-25,CAT-30,8.0,1.0
2026-02-25,CAT-31,4.0,1.0
2026-02-25,CAT-32,4.0,1.0
2026-02-25,CAT-33,5.0,1.0
2026-02-25,CAT-34,8.0,1.0
2026-02-25,CAT-35,7.0,1.0
2026-02-25,CAT-36,4.0,1.0
2026-02-25,CAT-37,5.0,1.0
2026-02-25,CAT-38,5.0,1.0
2026-02-25,CAT-39,5.0,1.0
2026-02-25,CAT-40,6.0,1.0
2026-02-25,CAT-41,6.0,1.0
2026-02-25,CAT-42,5.0,1.0
2026-02-25,CAT-43,4.0,1.0
2026-02-25,CAT-44,6.0,1.0
2026-02-25,CAT-45,6.0,1.0
2026-02-25,CAT-46,5.0,1.0
2026-02-25,CAT-47,6.0,1.0
2026-02-25,CAT-48,3.0,1.0
2026-02-25,CAT-49,4.0,1.0
2026-02-26,CAT-01,4.0,1.0
2026-02-26,CAT-02,7.0,3.0
2026-02-26,CAT-03,6.0,1.0
2026-02-26,CAT-04,7.0,1.0
2026-02-26,CAT-05,4.0,1.0
2026-02-26,CAT-06,3.0,1.0
2026-02-26,CAT-07,7.0,1.0
2026-02-26,CAT-08,8.0,1.0
2026-02-26,CAT-09,9.0,5.0
2026-02-26,CAT-10,6.0,1.0
2026-02-26,CAT-11,3.0,1.0
2026-02-26,CAT-12,3.0,1.0
2026-02-26,CAT-13,6.0,3.0
2026-02-26,CAT-14,7.0,1.0
2026-02-26,CAT-15,4.0,1.0
2026-02-26,CAT-16,8.0,5.0
2026-02-26,CAT-17,5.0,1.0
2026-02-26,CAT-18,5.0,3.0
2026-02-26,CAT-19,5.0,1.0
2026-02-26,CAT-20,7.0,1.0
2026-02-26,CAT-21,4.0,1.0
2026-02-26,CAT-22,7.0,1.0
2026-02-26,CAT-23,7.0,1.0
2026-02-26,CAT-24,4.0,1.0
2026-02-26,CAT-25,8.0,1.0
2026-02-26,CAT-26,6.0,1.0
2026-02-26,CAT-27,6.0,1.0
2026-02-26,CAT-28,5.0,1.0
2026-02-26,CAT-29,7.0,1.0
2026-02-26,CAT-30,8.0,1.0
2026-02-26,CAT-31,4.0,1.0
2026-02-26,CAT-32,4.0,1.0
2026-02-26,CAT-33,5.0,1.0
2026-02-26,CAT-34,8.0,1.0
2026-02-26,CAT-35,7.0,1.0
2026-02-26,CAT-36,4.0,1.0
2026-02-26,CAT-37,5.0,1.0
2026-02-26,CAT-38,5.0,1.0
2026-02-26,CAT-39,5.0,1.0
2026-02-26,CAT-40,6.0,1.0
2026-02-26,CAT-41,6.0,1.0
2026-02-26,CAT-42,5.0,1.0
2026-02-26,CAT-43,4.0,1.0
2026-02-26,CAT-44,6.0,1.0
2026-02-26,CAT-45,6.0,1.0
2026-02-26,CAT-46,5.0,1.0
2026-02-26,CAT-47,6.0,1.0
2026-02-26,CAT-48,3.0,1.0
2026-02-26,CAT-49,4.0,1.0
2026-02-27,CAT-01,4.0,1.0
2026-02-27,CAT-02,7.0,3.0
2026-02-27,CAT-03,6.0,1.0
2026-02-27,CAT-04,7.0,1.0
2026-02-27,CAT-05,4.0,1.0
2026-02-27,CAT-06,3.0,1.0
2026-02-27,CAT-07,7.0,1.0
2026-02-27,CAT-08,8.0,1.0
2026-02-27,CAT-09,7.0,3.0
2026-02-27,CAT-10,6.0,1.0
2026-02-27,CAT-11,3.0,1.0
2026-02-27,CAT-12,3.0,1.0
2026-02-27,CAT-13,6.0,3.0
2026-02-27,CAT-14,7.0,1.0
2026-02-27,CAT-15,4.0,1.0
2026-02-27,CAT-16,7.0,3.0
2026-02-27,CAT-17,5.0,1.0
2026-02-27,CAT-18,5.0,3.0
2026-02-27,CAT-19,5.0,1.0
2026-02-27,CAT-20,7.0,1.0
2026-02-27,CAT-21,4.0,1.0
2026-02-27,CAT-22,7.0,1.0
2026-02-27,CAT-23,7.0,1.0
2026-02-27,CAT-24,4.0,1.0
2026-02-27,CAT-25,8.0,1.0
2026-02-27,CAT-26,6.0,1.0
2026-02-27,CAT-27,6.0,1.0
2026-02-27,CAT-28,5.0,1.0
2026-02-27,CAT-29,7.0,1.0
2026-02-27,CAT-30,8.0,1.0
2026-02-27,CAT-31,4.0,1.0
2026-02-27,CAT-32,4.0,1.0
2026-02-27,CAT-33,5.0,1.0
2026-02-27,CAT-34,8.0,1.0
2026-02-27,CAT-35,7.0,1.0
2026-02-27,CAT-36,4.0,1.0
2026-02-27,CAT-37,5.0,1.0
2026-02-27,CAT-38,5.0,1.0
2026-02-27,CAT-39,5.0,1.0
2026-02-27,CAT-40,6.0,1.0
2026-02-27,CAT-41,6.0,1.0
2026-02-27,CAT-42,5.0,1.0
2026-02-27,CAT-43,4.0,1.0
2026-02-27,CAT-44,6.0,1.0
2026-02-27,CAT-45,6.0,1.0
2026-02-27,CAT-46,5.0,1.0
2026-02-27,CAT-47,6.0,1.0
2026-02-27,CAT-48,3.0,1.0
2026-02-27,CAT-49,4.0,1.0
2026-02-28,CAT-01,4.0,1.0
2026-02-28,CAT-02,7.0,3.0
2026-02-28,CAT-03,6.0,1.0
2026-02-28,CAT-04,7.0,1.0
2026-02-28,CAT-05,4.0,1.0
2026-02-28,CAT-06,3.0,1.0
2026-02-28,CAT-07,7.0,1.0
2026-02-28,CAT-08,8.0,1.0
2026-02-28,CAT-09,7.0,3.0
2026-02-28,CAT-10,6.0,1.0
2026-02-28,CAT-11,3.0,1.0
2026-02-28,CAT-12,3.0,1.0
2026-02-28,CAT-13,6.0,3.0
2026-02-28,CAT-14,7.0,1.0
2026-02-28,CAT-15,4.0,1.0
2026-02-28,CAT-16,7.0,3.0
2026-02-28,CAT-17,5.0,1.0
2026-02-28,CAT-18,5.0,3.0
2026-02-28,CAT-19,5.0,1.0
2026-02-28,CAT-20,7.0,1.0
2026-02-28,CAT-21,4.0,1.0
2026-02-28,CAT-22,7.0,1.0
2026-02-28,CAT-23,7.0,1.0
2026-02-28,CAT-24,4.0,1.0
2026-02-28,CAT-25,8.0,1.0
2026-02-28,CAT-26,6.0,1.0
2026-02-28,CAT-27,6.0,1.0
2026-02-28,CAT-28,5.0,1.0
2026-02-28,CAT-29,7.0,1.0
2026-02-28,CAT-30,8.0,1.0
2026-02-28,CAT-31,4.0,1.0
2026-02-28,CAT-32,4.0,1.0
2026-02-28,CAT-33,5.0,1.0
2026-02-28,CAT-34,8.0,1.0
2026-02-28,CAT-35,7.0,1.0
2026-02-28,CAT-36,4.0,1.0
2026-02-28,CAT-37,5.0,1.0
2026-02-28,CAT-38,5.0,1.0
2026-02-28,CAT-39,5.0,1.0
2026-02-28,CAT-40,6.0,1.0
2026-02-28,CAT-41,6.0,1.0
2026-02-28,CAT-42,5.0,1.0
2026-02-28,CAT-43,4.0,1.0
2026-02-28,CAT-44,6.0,1.0
2026-02-28,CAT-45,6.0,1.0
2026-02-28,CAT-46,5.0,1.0
2026-02-28,CAT-47,6.0,1.0
2026-02-28,CAT-48,3.0,1.0
2026-02-28,CAT-49,4.0,1.0
2026-03-01,CAT-01,4.0,1.0
2026-03-01,CAT-02,6.0,1.0
2026-03-01,CAT-03,6.0,1.0
2026-03-01,CAT-04,7.0,1.0
2026-03-01,CAT-05,4.0,1.0
2026-03-01,CAT-06,3.0,1.0
2026-03-01,CAT-07,7.0,1.0
2026-03-01,CAT-08,9.0,3.0
2026-03-01,CAT-09,7.0,3.0
2026-03-01,CAT-10,6.0,1.0
2026-03-01,CAT-11,3.0,1.0
2026-03-01,CAT-12,3.0,1.0
2026-03-01,CAT-13,5.0,1.0
2026-03-01,CAT-14,7.0,1.0
2026-03-01,CAT-15,4.0,1.0
2026-03-01,CAT-16,7.0,3.0
2026-03-01,CAT-17,5.0,1.0
2026-03-01,CAT-18,4.0,1.0
2026-03-01,CAT-19,5.0,1.0
2026-03-01,CAT-20,8.0,3.0
2026-03-01,CAT-21,4.0,1.0
2026-03-01,CAT-22,9.0,3.0
2026-03-01,CAT-23,7.0,1.0
2026-03-01,CAT-24,4.0,1.0
2026-03-01,CAT-25,8.0,1.0
2026-03-01,CAT-26,6.0,1.0
2026-03-01,CAT-27,6.0,1.0
2026-03-01,CAT-28,5.0,1.0
2026-03-01,CAT-29,7.0,1.0
2026-03-01,CAT-30,8.0,1.0
2026-03-01,CAT-31,4.0,1.0
2026-03-01,CAT-32,4.0,1.0
2026-03-01,CAT-33,5.0,1.0
2026-03-01,CAT-34,8.0,1.0
2026-03-01,CAT-35,7.0,1.0
2026-03-01,CAT-36,4.0,1.0
2026-03-01,CAT-37,5.0,1.0
2026-03-01,CAT-38,5.0,1.0
2026-03-01,CAT-39,5.0,1.0
2026-03-01,CAT-40,6.0,1.0
2026-03-01,CAT-41,6.0,1.0
2026-03-01,CAT-42,5.0,1.0
2026-03-01,CAT-43,4.0,1.0
2026-03-01,CAT-44,6.0,1.0
2026-03-01,CAT-45,6.0,1.0
2026-03-01,CAT-46,5.0,1.0
2026-03-01,CAT-47,6.0,1.0
2026-03-01,CAT-48,3.0,1.0
2026-03-01,CAT-49,4.0,1.0
2026-03-02,CAT-01,4.0,1.0
2026-03-02,CAT-02,6.0,1.0
2026-03-02,CAT-03,6.0,1.0
2026-03-02,CAT-04,7.0,1.0
2026-03-02,CAT-05,4.0,1.0
2026-03-02,CAT-06,3.0,1.0
2026-03-02,CAT-07,7.0,1.0
2026-03-02,CAT-08,9.0,3.0
2026-03-02,CAT-09,7.0,3.0
2026-03-02,CAT-10,6.0,1.0
2026-03-02,CAT-11,3.0,1.0
2026-03-02,CAT-12,3.0,1.0
2026-03-02,CAT-13,5.0,1.0
2026-03-02,CAT-14,7.0,1.0
2026-03-02,CAT-15,4.0,1.0
2026-03-02,CAT-16,7.0,3.0
2026-03-02,CAT-17,5.0,1.0
2026-03-02,CAT-18,4.0,1.0
2026-03-02,CAT-19,5.0,1.0
2026-03-02,CAT-20,8.0,3.0
2026-03-02,CAT-21,4.0,1.0
2026-03-02,CAT-22,9.0,3.0
2026-03-02,CAT-23,7.0,1.0
2026-03-02,CAT-24,4.0,1.0
2026-03-02,CAT-25,8.0,1.0
2026-03-02,CAT-26,6.0,1.0
2026-03-02,CAT-27,6.0,1.0
2026-03-02,CAT-28,5.0,1.0
2026-03-02,CAT-29,7.0,1.0
2026-03-02,CAT-30,8.0,1.0
2026-03-02,CAT-31,4.0,1.0
2026-03-02,CAT-32,4.0,1.0
2026-03-02,CAT-33,5.0,1.0
2026-03-02,CAT-34,8.0,1.0
2026-03-02,CAT-35,7.0,1.0
2026-03-02,CAT-36,4.0,1.0
2026-03-02,CAT-37,5.0,1.0
2026-03-02,CAT-38,5.0,1.0
2026-03-02,CAT-39,5.0,1.0
2026-03-02,CAT-40,6.0,1.0
2026-03-02,CAT-41,6.0,1.0
2026-03-02,CAT-42,5.0,1.0
2026-03-02,CAT-43,4.0,1.0
2026-03-02,CAT-44,6.0,1.0
2026-03-02,CAT-45,6.0,1.0
2026-03-02,CAT-46,5.0,1.0
2026-03-02,CAT-47,6.0,1.0
2026-03-02,CAT-48,3.0,1.0
2026-03-02,CAT-49,4.0,1.0
2026-03-03,CAT-01,4.0,1.0
2026-03-03,CAT-02,6.0,1.0
2026-03-03,CAT-03,6.0,1.0
2026-03-03,CAT-04,7.0,1.0
2026-03-03,CAT-05,4.0,1.0
2026-03-03,CAT-06,3.0,1.0
2026-03-03,CAT-07,7.0,1.0
2026-03-03,CAT-08,9.0,3.0
2026-03-03,CAT-09,7.0,3.0
2026-03-03,CAT-10,6.0,1.0
2026-03-03,CAT-11,3.0,1.0
2026-03-03,CAT-12,3.0,1.0
2026-03-03,CAT-13,5.0,1.0
2026-03-03,CAT-14,7.0,1.0
2026-03-03,CAT-15,4.0,1.0
2026-03-03,CAT-16,7.0,3.0
2026-03-03,CAT-17,5.0,1.0
2026-03-03,CAT-18,4.0,1.0
2026-03-03,CAT-19,5.0,1.0
2026-03-03,CAT-20,8.0,3.0
2026-03-03,CAT-21,4.0,1.0
2026-03-03,CAT-22,9.0,3.0
2026-03-03,CAT-23,7.0,1.0
2026-03-03,CAT-24,4.0,1.0
2026-03-03,CAT-25,8.0,1.0
2026-03-03,CAT-26,6.0,1.0
2026-03-03,CAT-27,6.0,1.0
2026-03-03,CAT-28,5.0,1.0
2026-03-03,CAT-29,7.0,1.0
2026-03-03,CAT-30,8.0,1.0
2026-03-03,CAT-31,4.0,1.0
2026-03-03,CAT-32,4.0,1.0
2026-03-03,CAT-33,5.0,1.0
2026-03-03,CAT-34,8.0,1.0
2026-03-03,CAT-35,7.0,1.0
2026-03-03,CAT-36,4.0,1.0
2026-03-03,CAT-37,5.0,1.0
2026-03-03,CAT-38,5.0,1.0
2026-03-03,CAT-39,5.0,1.0
2026-03-03,CAT-40,6.0,1.0
2026-03-03,CAT-41,6.0,1.0
2026-03-03,CAT-42,5.0,1.0
2026-03-03,CAT-43,4.0,1.0
2026-03-03,CAT-44,6.0,1.0
2026-03-03,CAT-45,6.0,1.0
2026-03-03,CAT-46,5.0,1.0
2026-03-03,CAT-47,6.0,1.0
2026-03-03,CAT-48,3.0,1.0
2026-03-03,CAT-49,4.0,1.0
2026-03-04,CAT-01,4.0,1.0
2026-03-04,CAT-02,6.0,1.0
2026-03-04,CAT-03,6.0,1.0
2026-03-04,CAT-04,7.0,1.0
2026-03-04,CAT-05,4.0,1.0
2026-03-04,CAT-06,3.0,1.0
2026-03-04,CAT-07,7.0,1.0
2026-03-04,CAT-08,9.0,3.0
2026-03-04,CAT-09,7.0,3.0
2026-03-04,CAT-10,6.0,1.0
2026-03-04,CAT-11,3.0,1.0
2026-03-04,CAT-12,3.0,1.0
2026-03-04,CAT-13,5.0,1.0
2026-03-04,CAT-14,7.0,1.0
2026-03-04,CAT-15,4.0,1.0
2026-03-04,CAT-16,7.0,3.0
2026-03-04,CAT-17,5.0,1.0
2026-03-04,CAT-18,4.0,1.0
2026-03-04,CAT-19,5.0,1.0
2026-03-04,CAT-20,8.0,3.0
2026-03-04,CAT-21,4.0,1.0
2026-03-04,CAT-22,9.0,3.0
2026-03-04,CAT-23,7.0,1.0
2026-03-04,CAT-24,4.0,1.0
2026-03-04,CAT-25,8.0,1.0
2026-03-04,CAT-26,6.0,1.0
2026-03-04,CAT-27,6.0,1.0
2026-03-04,CAT-28,5.0,1.0
2026-03-04,CAT-29,7.0,1.0
2026-03-04,CAT-30,8.0,1.0
2026-03-04,CAT-31,4.0,1.0
2026-03-04,CAT-32,4.0,1.0
2026-03-04,CAT-33,5.0,1.0
2026-03-04,CAT-34,8.0,1.0
2026-03-04,CAT-35,7.0,1.0
2026-03-04,CAT-36,4.0,1.0
2026-03-04,CAT-37,5.0,1.0
2026-03-04,CAT-38,5.0,1.0
2026-03-04,CAT-39,5.0,1.0
2026-03-04,CAT-40,6.0,1.0
2026-03-04,CAT-41,6.0,1.0
2026-03-04,CAT-42,5.0,1.0
2026-03-04,CAT-43,4.0,1.0
2026-03-04,CAT-44,6.0,1.0
2026-03-04,CAT-45,6.0,1.0
2026-03-04,CAT-46,5.0,1.0
2026-03-04,CAT-47,6.0,1.0
2026-03-04,CAT-48,3.0,1.0
2026-03-04,CAT-49,4.0,1.0
2026-03-05,CAT-01,4.0,1.0
2026-03-05,CAT-02,6.0,1.0
2026-03-05,CAT-03,6.0,1.0
2026-03-05,CAT-04,7.0,1.0
2026-03-05,CAT-05,4.0,1.0
2026-03-05,CAT-06,3.0,1.0
2026-03-05,CAT-07,7.0,1.0
2026-03-05,CAT-08,9.0,3.0
2026-03-05,CAT-09,7.0,3.0
2026-03-05,CAT-10,6.0,1.0
2026-03-05,CAT-11,3.0,1.0
2026-03-05,CAT-12,3.0,1.0
2026-03-05,CAT-13,5.0,1.0
2026-03-05,CAT-14,7.0,1.0
2026-03-05,CAT-15,4.0,1.0
2026-03-05,CAT-16,7.0,3.0
2026-03-05,CAT-17,5.0,1.0
2026-03-05,CAT-18,4.0,1.0
2026-03-05,CAT-19,5.0,1.0
2026-03-05,CAT-20,8.0,3.0
2026-03-05,CAT-21,4.0,1.0
2026-03-05,CAT-22,9.0,3.0
2026-03-05,CAT-23,7.0,1.0
2026-03-05,CAT-24,4.0,1.0
2026-03-05,CAT-25,8.0,1.0
2026-03-05,CAT-26,6.0,1.0
2026-03-05,CAT-27,6.0,1.0
2026-03-05,CAT-28,5.0,1.0
2026-03-05,CAT-29,7.0,1.0
2026-03-05,CAT-30,8.0,1.0
2026-03-05,CAT-31,4.0,1.0
2026-03-05,CAT-32,4.0,1.0
2026-03-05,CAT-33,5.0,1.0
2026-03-05,CAT-34,8.0,1.0
2026-03-05,CAT-35,7.0,1.0
2026-03-05,CAT-36,4.0,1.0
2026-03-05,CAT-37,5.0,1.0
2026-03-05,CAT-38,5.0,1.0
2026-03-05,CAT-39,5.0,1.0
2026-03-05,CAT-40,6.0,1.0
2026-03-05,CAT-41,6.0,1.0
2026-03-05,CAT-42,5.0,1.0
2026-03-05,CAT-43,4.0,1.0
2026-03-05,CAT-44,6.0,1.0
2026-03-05,CAT-45,6.0,1.0
2026-03-05,CAT-46,5.0,1.0
2026-03-05,CAT-47,6.0,1.0
2026-03-05,CAT-48,3.0,1.0
2026-03-05,CAT-49,4.0,1.0
2026-03-06,CAT-01,4.0,1.0
2026-03-06,CAT-02,6.0,1.0
2026-03-06,CAT-03,6.0,1.0
2026-03-06,CAT-04,7.0,1.0
2026-03-06,CAT-05,4.0,1.0
2026-03-06,CAT-06,3.0,1.0
2026-03-06,CAT-07,7.0,1.0
2026-03-06,CAT-08,9.0,3.0
2026-03-06,CAT-09,7.0,3.0
2026-03-06,CAT-10,6.0,1.0
2026-03-06,CAT-11,3.0,1.0
2026-03-06,CAT-12,3.0,1.0
2026-03-06,CAT-13,5.0,1.0
2026-03-06,CAT-14,7.0,1.0
2026-03-06,CAT-15,4.0,1.0
2026-03-06,CAT-16,7.0,3.0
2026-03-06,CAT-17,5.0,1.0
2026-03-06,CAT-18,4.0,1.0
2026-03-06,CAT-19,5.0,1.0
2026-03-06,CAT-20,8.0,3.0
2026-03-06,CAT-21,4.0,1.0
2026-03-06,CAT-22,9.0,3.0
2026-03-06,CAT-23,7.0,1.0
2026-03-06,CAT-24,4.0,1.0
2026-03-06,CAT-25,8.0,1.0
2026-03-06,CAT-26,6.0,1.0
2026-03-06,CAT-27,6.0,1.0
2026-03-06,CAT-28,5.0,1.0
2026-03-06,CAT-29,7.0,1.0
2026-03-06,CAT-30,8.0,1.0
2026-03-06,CAT-31,4.0,1.0
2026-03-06,CAT-32,4.0,1.0
2026-03-06,CAT-33,5.0,1.0
2026-03-06,CAT-34,8.0,1.0
2026-03-06,CAT-35,7.0,1.0
2026-03-06,CAT-36,4.0,1.0
2026-03-06,CAT-37,5.0,1.0
2026-03-06,CAT-38,5.0,1.0
2026-03-06,CAT-39,5.0,1.0
2026-03-06,CAT-40,6.0,1.0
2026-03-06,CAT-41,6.0,1.0
2026-03-06,CAT-42,5.0,1.0
2026-03-06,CAT-43,4.0,1.0
2026-03-06,CAT-44,6.0,1.0
2026-03-06,CAT-45,6.0,1.0
2026-03-06,CAT-46,5.0,1.0
2026-03-06,CAT-47,6.0,1.0
2026-03-06,CAT-48,3.0,1.0
2026-03-06,CAT-49,4.0,1.0
2026-03-07,CAT-01,4.0,1.0
2026-03-07,CAT-02,6.0,1.0
2026-03-07,CAT-03,6.0,1.0
2026-03-07,CAT-04,7.0,1.0
2026-03-07,CAT-05,4.0,1.0
2026-03-07,CAT-06,3.0,1.0
2026-03-07,CAT-07,7.0,1.0
2026-03-07,CAT-08,10.0,5.0
2026-03-07,CAT-09,7.0,3.0
2026-03-07,CAT-10,6.0,1.0
2026-03-07,CAT-11,3.0,1.0
2026-03-07,CAT-12,3.0,1.0
2026-03-07,CAT-13,5.0,1.0
2026-03-07,CAT-14,7.0,1.0
2026-03-07,CAT-15,4.0,1.0
2026-03-07,CAT-16,7.0,3.0
2026-03-07,CAT-17,5.0,1.0
2026-03-07,CAT-18,4.0,1.0
2026-03-07,CAT-19,5.0,1.0
2026-03-07,CAT-20,10.0,5.0
2026-03-07,CAT-21,4.0,1.0
2026-03-07,CAT-22,10.0,5.0
2026-03-07,CAT-23,7.0,1.0
2026-03-07,CAT-24,4.0,1.0
2026-03-07,CAT-25,8.0,1.0
2026-03-07,CAT-26,6.0,1.0
2026-03-07,CAT-27,6.0,1.0
2026-03-07,CAT-28,5.0,1.0
2026-03-07,CAT-29,7.0,1.0
2026-03-07,CAT-30,8.0,1.0
2026-03-07,CAT-31,4.0,1.0
2026-03-07,CAT-32,4.0,1.0
2026-03-07,CAT-33,5.0,1.0
2026-03-07,CAT-34,8.0,1.0
2026-03-07,CAT-35,7.0,1.0
2026-03-07,CAT-36,4.0,1.0
2026-03-07,CAT-37,5.0,1.0
2026-03-07,CAT-38,5.0,1.0
2026-03-07,CAT-39,5.0,1.0
2026-03-07,CAT-40,6.0,1.0
2026-03-07,CAT-41,6.0,1.0
2026-03-07,CAT-42,5.0,1.0
2026-03-07,CAT-43,4.0,1.0
2026-03-07,CAT-44,6.0,1.0
2026-03-07,CAT-45,6.0,1.0
2026-03-07,CAT-46,5.0,1.0
2026-03-07,CAT-47,6.0,1.0
2026-03-07,CAT-48,3.0,1.0
2026-03-07,CAT-49,4.0,1.0
2026-03-08,CAT-01,4.0,1.0
2026-03-08,CAT-02,6.0,1.0
2026-03-08,CAT-03,6.0,1.0
2026-03-08,CAT-04,7.0,1.0
2026-03-08,CAT-05,4.0,1.0
2026-03-08,CAT-06,3.0,1.0
2026-03-08,CAT-07,7.0,1.0
2026-03-08,CAT-08,9.0,3.0
2026-03-08,CAT-09,7.0,3.0
2026-03-08,CAT-10,6.0,1.0
2026-03-08,CAT-11,3.0,1.0
2026-03-08,CAT-12,3.0,1.0
2026-03-08,CAT-13,5.0,1.0
2026-03-08,CAT-14,7.0,1.0
2026-03-08,CAT-15,4.0,1.0
2026-03-08,CAT-16,7.0,3.0
2026-03-08,CAT-17,5.0,1.0
2026-03-08,CAT-18,4.0,1.0
2026-03-08,CAT-19,5.0,1.0
2026-03-08,CAT-20,8.0,3.0
2026-03-08,CAT-21,4.0,1.0
2026-03-08,CAT-22,9.0,3.0
2026-03-08,CAT-23,7.0,1.0
2026-03-08,CAT-24,4.0,1.0
2026-03-08,CAT-25,8.0,1.0
2026-03-08,CAT-26,6.0,1.0
2026-03-08,CAT-27,6.0,1.0
2026-03-08,CAT-28,5.0,1.0
2026-03-08,CAT-29,7.0,1.0
2026-03-08,CAT-30,8.0,1.0
2026-03-08,CAT-31,4.0,1.0
2026-03-08,CAT-32,4.0,1.0
2026-03-08,CAT-33,5.0,1.0
2026-03-08,CAT-34,8.0,1.0
2026-03-08,CAT-35,7.0,1.0
2026-03-08,CAT-36,4.0,1.0
2026-03-08,CAT-37,5.0,1.0
2026-03-08,CAT-38,5.0,1.0
2026-03-08,CAT-39,5.0,1.0
2026-03-08,CAT-40,6.0,1.0
2026-03-08,CAT-41,6.0,1.0
2026-03-08,CAT-42,5.0,1.0
2026-03-08,CAT-43,4.0,1.0
2026-03-08,CAT-44,6.0,1.0
2026-03-08,CAT-45,6.0,1.0
2026-03-08,CAT-46,5.0,1.0
2026-03-08,CAT-47,6.0,1.0
2026-03-08,CAT-48,3.0,1.0
2026-03-08,CAT-49,4.0,1.0
2026-03-09,CAT-01,4.0,1.0
2026-03-09,CAT-02,6.0,1.0
2026-03-09,CAT-03,6.0,1.0
2026-03-09,CAT-04,7.0,1.0
2026-03-09,CAT-05,4.0,1.0
2026-03-09,CAT-06,3.0,1.0
2026-03-09,CAT-07,7.0,1.0
2026-03-09,CAT-08,9.0,3.0
2026-03-09,CAT-09,7.0,3.0
2026-03-09,CAT-10,6.0,1.0
2026-03-09,CAT-11,3.0,1.0
2026-03-09,CAT-12,3.0,1.0
2026-03-09,CAT-13,5.0,1.0
2026-03-09,CAT-14,7.0,1.0
2026-03-09,CAT-15,4.0,1.0
2026-03-09,CAT-16,7.0,3.0
2026-03-09,CAT-17,5.0,1.0
2026-03-09,CAT-18,4.0,1.0
2026-03-09,CAT-19,5.0,1.0
2026-03-09,CAT-20,8.0,3.0
2026-03-09,CAT-21,4.0,1.0
2026-03-09,CAT-22,9.0,3.0
2026-03-09,CAT-23,7.0,1.0
2026-03-09,CAT-24,4.0,1.0
2026-03-09,CAT-25,8.0,1.0
2026-03-09,CAT-26,6.0,1.0
2026-03-09,CAT-27,6.0,1.0
2026-03-09,CAT-28,5.0,1.0
2026-03-09,CAT-29,7.0,1.0
2026-03-09,CAT-30,8.0,1.0
2026-03-09,CAT-31,4.0,1.0
2026-03-09,CAT-32,4.0,1.0
2026-03-09,CAT-33,5.0,1.0
2026-03-09,CAT-34,8.0,1.0
2026-03-09,CAT-35,7.0,1.0
2026-03-09,CAT-36,4.0,1.0
2026-03-09,CAT-37,5.0,1.0
2026-03-09,CAT-38,5.0,1.0
2026-03-09,CAT-39,5.0,1.0
2026-03-09,CAT-40,6.0,1.0
2026-03-09,CAT-41,6.0,1.0
2026-03-09,CAT-42,5.0,1.0
2026-03-09,CAT-43,4.0,1.0
2026-03-09,CAT-44,6.0,1.0
2026-03-09,CAT-45,6.0,1.0
2026-03-09,CAT-46,5.0,1.0
2026-03-09,CAT-47,6.0,1.0
2026-03-09,CAT-48,3.0,1.0
2026-03-09,CAT-49,4.0,1.0
2026-03-10,CAT-01,4.0,1.0
2026-03-10,CAT-02,6.0,1.0
2026-03-10,CAT-03,6.0,1.0
2026-03-10,CAT-04,7.0,1.0
2026-03-10,CAT-05,4.0,1.0
2026-03-10,CAT-06,3.0,1.0
2026-03-10,CAT-07,7.0,1.0
2026-03-10,CAT-08,9.0,3.0
2026-03-10,CAT-09,7.0,3.0
2026-03-10,CAT-10,6.0,1.0
2026-03-10,CAT-11,3.0,1.0
2026-03-10,CAT-12,3.0,1.0
2026-03-10,CAT-13,5.0,1.0
2026-03-10,CAT-14,7.0,1.0
2026-03-10,CAT-15,4.0,1.0
2026-03-10,CAT-16,7.0,3.0
2026-03-10,CAT-17,5.0,1.0
2026-03-10,CAT-18,4.0,1.0
2026-03-10,CAT-19,5.0,1.0
2026-03-10,CAT-20,8.0,3.0
2026-03-10,CAT-21,4.0,1.0
2026-03-10,CAT-22,9.0,3.0
2026-03-10,CAT-23,7.0,1.0
2026-03-10,CAT-24,4.0,1.0
2026-03-10,CAT-25,8.0,1.0
2026-03-10,CAT-26,6.0,1.0
2026-03-10,CAT-27,6.0,1.0
2026-03-10,CAT-28,5.0,1.0
2026-03-10,CAT-29,7.0,1.0
2026-03-10,CAT-30,8.0,1.0
2026-03-10,CAT-31,4.0,1.0
2026-03-10,CAT-32,4.0,1.0
2026-03-10,CAT-33,5.0,1.0
2026-03-10,CAT-34,8.0,1.0
2026-03-10,CAT-35,7.0,1.0
2026-03-10,CAT-36,4.0,1.0
2026-03-10,CAT-37,5.0,1.0
2026-03-10,CAT-38,5.0,1.0
2026-03-10,CAT-39,5.0,1.0
2026-03-10,CAT-40,6.0,1.0
2026-03-10,CAT-41,6.0,1.0
2026-03-10,CAT-42,5.0,1.0
2026-03-10,CAT-43,4.0,1.0
2026-03-10,CAT-44,6.0,1.0
2026-03-10,CAT-45,6.0,1.0
2026-03-10,CAT-46,5.0,1.0
2026-03-10,CAT-47,6.0,1.0
2026-03-10,CAT-48,3.0,1.0
2026-03-10,CAT-49,4.0,1.0
2026-03-11,CAT-01,4.0,1.0
2026-03-11,CAT-02,6.0,1.0
2026-03-11,CAT-03,6.0,1.0
2026-03-11,CAT-04,7.0,1.0
2026-03-11,CAT-05,4.0,1.0
2026-03-11,CAT-06,3.0,1.0
2026-03-11,CAT-07,7.0,1.0
2026-03-11,CAT-08,9.0,3.0
2026-03-11,CAT-09,7.0,3.0
2026-03-11,CAT-10,6.0,1.0
2026-03-11,CAT-11,3.0,1.0
2026-03-11,CAT-12,3.0,1.0
2026-03-11,CAT-13,5.0,1.0
2026-03-11,CAT-14,7.0,1.0
2026-03-11,CAT-15,4.0,1.0
2026-03-11,CAT-16,7.0,3.0
2026-03-11,CAT-17,5.0,1.0
2026-03-11,CAT-18,4.0,1.0
2026-03-11,CAT-19,5.0,1.0
2026-03-11,CAT-20,8.0,3.0
2026-03-11,CAT-21,4.0,1.0
2026-03-11,CAT-22,9.0,3.0
2026-03-11,CAT-23,7.0,1.0
2026-03-11,CAT-24,4.0,1.0
2026-03-11,CAT-25,8.0,1.0
2026-03-11,CAT-26,6.0,1.0
2026-03-11,CAT-27,6.0,1.0
2026-03-11,CAT-28,5.0,1.0
2026-03-11,CAT-29,7.0,1.0
2026-03-11,CAT-30,8.0,1.0
2026-03-11,CAT-31,4.0,1.0
2026-03-11,CAT-32,4.0,1.0
2026-03-11,CAT-33,5.0,1.0
2026-03-11,CAT-34,8.0,1.0
2026-03-11,CAT-35,7.0,1.0
2026-03-11,CAT-36,4.0,1.0
2026-03-11,CAT-37,5.0,1.0
2026-03-11,CAT-38,5.0,1.0
2026-03-11,CAT-39,5.0,1.0
2026-03-11,CAT-40,6.0,1.0
2026-03-11,CAT-41,6.0,1.0
2026-03-11,CAT-42,5.0,1.0
2026-03-11,CAT-43,4.0,1.0
2026-03-11,CAT-44,6.0,1.0
2026-03-11,CAT-45,6.0,1.0
2026-03-11,CAT-46,5.0,1.0
2026-03-11,CAT-47,6.0,1.0
2026-03-11,CAT-48,3.0,1.0
2026-03-11,CAT-49,4.0,1.0
2026-03-12,CAT-01,4.0,1.0
2026-03-12,CAT-02,6.0,1.0
2026-03-12,CAT-03,6.0,1.0
2026-03-12,CAT-04,7.0,1.0
2026-03-12,CAT-05,4.0,1.0
2026-03-12,CAT-06,3.0,1.0
2026-03-12,CAT-07,7.0,1.0
2026-03-12,CAT-08,9.0,3.0
2026-03-12,CAT-09,7.0,3.0
2026-03-12,CAT-10,6.0,1.0
2026-03-12,CAT-11,3.0,1.0
2026-03-12,CAT-12,3.0,1.0
2026-03-12,CAT-13,5.0,1.0
2026-03-12,CAT-14,7.0,1.0
2026-03-12,CAT-15,4.0,1.0
2026-03-12,CAT-16,7.0,3.0
2026-03-12,CAT-17,5.0,1.0
2026-03-12,CAT-18,4.0,1.0
2026-03-12,CAT-19,5.0,1.0
2026-03-12,CAT-20,8.0,3.0
2026-03-12,CAT-21,4.0,1.0
2026-03-12,CAT-22,9.0,3.0
2026-03-12,CAT-23,7.0,1.0
2026-03-12,CAT-24,4.0,1.0
2026-03-12,CAT-25,8.0,1.0
2026-03-12,CAT-26,6.0,1.0
2026-03-12,CAT-27,6.0,1.0
2026-03-12,CAT-28,5.0,1.0
2026-03-12,CAT-29,7.0,1.0
2026-03-12,CAT-30,8.0,1.0
2026-03-12,CAT-31,4.0,1.0
2026-03-12,CAT-32,4.0,1.0
2026-03-12,CAT-33,5.0,1.0
2026-03-12,CAT-34,8.0,1.0
2026-03-12,CAT-35,7.0,1.0
2026-03-12,CAT-36,4.0,1.0
2026-03-12,CAT-37,5.0,1.0
2026-03-12,CAT-38,5.0,1.0
2026-03-12,CAT-39,5.0,1.0
2026-03-12,CAT-40,6.0,1.0
2026-03-12,CAT-41,6.0,1.0
2026-03-12,CAT-42,5.0,1.0
2026-03-12,CAT-43,4.0,1.0
2026-03-12,CAT-44,6.0,1.0
2026-03-12,CAT-45,6.0,1.0
2026-03-12,CAT-46,5.0,1.0
2026-03-12,CAT-47,6.0,1.0
2026-03-12,CAT-48,3.0,1.0
2026-03-12,CAT-49,4.0,1.0
2026-03-13,CAT-01,4.0,1.0
2026-03-13,CAT-02,6.0,1.0
2026-03-13,CAT-03,6.0,1.0
2026-03-13,CAT-04,7.0,1.0
2026-03-13,CAT-05,4.0,1.0
2026-03-13,CAT-06,3.0,1.0
2026-03-13,CAT-07,7.0,1.0
2026-03-13,CAT-08,9.0,3.0
2026-03-13,CAT-09,7.0,3.0
2026-03-13,CAT-10,6.0,1.0
2026-03-13,CAT-11,3.0,1.0
2026-03-13,CAT-12,3.0,1.0
2026-03-13,CAT-13,5.0,1.0
2026-03-13,CAT-14,7.0,1.0
2026-03-13,CAT-15,4.0,1.0
2026-03-13,CAT-16,7.0,3.0
2026-03-13,CAT-17,5.0,1.0
2026-03-13,CAT-18,4.0,1.0
2026-03-13,CAT-19,5.0,1.0
2026-03-13,CAT-20,8.0,3.0
2026-03-13,CAT-21,4.0,1.0
2026-03-13,CAT-22,9.0,3.0
2026-03-13,CAT-23,7.0,1.0
2026-03-13,CAT-24,6.0,5.0
2026-03-13,CAT-25,8.0,1.0
2026-03-13,CAT-26,6.0,1.0
2026-03-13,CAT-27,6.0,1.0
2026-03-13,CAT-28,5.0,1.0
2026-03-13,CAT-29,7.0,1.0
2026-03-13,CAT-30,8.0,1.0
2026-03-13,CAT-31,4.0,1.0
2026-03-13,CAT-32,4.0,1.0
2026-03-13,CAT-33,5.0,1.0
2026-03-13,CAT-34,8.0,1.0
2026-03-13,CAT-35,7.0,1.0
2026-03-13,CAT-36,4.0,1.0
2026-03-13,CAT-37,5.0,1.0
2026-03-13,CAT-38,5.0,1.0
2026-03-13,CAT-39,5.0,1.0
2026-03-13,CAT-40,6.0,1.0
2026-03-13,CAT-41,6.0,1.0
2026-03-13,CAT-42,5.0,1.0
2026-03-13,CAT-43,4.0,1.0
2026-03-13,CAT-44,6.0,1.0
2026-03-13,CAT-45,6.0,1.0
2026-03-13,CAT-46,5.0,1.0
2026-03-13,CAT-47,6.0,1.0
2026-03-13,CAT-48,3.0,1.0
2026-03-13,CAT-49,4.0,1.0
2026-03-14,CAT-01,4.0,1.0
2026-03-14,CAT-02,6.0,1.0
2026-03-14,CAT-03,6.0,1.0
2026-03-14,CAT-04,7.0,1.0
2026-03-14,CAT-05,4.0,1.0
2026-03-14,CAT-06,3.0,1.0
2026-03-14,CAT-07,7.0,1.0
2026-03-14,CAT-08,9.0,3.0
2026-03-14,CAT-09,7.0,3.0
2026-03-14,CAT-10,6.0,1.0
2026-03-14,CAT-11,3.0,1.0
2026-03-14,CAT-12,3.0,1.0
2026-03-14,CAT-13,5.0,1.0
2026-03-14,CAT-14,7.0,1.0
2026-03-14,CAT-15,4.0,1.0
2026-03-14,CAT-16,7.0,3.0
2026-03-14,CAT-17,5.0,1.0
2026-03-14,CAT-18,4.0,1.0
2026-03-14,CAT-19,5.0,1.0
2026-03-14,CAT-20,8.0,3.0
2026-03-14,CAT-21,4.0,1.0
2026-03-14,CAT-22,9.0,3.0
2026-03-14,CAT-23,7.0,1.0
2026-03-14,CAT-24,4.0,1.0
2026-03-14,CAT-25,8.0,1.0
2026-03-14,CAT-26,6.0,1.0
2026-03-14,CAT-27,6.0,1.0
2026-03-14,CAT-28,5.0,1.0
2026-03-14,CAT-29,7.0,1.0
2026-03-14,CAT-30,8.0,1.0
2026-03-14,CAT-31,4.0,1.0
2026-03-14,CAT-32,4.0,1.0
2026-03-14,CAT-33,5.0,1.0
2026-03-14,CAT-34,8.0,1.0
2026-03-14,CAT-35,7.0,1.0
2026-03-14,CAT-36,4.0,1.0
2026-03-14,CAT-37,5.0,1.0
2026-03-14,CAT-38,5.0,1.0
2026-03-14,CAT-39,5.0,1.0
2026-03-14,CAT-40,6.0,1.0
2026-03-14,CAT-41,6.0,1.0
2026-03-14,CAT-42,5.0,1.0
2026-03-14,CAT-43,4.0,1.0
2026-03-14,CAT-44,6.0,1.0
2026-03-14,CAT-45,6.0,1.0
2026-03-14,CAT-46,5.0,1.0
2026-03-14,CAT-47,6.0,1.0
2026-03-14,CAT-48,3.0,1.0
2026-03-14,CAT-49,4.0,1.0
2026-03-15,CAT-01,4.0,1.0
2026-03-15,CAT-02,6.0,1.0
2026-03-15,CAT-03,6.0,1.0
2026-03-15,CAT-04,7.0,1.0
2026-03-15,CAT-05,4.0,1.0
2026-03-15,CAT-06,3.0,1.0
2026-03-15,CAT-07,7.0,1.0
2026-03-15,CAT-08,9.0,3.0
2026-03-15,CAT-09,9.0,5.0
2026-03-15,CAT-10,6.0,1.0
2026-03-15,CAT-11,3.0,1.0
2026-03-15,CAT-12,3.0,1.0
2026-03-15,CAT-13,5.0,1.0
2026-03-15,CAT-14,7.0,1.0
2026-03-15,CAT-15,4.0,1.0
2026-03-15,CAT-16,8.0,5.0
2026-03-15,CAT-17,5.0,1.0
2026-03-15,CAT-18,4.0,1.0
2026-03-15,CAT-19,5.0,1.0
2026-03-15,CAT-20,8.0,3.0
2026-03-15,CAT-21,4.0,1.0
2026-03-15,CAT-22,9.0,3.0
2026-03-15,CAT-23,7.0,1.0
2026-03-15,CAT-24,4.0,1.0
2026-03-15,CAT-25,8.0,1.0
2026-03-15,CAT-26,6.0,1.0
2026-03-15,CAT-27,6.0,1.0
2026-03-15,CAT-28,5.0,1.0
2026-03-15,CAT-29,7.0,1.0
2026-03-15,CAT-30,8.0,1.0
2026-03-15,CAT-31,4.0,1.0
2026-03-15,CAT-32,4.0,1.0
2026-03-15,CAT-33,5.0,1.0
2026-03-15,CAT-34,8.0,1.0
2026-03-15,CAT-35,7.0,1.0
2026-03-15,CAT-36,4.0,1.0
2026-03-15,CAT-37,5.0,1.0
2026-03-15,CAT-38,5.0,1.0
2026-03-15,CAT-39,5.0,1.0
2026-03-15,CAT-40,6.0,1.0
2026-03-15,CAT-41,6.0,1.0
2026-03-15,CAT-42,5.0,1.0
2026-03-15,CAT-43,4.0,1.0
2026-03-15,CAT-44,6.0,1.0
2026-03-15,CAT-45,6.0,1.0
2026-03-15,CAT-46,5.0,1.0
2026-03-15,CAT-47,6.0,1.0
2026-03-15,CAT-48,3.0,1.0
2026-03-15,CAT-49,4.0,1.0
2026-03-16,CAT-01,4.0,1.0
2026-03-16,CAT-02,6.0,1.0
2026-03-16,CAT-03,6.0,1.0
2026-03-16,CAT-04,7.0,1.0
2026-03-16,CAT-05,4.0,1.0
2026-03-16,CAT-06,3.0,1.0
2026-03-16,CAT-07,7.0,1.0
2026-03-16,CAT-08,9.0,3.0
2026-03-16,CAT-09,7.0,3.0
2026-03-16,CAT-10,6.0,1.0
2026-03-16,CAT-11,3.0,1.0
2026-03-16,CAT-12,3.0,1.0
2026-03-16,CAT-13,5.0,1.0
2026-03-16,CAT-14,7.0,1.0
2026-03-16,CAT-15,4.0,1.0
2026-03-16,CAT-16,7.0,3.0
2026-03-16,CAT-17,5.0,1.0
2026-03-16,CAT-18,4.0,1.0
2026-03-16,CAT-19,5.0,1.0
2026-03-16,CAT-20,8.0,3.0
2026-03-16,CAT-21,4.0,1.0
2026-03-16,CAT-22,9.0,3.0
2026-03-16,CAT-23,7.0,1.0
2026-03-16,CAT-24,4.0,1.0
2026-03-16,CAT-25,8.0,1.0
2026-03-16,CAT-26,6.0,1.0
2026-03-16,CAT-27,6.0,1.0
2026-03-16,CAT-28,5.0,1.0
2026-03-16,CAT-29,7.0,1.0
2026-03-16,CAT-30,8.0,1.0
2026-03-16,CAT-31,4.0,1.0
2026-03-16,CAT-32,4.0,1.0
2026-03-16,CAT-33,5.0,1.0
2026-03-16,CAT-34,8.0,1.0
2026-03-16,CAT-35,7.0,1.0
2026-03-16,CAT-36,4.0,1.0
2026-03-16,CAT-37,5.0,1.0
2026-03-16,CAT-38,5.0,1.0
2026-03-16,CAT-39,5.0,1.0
2026-03-16,CAT-40,6.0,1.0
2026-03-16,CAT-41,6.0,1.0
2026-03-16,CAT-42,5.0,1.0
2026-03-16,CAT-43,4.0,1.0
2026-03-16,CAT-44,6.0,1.0
2026-03-16,CAT-45,6.0,1.0
2026-03-16,CAT-46,5.0,1.0
2026-03-16,CAT-47,6.0,1.0
2026-03-16,CAT-48,3.0,1.0
2026-03-16,CAT-49,4.0,1.0
2026-03-17,CAT-01,4.0,1.0
2026-03-17,CAT-02,6.0,1.0
2026-03-17,CAT-03,6.0,1.0
2026-03-17,CAT-04,7.0,1.0
2026-03-17,CAT-05,4.0,1.0
2026-03-17,CAT-06,3.0,1.0
2026-03-17,CAT-07,7.0,1.0
2026-03-17,CAT-08,9.0,3.0
2026-03-17,CAT-09,7.0,3.0
2026-03-17,CAT-10,6.0,1.0
2026-03-17,CAT-11,3.0,1.0
2026-03-17,CAT-12,3.0,1.0
2026-03-17,CAT-13,5.0,1.0
2026-03-17,CAT-14,7.0,1.0
2026-03-17,CAT-15,4.0,1.0
2026-03-17,CAT-16,7.0,3.0
2026-03-17,CAT-17,5.0,1.0
2026-03-17,CAT-18,4.0,1.0
2026-03-17,CAT-19,5.0,1.0
2026-03-17,CAT-20,8.0,3.0
2026-03-17,CAT-21,4.0,1.0
2026-03-17,CAT-22,9.0,3.0
2026-03-17,CAT-23,7.0,1.0
2026-03-17,CAT-24,4.0,1.0
2026-03-17,CAT-25,8.0,1.0
2026-03-17,CAT-26,6.0,1.0
2026-03-17,CAT-27,6.0,1.0
2026-03-17,CAT-28,5.0,1.0
2026-03-17,CAT-29,7.0,1.0
2026-03-17,CAT-30,8.0,1.0
2026-03-17,CAT-31,4.0,1.0
2026-03-17,CAT-32,4.0,1.0
2026-03-17,CAT-33,5.0,1.0
2026-03-17,CAT-34,8.0,1.0
2026-03-17,CAT-35,7.0,1.0
2026-03-17,CAT-36,4.0,1.0
2026-03-17,CAT-37,5.0,1.0
2026-03-17,CAT-38,5.0,1.0
2026-03-17,CAT-39,5.0,1.0
2026-03-17,CAT-40,6.0,1.0
2026-03-17,CAT-41,6.0,1.0
2026-03-17,CAT-42,5.0,1.0
2026-03-17,CAT-43,4.0,1.0
2026-03-17,CAT-44,6.0,1.0
2026-03-17,CAT-45,6.0,1.0
2026-03-17,CAT-46,5.0,1.0
2026-03-17,CAT-47,6.0,1.0
2026-03-17,CAT-48,3.0,1.0
2026-03-17,CAT-49,4.0,1.0
2026-03-18,CAT-01,4.0,1.0
2026-03-18,CAT-02,6.0,1.0
2026-03-18,CAT-03,6.0,1.0
2026-03-18,CAT-04,7.0,1.0
2026-03-18,CAT-05,4.0,1.0
2026-03-18,CAT-06,3.0,1.0
2026-03-18,CAT-07,7.0,1.0
2026-03-18,CAT-08,9.0,3.0
2026-03-18,CAT-09,7.0,3.0
2026-03-18,CAT-10,6.0,1.0
2026-03-18,CAT-11,3.0,1.0
2026-03-18,CAT-12,3.0,1.0
2026-03-18,CAT-13,5.0,1.0
2026-03-18,CAT-14,7.0,1.0
2026-03-18,CAT-15,4.0,1.0
2026-03-18,CAT-16,7.0,3.0
2026-03-18,CAT-17,5.0,1.0
2026-03-18,CAT-18,4.0,1.0
2026-03-18,CAT-19,5.0,1.0
2026-03-18,CAT-20,8.0,3.0
2026-03-18,CAT-21,4.0,1.0
2026-03-18,CAT-22,9.0,3.0
2026-03-18,CAT-23,7.0,1.0
2026-03-18,CAT-24,4.0,1.0
2026-03-18,CAT-25,8.0,1.0
2026-03-18,CAT-26,6.0,1.0
2026-03-18,CAT-27,6.0,1.0
2026-03-18,CAT-28,5.0,1.0
2026-03-18,CAT-29,7.0,1.0
2026-03-18,CAT-30,8.0,1.0
2026-03-18,CAT-31,4.0,1.0
2026-03-18,CAT-32,4.0,1.0
2026-03-18,CAT-33,5.0,1.0
2026-03-18,CAT-34,8.0,1.0
2026-03-18,CAT-35,7.0,1.0
2026-03-18,CAT-36,4.0,1.0
2026-03-18,CAT-37,5.0,1.0
2026-03-18,CAT-38,5.0,1.0
2026-03-18,CAT-39,5.0,1.0
2026-03-18,CAT-40,6.0,1.0
2026-03-18,CAT-41,6.0,1.0
2026-03-18,CAT-42,5.0,1.0
2026-03-18,CAT-43,4.0,1.0
2026-03-18,CAT-44,6.0,1.0
2026-03-18,CAT-45,6.0,1.0
2026-03-18,CAT-46,5.0,1.0
2026-03-18,CAT-47,6.0,1.0
2026-03-18,CAT-48,3.0,1.0
2026-03-18,CAT-49,4.0,1.0
2026-03-19,CAT-01,4.0,1.0
2026-03-19,CAT-02,6.0,1.0
2026-03-19,CAT-03,6.0,1.0
2026-03-19,CAT-04,7.0,1.0
2026-03-19,CAT-05,4.0,1.0
2026-03-19,CAT-06,3.0,1.0
2026-03-19,CAT-07,7.0,1.0
2026-03-19,CAT-08,10.0,5.0
2026-03-19,CAT-09,7.0,3.0
2026-03-19,CAT-10,6.0,1.0
2026-03-19,CAT-11,3.0,1.0
2026-03-19,CAT-12,3.0,1.0
2026-03-19,CAT-13,5.0,1.0
2026-03-19,CAT-14,7.0,1.0
2026-03-19,CAT-15,4.0,1.0
2026-03-19,CAT-16,7.0,3.0
2026-03-19,CAT-17,5.0,1.0
2026-03-19,CAT-18,4.0,1.0
2026-03-19,CAT-19,5.0,1.0
2026-03-19,CAT-20,10.0,5.0
2026-03-19,CAT-21,4.0,1.0
2026-03-19,CAT-22,10.0,5.0
2026-03-19,CAT-23,7.0,1.0
2026-03-19,CAT-24,4.0,1.0
2026-03-19,CAT-25,8.0,1.0
2026-03-19,CAT-26,6.0,1.0
2026-03-19,CAT-27,6.0,1.0
2026-03-19,CAT-28,5.0,1.0
2026-03-19,CAT-29,7.0,1.0
2026-03-19,CAT-30,8.0,1.0
2026-03-19,CAT-31,4.0,1.0
2026-03-19,CAT-32,4.0,1.0
2026-03-19,CAT-33,5.0,1.0
2026-03-19,CAT-34,8.0,1.0
2026-03-19,CAT-35,7.0,1.0
2026-03-19,CAT-36,4.0,1.0
2026-03-19,CAT-37,5.0,1.0
2026-03-19,CAT-38,5.0,1.0
2026-03-19,CAT-39,5.0,1.0
2026-03-19,CAT-40,6.0,1.0
2026-03-19,CAT-41,6.0,1.0
2026-03-19,CAT-42,5.0,1.0
2026-03-19,CAT-43,4.0,1.0
2026-03-19,CAT-44,6.0,1.0
2026-03-19,CAT-45,6.0,1.0
2026-03-19,CAT-46,5.0,1.0
2026-03-19,CAT-47,6.0,1.0
2026-03-19,CAT-48,3.0,1.0
2026-03-19,CAT-49,4.0,1.0
2026-03-20,CAT-01,4.0,1.0
2026-03-20,CAT-02,6.0,1.0
2026-03-20,CAT-03,6.0,1.0
2026-03-20,CAT-04,7.0,1.0
2026-03-20,CAT-05,4.0,1.0
2026-03-20,CAT-06,3.0,1.0
2026-03-20,CAT-07,7.0,1.0
2026-03-20,CAT-08,9.0,3.0
2026-03-20,CAT-09,7.0,3.0
2026-03-20,CAT-10,6.0,1.0
2026-03-20,CAT-11,3.0,1.0
2026-03-20,CAT-12,3.0,1.0
2026-03-20,CAT-13,5.0,1.0
2026-03-20,CAT-14,7.0,1.0
2026-03-20,CAT-15,4.0,1.0
2026-03-20,CAT-16,7.0,3.0
2026-03-20,CAT-17,5.0,1.0
2026-03-20,CAT-18,4.0,1.0
2026-03-20,CAT-19,5.0,1.0
2026-03-20,CAT-20,8.0,3.0
2026-03-20,CAT-21,4.0,1.0
2026-03-20,CAT-22,9.0,3.0
2026-03-20,CAT-23,7.0,1.0
2026-03-20,CAT-24,4.0,1.0
2026-03-20,CAT-25,8.0,1.0
2026-03-20,CAT-26,6.0,1.0
2026-03-20,CAT-27,6.0,1.0
2026-03-20,CAT-28,5.0,1.0
2026-03-20,CAT-29,7.0,1.0
2026-03-20,CAT-30,8.0,1.0
2026-03-20,CAT-31,4.0,1.0
2026-03-20,CAT-32,4.0,1.0
2026-03-20,CAT-33,5.0,1.0
2026-03-20,CAT-34,8.0,1.0
2026-03-20,CAT-35,7.0,1.0
2026-03-20,CAT-36,4.0,1.0
2026-03-20,CAT-37,5.0,1.0
2026-03-20,CAT-38,5.0,1.0
2026-03-20,CAT-39,5.0,1.0
2026-03-20,CAT-40,6.0,1.0
2026-03-20,CAT-41,6.0,1.0
2026-03-20,CAT-42,5.0,1.0
2026-03-20,CAT-43,4.0,1.0
2026-03-20,CAT-44,6.0,1.0
2026-03-20,CAT-45,6.0,1.0
2026-03-20,CAT-46,5.0,1.0
2026-03-20,CAT-47,6.0,1.0
2026-03-20,CAT-48,3.0,1.0
2026-03-20,CAT-49,4.0,1.0
2026-03-21,CAT-01,4.0,1.0
2026-03-21,CAT-02,6.0,1.0
2026-03-21,CAT-03,6.0,1.0
2026-03-21,CAT-04,7.0,1.0
2026-03-21,CAT-05,4.0,1.0
2026-03-21,CAT-06,3.0,1.0
2026-03-21,CAT-07,7.0,1.0
2026-03-21,CAT-08,9.0,3.0
2026-03-21,CAT-09,7.0,3.0
2026-03-21,CAT-10,6.0,1.0
2026-03-21,CAT-11,3.0,1.0
2026-03-21,CAT-12,3.0,1.0
2026-03-21,CAT-13,5.0,1.0
2026-03-21,CAT-14,7.0,1.0
2026-03-21,CAT-15,4.0,1.0
2026-03-21,CAT-16,7.0,3.0
2026-03-21,CAT-17,5.0,1.0
2026-03-21,CAT-18,4.0,1.0
2026-03-21,CAT-19,5.0,1.0
2026-03-21,CAT-20,8.0,3.0
2026-03-21,CAT-21,4.0,1.0
2026-03-21,CAT-22,9.0,3.0
2026-03-21,CAT-23,7.0,1.0
2026-03-21,CAT-24,4.0,1.0
2026-03-21,CAT-25,8.0,1.0
2026-03-21,CAT-26,6.0,1.0
2026-03-21,CAT-27,6.0,1.0
2026-03-21,CAT-28,5.0,1.0
2026-03-21,CAT-29,7.0,1.0
2026-03-21,CAT-30,8.0,1.0
2026-03-21,CAT-31,4.0,1.0
2026-03-21,CAT-32,4.0,1.0
2026-03-21,CAT-33,5.0,1.0
2026-03-21,CAT-34,8.0,1.0
2026-03-21,CAT-35,7.0,1.0
2026-03-21,CAT-36,4.0,1.0
2026-03-21,CAT-37,5.0,1.0
2026-03-21,CAT-38,5.0,1.0
2026-03-21,CAT-39,5.0,1.0
2026-03-21,CAT-40,6.0,1.0
2026-03-21,CAT-41,6.0,1.0
2026-03-21,CAT-42,5.0,1.0
2026-03-21,CAT-43,4.0,1.0
2026-03-21,CAT-44,6.0,1.0
2026-03-21,CAT-45,6.0,1.0
2026-03-21,CAT-46,5.0,1.0
2026-03-21,CAT-47,6.0,1.0
2026-03-21,CAT-48,3.0,1.0
2026-03-21,CAT-49,4.0,1.0
2026-03-22,CAT-01,4.0,1.0
2026-03-22,CAT-02,6.0,1.0
2026-03-22,CAT-03,6.0,1.0
2026-03-22,CAT-04,7.0,1.0
2026-03-22,CAT-05,4.0,1.0
2026-03-22,CAT-06,3.0,1.0
2026-03-22,CAT-07,7.0,1.0
2026-03-22,CAT-08,9.0,3.0
2026-03-22,CAT-09,7.0,3.0
2026-03-22,CAT-10,6.0,1.0
2026-03-22,CAT-11,3.0,1.0
2026-03-22,CAT-12,3.0,1.0
2026-03-22,CAT-13,5.0,1.0
2026-03-22,CAT-14,7.0,1.0
2026-03-22,CAT-15,4.0,1.0
2026-03-22,CAT-16,7.0,3.0
2026-03-22,CAT-17,5.0,1.0
2026-03-22,CAT-18,4.0,1.0
2026-03-22,CAT-19,5.0,1.0
2026-03-22,CAT-20,8.0,3.0
2026-03-22,CAT-21,4.0,1.0
2026-03-22,CAT-22,9.0,3.0
2026-03-22,CAT-23,7.0,1.0
2026-03-22,CAT-24,4.0,1.0
2026-03-22,CAT-25,8.0,1.0
2026-03-22,CAT-26,6.0,1.0
2026-03-22,CAT-27,6.0,1.0
2026-03-22,CAT-28,5.0,1.0
2026-03-22,CAT-29,7.0,1.0
2026-03-22,CAT-30,8.0,1.0
2026-03-22,CAT-31,4.0,1.0
2026-03-22,CAT-32,4.0,1.0
2026-03-22,CAT-33,5.0,1.0
2026-03-22,CAT-34,8.0,1.0
2026-03-22,CAT-35,7.0,1.0
2026-03-22,CAT-36,4.0,1.0
2026-03-22,CAT-37,5.0,1.0
2026-03-22,CAT-38,5.0,1.0
2026-03-22,CAT-39,5.0,1.0
2026-03-22,CAT-40,6.0,1.0
2026-03-22,CAT-41,6.0,1.0
2026-03-22,CAT-42,5.0,1.0
2026-03-22,CAT-43,4.0,1.0
2026-03-22,CAT-44,6.0,1.0
2026-03-22,CAT-45,6.0,1.0
2026-03-22,CAT-46,5.0,1.0
2026-03-22,CAT-47,6.0,1.0
2026-03-22,CAT-48,3.0,1.0
2026-03-22,CAT-49,4.0,1.0
2026-03-23,CAT-01,4.0,1.0
2026-03-23,CAT-02,6.0,1.0
2026-03-23,CAT-03,6.0,1.0
2026-03-23,CAT-04,7.0,1.0
2026-03-23,CAT-05,4.0,1.0
2026-03-23,CAT-06,3.0,1.0
2026-03-23,CAT-07,7.0,1.0
2026-03-23,CAT-08,9.0,3.0
2026-03-23,CAT-09,7.0,3.0
2026-03-23,CAT-10,6.0,1.0
2026-03-23,CAT-11,3.0,1.0
2026-03-23,CAT-12,3.0,1.0
2026-03-23,CAT-13,5.0,1.0
2026-03-23,CAT-14,7.0,1.0
2026-03-23,CAT-15,4.0,1.0
2026-03-23,CAT-16,7.0,3.0
2026-03-23,CAT-17,5.0,1.0
2026-03-23,CAT-18,4.0,1.0
2026-03-23,CAT-19,5.0,1.0
2026-03-23,CAT-20,8.0,3.0
2026-03-23,CAT-21,4.0,1.0
2026-03-23,CAT-22,9.0,3.0
2026-03-23,CAT-23,7.0,1.0
2026-03-23,CAT-24,4.0,1.0
2026-03-23,CAT-25,8.0,1.0
2026-03-23,CAT-26,6.0,1.0
2026-03-23,CAT-27,6.0,1.0
2026-03-23,CAT-28,5.0,1.0
2026-03-23,CAT-29,7.0,1.0
2026-03-23,CAT-30,8.0,1.0
2026-03-23,CAT-31,4.0,1.0
2026-03-23,CAT-32,4.0,1.0
2026-03-23,CAT-33,5.0,1.0
2026-03-23,CAT-34,8.0,1.0
2026-03-23,CAT-35,7.0,1.0
2026-03-23,CAT-36,4.0,1.0
2026-03-23,CAT-37,5.0,1.0
2026-03-23,CAT-38,5.0,1.0
2026-03-23,CAT-39,5.0,1.0
2026-03-23,CAT-40,6.0,1.0
2026-03-23,CAT-41,6.0,1.0
2026-03-23,CAT-42,5.0,1.0
2026-03-23,CAT-43,4.0,1.0
2026-03-23,CAT-44,6.0,1.0
2026-03-23,CAT-45,6.0,1.0
2026-03-23,CAT-46,5.0,1.0
2026-03-23,CAT-47,6.0,1.0
2026-03-23,CAT-48,3.0,1.0
2026-03-23,CAT-49,4.0,1.0
2026-03-24,CAT-01,4.0,1.0
2026-03-24,CAT-02,6.0,1.0
2026-03-24,CAT-03,6.0,1.0
2026-03-24,CAT-04,7.0,1.0
2026-03-24,CAT-05,4.0,1.0
2026-03-24,CAT-06,3.0,1.0
2026-03-24,CAT-07,7.0,1.0
2026-03-24,CAT-08,9.0,3.0
2026-03-24,CAT-09,7.0,3.0
2026-03-24,CAT-10,6.0,1.0
2026-03-24,CAT-11,3.0,1.0
2026-03-24,CAT-12,3.0,1.0
2026-03-24,CAT-13,5.0,1.0
2026-03-24,CAT-14,7.0,1.0
2026-03-24,CAT-15,4.0,1.0
2026-03-24,CAT-16,7.0,3.0
2026-03-24,CAT-17,5.0,1.0
2026-03-24,CAT-18,4.0,1.0
2026-03-24,CAT-19,5.0,1.0
2026-03-24,CAT-20,8.0,3.0
2026-03-24,CAT-21,4.0,1.0
2026-03-24,CAT-22,9.0,3.0
2026-03-24,CAT-23,7.0,1.0
2026-03-24,CAT-24,4.0,1.0
2026-03-24,CAT-25,8.0,1.0
2026-03-24,CAT-26,6.0,1.0
2026-03-24,CAT-27,6.0,1.0
2026-03-24,CAT-28,5.0,1.0
2026-03-24,CAT-29,7.0,1.0
2026-03-24,CAT-30,8.0,1.0
2026-03-24,CAT-31,4.0,1.0
2026-03-24,CAT-32,4.0,1.0
2026-03-24,CAT-33,5.0,1.0
2026-03-24,CAT-34,8.0,1.0
2026-03-24,CAT-35,7.0,1.0
2026-03-24,CAT-36,4.0,1.0
2026-03-24,CAT-37,5.0,1.0
2026-03-24,CAT-38,5.0,1.0
2026-03-24,CAT-39,5.0,1.0
2026-03-24,CAT-40,6.0,1.0
2026-03-24,CAT-41,6.0,1.0
2026-03-24,CAT-42,5.0,1.0
2026-03-24,CAT-43,4.0,1.0
2026-03-24,CAT-44,6.0,1.0
2026-03-24,CAT-45,6.0,1.0
2026-03-24,CAT-46,5.0,1.0
2026-03-24,CAT-47,6.0,1.0
2026-03-24,CAT-48,3.0,1.0
2026-03-24,CAT-49,4.0,1.0
2026-03-25,CAT-01,4.0,1.0
2026-03-25,CAT-02,6.0,1.0
2026-03-25,CAT-03,6.0,1.0
2026-03-25,CAT-04,7.0,1.0
2026-03-25,CAT-05,4.0,1.0
2026-03-25,CAT-06,3.0,1.0
2026-03-25,CAT-07,7.0,1.0
2026-03-25,CAT-08,9.0,3.0
2026-03-25,CAT-09,7.0,3.0
2026-03-25,CAT-10,6.0,1.0
2026-03-25,CAT-11,3.0,1.0
2026-03-25,CAT-12,3.0,1.0
2026-03-25,CAT-13,5.0,1.0
2026-03-25,CAT-14,7.0,1.0
2026-03-25,CAT-15,4.0,1.0
2026-03-25,CAT-16,7.0,3.0
2026-03-25,CAT-17,5.0,1.0
2026-03-25,CAT-18,4.0,1.0
2026-03-25,CAT-19,5.0,1.0
2026-03-25,CAT-20,8.0,3.0
2026-03-25,CAT-21,4.0,1.0
2026-03-25,CAT-22,9.0,3.0
2026-03-25,CAT-23,7.0,1.0
2026-03-25,CAT-24,6.0,5.0
2026-03-25,CAT-25,8.0,1.0
2026-03-25,CAT-26,6.0,1.0
2026-03-25,CAT-27,6.0,1.0
2026-03-25,CAT-28,5.0,1.0
2026-03-25,CAT-29,7.0,1.0
2026-03-25,CAT-30,8.0,1.0
2026-03-25,CAT-31,4.0,1.0
2026-03-25,CAT-32,4.0,1.0
2026-03-25,CAT-33,5.0,1.0
2026-03-25,CAT-34,8.0,1.0
2026-03-25,CAT-35,7.0,1.0
2026-03-25,CAT-36,4.0,1.0
2026-03-25,CAT-37,5.0,1.0
2026-03-25,CAT-38,5.0,1.0
2026-03-25,CAT-39,5.0,1.0
2026-03-25,CAT-40,6.0,1.0
2026-03-25,CAT-41,6.0,1.0
2026-03-25,CAT-42,5.0,1.0
2026-03-25,CAT-43,4.0,1.0
2026-03-25,CAT-44,6.0,1.0
2026-03-25,CAT-45,6.0,1.0
2026-03-25,CAT-46,5.0,1.0
2026-03-25,CAT-47,6.0,1.0
2026-03-25,CAT-48,3.0,1.0
2026-03-25,CAT-49,4.0,1.0
2026-03-26,CAT-01,4.0,1.0
2026-03-26,CAT-02,6.0,1.0
2026-03-26,CAT-03,6.0,1.0
2026-03-26,CAT-04,7.0,1.0
2026-03-26,CAT-05,4.0,1.0
2026-03-26,CAT-06,3.0,1.0
2026-03-26,CAT-07,7.0,1.0
2026-03-26,CAT-08,9.0,3.0
2026-03-26,CAT-09,7.0,3.0
2026-03-26,CAT-10,6.0,1.0
2026-03-26,CAT-11,3.0,1.0
2026-03-26,CAT-12,3.0,1.0
2026-03-26,CAT-13,5.0,1.0
2026-03-26,CAT-14,7.0,1.0
2026-03-26,CAT-15,4.0,1.0
2026-03-26,CAT-16,7.0,3.0
2026-03-26,CAT-17,5.0,1.0
2026-03-26,CAT-18,4.0,1.0
2026-03-26,CAT-19,5.0,1.0
2026-03-26,CAT-20,8.0,3.0
2026-03-26,CAT-21,4.0,1.0
2026-03-26,CAT-22,9.0,3.0
2026-03-26,CAT-23,7.0,1.0
2026-03-26,CAT-24,4.0,1.0
2026-03-26,CAT-25,8.0,1.0
2026-03-26,CAT-26,6.0,1.0
2026-03-26,CAT-27,6.0,1.0
2026-03-26,CAT-28,5.0,1.0
2026-03-26,CAT-29,7.0,1.0
2026-03-26,CAT-30,8.0,1.0
2026-03-26,CAT-31,4.0,1.0
2026-03-26,CAT-32,4.0,1.0
2026-03-26,CAT-33,5.0,1.0
2026-03-26,CAT-34,8.0,1.0
2026-03-26,CAT-35,7.0,1.0
2026-03-26,CAT-36,4.0,1.0
2026-03-26,CAT-37,5.0,1.0
2026-03-26,CAT-38,5.0,1.0
2026-03-26,CAT-39,5.0,1.0
2026-03-26,CAT-40,6.0,1.0
2026-03-26,CAT-41,6.0,1.0
2026-03-26,CAT-42,5.0,1.0
2026-03-26,CAT-43,4.0,1.0
2026-03-26,CAT-44,6.0,1.0
2026-03-26,CAT-45,6.0,1.0
2026-03-26,CAT-46,5.0,1.0
2026-03-26,CAT-47,6.0,1.0
2026-03-26,CAT-48,3.0,1.0
2026-03-26,CAT-49,4.0,1.0
2026-03-27,CAT-01,4.0,1.0
2026-03-27,CAT-02,6.0,1.0
2026-03-27,CAT-03,6.0,1.0
2026-03-27,CAT-04,7.0,1.0
2026-03-27,CAT-05,4.0,1.0
2026-03-27,CAT-06,3.0,1.0
2026-03-27,CAT-07,7.0,1.0
2026-03-27,CAT-08,9.0,3.0
2026-03-27,CAT-09,7.0,3.0
2026-03-27,CAT-10,6.0,1.0
2026-03-27,CAT-11,3.0,1.0
2026-03-27,CAT-12,3.0,1.0
2026-03-27,CAT-13,5.0,1.0
2026-03-27,CAT-14,7.0,1.0
2026-03-27,CAT-15,4.0,1.0
2026-03-27,CAT-16,7.0,3.0
2026-03-27,CAT-17,5.0,1.0
2026-03-27,CAT-18,4.0,1.0
2026-03-27,CAT-19,5.0,1.0
2026-03-27,CAT-20,8.0,3.0
2026-03-27,CAT-21,4.0,1.0
2026-03-27,CAT-22,9.0,3.0
2026-03-27,CAT-23,7.0,1.0
2026-03-27,CAT-24,4.0,1.0
2026-03-27,CAT-25,8.0,1.0
2026-03-27,CAT-26,6.0,1.0
2026-03-27,CAT-27,6.0,1.0
2026-03-27,CAT-28,5.0,1.0
2026-03-27,CAT-29,7.0,1.0
2026-03-27,CAT-30,8.0,1.0
2026-03-27,CAT-31,4.0,1.0
2026-03-27,CAT-32,4.0,1.0
2026-03-27,CAT-33,5.0,1.0
2026-03-27,CAT-34,8.0,1.0
2026-03-27,CAT-35,7.0,1.0
2026-03-27,CAT-36,4.0,1.0
2026-03-27,CAT-37,5.0,1.0
2026-03-27,CAT-38,5.0,1.0
2026-03-27,CAT-39,5.0,1.0
2026-03-27,CAT-40,6.0,1.0
2026-03-27,CAT-41,6.0,1.0
2026-03-27,CAT-42,5.0,1.0
2026-03-27,CAT-43,4.0,1.0
2026-03-27,CAT-44,6.0,1.0
2026-03-27,CAT-45,6.0,1.0
2026-03-27,CAT-46,5.0,1.0
2026-03-27,CAT-47,6.0,1.0
2026-03-27,CAT-48,3.0,1.0
2026-03-27,CAT-49,4.0,1.0
2026-03-28,CAT-01,4.0,1.0
2026-03-28,CAT-02,6.0,1.0
2026-03-28,CAT-03,6.0,1.0
2026-03-28,CAT-04,7.0,1.0
2026-03-28,CAT-05,4.0,1.0
2026-03-28,CAT-06,3.0,1.0
2026-03-28,CAT-07,7.0,1.0
2026-03-28,CAT-08,9.0,3.0
2026-03-28,CAT-09,7.0,3.0
2026-03-28,CAT-10,6.0,1.0
2026-03-28,CAT-11,3.0,1.0
2026-03-28,CAT-12,3.0,1.0
2026-03-28,CAT-13,5.0,1.0
2026-03-28,CAT-14,7.0,1.0
2026-03-28,CAT-15,4.0,1.0
2026-03-28,CAT-16,7.0,3.0
2026-03-28,CAT-17,5.0,1.0
2026-03-28,CAT-18,4.0,1.0
2026-03-28,CAT-19,5.0,1.0
2026-03-28,CAT-20,8.0,3.0
2026-03-28,CAT-21,4.0,1.0
2026-03-28,CAT-22,9.0,3.0
2026-03-28,CAT-23,7.0,1.0
2026-03-28,CAT-24,4.0,1.0
2026-03-28,CAT-25,8.0,1.0
2026-03-28,CAT-26,6.0,1.0
2026-03-28,CAT-27,6.0,1.0
2026-03-28,CAT-28,5.0,1.0
2026-03-28,CAT-29,7.0,1.0
2026-03-28,CAT-30,8.0,1.0
2026-03-28,CAT-31,4.0,1.0
2026-03-28,CAT-32,4.0,1.0
2026-03-28,CAT-33,5.0,1.0
2026-03-28,CAT-34,8.0,1.0
2026-03-28,CAT-35,7.0,1.0
2026-03-28,CAT-36,4.0,1.0
2026-03-28,CAT-37,5.0,1.0
2026-03-28,CAT-38,5.0,1.0
2026-03-28,CAT-39,5.0,1.0
2026-03-28,CAT-40,6.0,1.0
2026-03-28,CAT-41,6.0,1.0
2026-03-28,CAT-42,5.0,1.0
2026-03-28,CAT-43,4.0,1.0
2026-03-28,CAT-44,6.0,1.0
2026-03-28,CAT-45,6.0,1.0
2026-03-28,CAT-46,5.0,1.0
2026-03-28,CAT-47,6.0,1.0
2026-03-28,CAT-48,3.0,1.0
2026-03-28,CAT-49,4.0,1.0
2026-03-29,CAT-01,4.0,1.0
2026-03-29,CAT-02,6.0,1.0
2026-03-29,CAT-03,6.0,1.0
2026-03-29,CAT-04,7.0,1.0
2026-03-29,CAT-05,4.0,1.0
2026-03-29,CAT-06,3.0,1.0
2026-03-29,CAT-07,7.0,1.0
2026-03-29,CAT-08,9.0,3.0
2026-03-29,CAT-09,7.0,3.0
2026-03-29,CAT-10,6.0,1.0
2026-03-29,CAT-11,3.0,1.0
2026-03-29,CAT-12,3.0,1.0
2026-03-29,CAT-13,5.0,1.0
2026-03-29,CAT-14,7.0,1.0
2026-03-29,CAT-15,4.0,1.0
2026-03-29,CAT-16,7.0,3.0
2026-03-29,CAT-17,5.0,1.0
2026-03-29,CAT-18,4.0,1.0
2026-03-29,CAT-19,5.0,1.0
2026-03-29,CAT-20,8.0,3.0
2026-03-29,CAT-21,4.0,1.0
2026-03-29,CAT-22,9.0,3.0
2026-03-29,CAT-23,7.0,1.0
2026-03-29,CAT-24,4.0,1.0
2026-03-29,CAT-25,8.0,1.0
2026-03-29,CAT-26,6.0,1.0
2026-03-29,CAT-27,6.0,1.0
2026-03-29,CAT-28,5.0,1.0
2026-03-29,CAT-29,7.0,1.0
2026-03-29,CAT-30,8.0,1.0
2026-03-29,CAT-31,4.0,1.0
2026-03-29,CAT-32,4.0,1.0
2026-03-29,CAT-33,5.0,1.0
2026-03-29,CAT-34,8.0,1.0
2026-03-29,CAT-35,7.0,1.0
2026-03-29,CAT-36,4.0,1.0
2026-03-29,CAT-37,5.0,1.0
2026-03-29,CAT-38,5.0,1.0
2026-03-29,CAT-39,5.0,1.0
2026-03-29,CAT-40,6.0,1.0
2026-03-29,CAT-41,6.0,1.0
2026-03-29,CAT-42,5.0,1.0
2026-03-29,CAT-43,4.0,1.0
2026-03-29,CAT-44,6.0,1.0
2026-03-29,CAT-45,6.0,1.0
2026-03-29,CAT-46,5.0,1.0
2026-03-29,CAT-47,6.0,1.0
2026-03-29,CAT-48,3.0,1.0
2026-03-29,CAT-49,4.0,1.0
2026-03-30,CAT-01,4.0,1.0
2026-03-30,CAT-02,6.0,1.0
2026-03-30,CAT-03,6.0,1.0
2026-03-30,CAT-04,7.0,1.0
2026-03-30,CAT-05,4.0,1.0
2026-03-30,CAT-06,3.0,1.0
2026-03-30,CAT-07,7.0,1.0
2026-03-30,CAT-08,9.0,3.0
2026-03-30,CAT-09,7.0,3.0
2026-03-30,CAT-10,6.0,1.0
2026-03-30,CAT-11,3.0,1.0
2026-03-30,CAT-12,3.0,1.0
2026-03-30,CAT-13,5.0,1.0
2026-03-30,CAT-14,7.0,1.0
2026-03-30,CAT-15,4.0,1.0
2026-03-30,CAT-16,7.0,3.0
2026-03-30,CAT-17,5.0,1.0
2026-03-30,CAT-18,4.0,1.0
2026-03-30,CAT-19,5.0,1.0
2026-03-30,CAT-20,8.0,3.0
2026-03-30,CAT-21,4.0,1.0
2026-03-30,CAT-22,9.0,3.0
2026-03-30,CAT-23,7.0,1.0
2026-03-30,CAT-24,4.0,1.0
2026-03-30,CAT-25,8.0,1.0
2026-03-30,CAT-26,6.0,1.0
2026-03-30,CAT-27,6.0,1.0
2026-03-30,CAT-28,5.0,1.0
2026-03-30,CAT-29,7.0,1.0
2026-03-30,CAT-30,8.0,1.0
2026-03-30,CAT-31,4.0,1.0
2026-03-30,CAT-32,4.0,1.0
2026-03-30,CAT-33,5.0,1.0
2026-03-30,CAT-34,8.0,1.0
2026-03-30,CAT-35,7.0,1.0
2026-03-30,CAT-36,4.0,1.0
2026-03-30,CAT-37,5.0,1.0
2026-03-30,CAT-38,5.0,1.0
2026-03-30,CAT-39,5.0,1.0
2026-03-30,CAT-40,6.0,1.0
2026-03-30,CAT-41,6.0,1.0
2026-03-30,CAT-42,5.0,1.0
2026-03-30,CAT-43,4.0,1.0
2026-03-30,CAT-44,6.0,1.0
2026-03-30,CAT-45,6.0,1.0
2026-03-30,CAT-46,5.0,1.0
2026-03-30,CAT-47,6.0,1.0
2026-03-30,CAT-48,3.0,1.0
2026-03-30,CAT-49,4.0,1.0
2026-03-31,CAT-01,4.0,1.0
2026-03-31,CAT-02,6.0,1.0
2026-03-31,CAT-03,6.0,1.0
2026-03-31,CAT-04,7.0,1.0
2026-03-31,CAT-05,4.0,1.0
2026-03-31,CAT-06,3.0,1.0
2026-03-31,CAT-07,7.0,1.0
2026-03-31,CAT-08,9.0,3.0
2026-03-31,CAT-09,7.0,3.0
2026-03-31,CAT-10,6.0,1.0
2026-03-31,CAT-11,3.0,1.0
2026-03-31,CAT-12,3.0,1.0
2026-03-31,CAT-13,5.0,1.0
2026-03-31,CAT-14,7.0,1.0
2026-03-31,CAT-15,4.0,1.0
2026-03-31,CAT-16,7.0,3.0
2026-03-31,CAT-17,5.0,1.0
2026-03-31,CAT-18,4.0,1.0
2026-03-31,CAT-19,5.0,1.0
2026-03-31,CAT-20,8.0,3.0
2026-03-31,CAT-21,4.0,1.0
2026-03-31,CAT-22,9.0,3.0
2026-03-31,CAT-23,7.0,1.0
2026-03-31,CAT-24,4.0,1.0
2026-03-31,CAT-25,8.0,1.0
2026-03-31,CAT-26,6.0,1.0
2026-03-31,CAT-27,6.0,1.0
2026-03-31,CAT-28,5.0,1.0
2026-03-31,CAT-29,7.0,1.0
2026-03-31,CAT-30,8.0,1.0
2026-03-31,CAT-31,4.0,1.0
2026-03-31,CAT-32,4.0,1.0
2026-03-31,CAT-33,5.0,1.0
2026-03-31,CAT-34,8.0,1.0
2026-03-31,CAT-35,7.0,1.0
2026-03-31,CAT-36,4.0,1.0
2026-03-31,CAT-37,5.0,1.0
2026-03-31,CAT-38,5.0,1.0
2026-03-31,CAT-39,5.0,1.0
2026-03-31,CAT-40,6.0,1.0
2026-03-31,CAT-41,6.0,1.0
2026-03-31,CAT-42,5.0,1.0
2026-03-31,CAT-43,4.0,1.0
2026-03-31,CAT-44,6.0,1.0
2026-03-31,CAT-45,6.0,1.0
2026-03-31,CAT-46,5.0,1.0
2026-03-31,CAT-47,6.0,1.0
2026-03-31,CAT-48,3.0,1.0
2026-03-31,CAT-49,4.0,1.0
2026-04-01,CAT-01,4.0,2.0
2026-04-01,CAT-02,6.0,2.0
2026-04-01,CAT-03,6.0,2.0
2026-04-01,CAT-04,7.0,2.0
2026-04-01,CAT-05,4.0,2.0
2026-04-01,CAT-06,3.0,2.0
2026-04-01,CAT-07,7.0,2.0
2026-04-01,CAT-08,8.0,2.0
2026-04-01,CAT-09,6.0,2.0
2026-04-01,CAT-10,6.0,2.0
2026-04-01,CAT-11,3.0,2.0
2026-04-01,CAT-12,3.0,2.0
2026-04-01,CAT-13,5.0,2.0
2026-04-01,CAT-14,7.0,2.0
2026-04-01,CAT-15,4.0,2.0
2026-04-01,CAT-16,6.0,2.0
2026-04-01,CAT-17,5.0,2.0
2026-04-01,CAT-18,4.0,2.0
2026-04-01,CAT-19,5.0,2.0
2026-04-01,CAT-20,7.0,2.0
2026-04-01,CAT-21,4.0,2.0
2026-04-01,CAT-22,7.0,2.0
2026-04-01,CAT-23,7.0,2.0
2026-04-01,CAT-24,4.0,2.0
2026-04-01,CAT-25,8.0,2.0
2026-04-01,CAT-26,6.0,2.0
2026-04-01,CAT-27,6.0,2.0
2026-04-01,CAT-28,5.0,2.0
2026-04-01,CAT-29,7.0,2.0
2026-04-01,CAT-30,8.0,2.0
2026-04-01,CAT-31,4.0,2.0
2026-04-01,CAT-32,4.0,2.0
2026-04-01,CAT-33,5.0,2.0
2026-04-01,CAT-34,8.0,2.0
2026-04-01,CAT-35,7.0,2.0
2026-04-01,CAT-36,4.0,2.0
2026-04-01,CAT-37,5.0,2.0
2026-04-01,CAT-38,5.0,2.0
2026-04-01,CAT-39,5.0,2.0
2026-04-01,CAT-40,6.0,2.0
2026-04-01,CAT-41,6.0,2.0
2026-04-01,CAT-42,5.0,2.0
2026-04-01,CAT-43,4.0,2.0
2026-04-01,CAT-44,6.0,2.0
2026-04-01,CAT-45,6.0,2.0
2026-04-01,CAT-46,5.0,2.0
2026-04-01,CAT-47,6.0,2.0
2026-04-01,CAT-48,3.0,2.0
2026-04-01,CAT-49,4.0,2.0
2026-04-02,CAT-01,4.0,2.0
2026-04-02,CAT-02,6.0,2.0
2026-04-02,CAT-03,6.0,2.0
2026-04-02,CAT-04,7.0,2.0
2026-04-02,CAT-05,4.0,2.0
2026-04-02,CAT-06,3.0,2.0
2026-04-02,CAT-07,7.0,2.0
2026-04-02,CAT-08,8.0,2.0
2026-04-02,CAT-09,6.0,2.0
2026-04-02,CAT-10,6.0,2.0
2026-04-02,CAT-11,3.0,2.0
2026-04-02,CAT-12,3.0,2.0
2026-04-02,CAT-13,5.0,2.0
2026-04-02,CAT-14,7.0,2.0
2026-04-02,CAT-15,4.0,2.0
2026-04-02,CAT-16,6.0,2.0
2026-04-02,CAT-17,5.0,2.0
2026-04-02,CAT-18,4.0,2.0
2026-04-02,CAT-19,5.0,2.0
2026-04-02,CAT-20,7.0,2.0
2026-04-02,CAT-21,4.0,2.0
2026-04-02,CAT-22,7.0,2.0
2026-04-02,CAT-23,7.0,2.0
2026-04-02,CAT-24,4.0,2.0
2026-04-02,CAT-25,8.0,2.0
2026-04-02,CAT-26,6.0,2.0
2026-04-02,CAT-27,6.0,2.0
2026-04-02,CAT-28,5.0,2.0
2026-04-02,CAT-29,7.0,2.0
2026-04-02,CAT-30,8.0,2.0
2026-04-02,CAT-31,4.0,2.0
2026-04-02,CAT-32,4.0,2.0
2026-04-02,CAT-33,5.0,2.0
2026-04-02,CAT-34,8.0,2.0
2026-04-02,CAT-35,7.0,2.0
2026-04-02,CAT-36,4.0,2.0
2026-04-02,CAT-37,5.0,2.0
2026-04-02,CAT-38,5.0,2.0
2026-04-02,CAT-39,5.0,2.0
2026-04-02,CAT-40,6.0,2.0
2026-04-02,CAT-41,6.0,2.0
2026-04-02,CAT-42,5.0,2.0
2026-04-02,CAT-43,4.0,2.0
2026-04-02,CAT-44,6.0,2.0
2026-04-02,CAT-45,6.0,2.0
2026-04-02,CAT-46,5.0,2.0
2026-04-02,CAT-47,6.0,2.0
2026-04-02,CAT-48,3.0,2.0
2026-04-02,CAT-49,4.0,2.0
2026-04-03,CAT-01,4.0,2.0
2026-04-03,CAT-02,6.0,2.0
2026-04-03,CAT-03,6.0,2.0
2026-04-03,CAT-04,7.0,2.0
2026-04-03,CAT-05,4.0,2.0
2026-04-03,CAT-06,3.0,2.0
2026-04-03,CAT-07,7.0,2.0
2026-04-03,CAT-08,8.0,2.0
2026-04-03,CAT-09,6.0,2.0
2026-04-03,CAT-10,6.0,2.0
2026-04-03,CAT-11,3.0,2.0
2026-04-03,CAT-12,3.0,2.0
2026-04-03,CAT-13,5.0,2.0
2026-04-03,CAT-14,7.0,2.0
2026-04-03,CAT-15,4.0,2.0
2026-04-03,CAT-16,6.0,2.0
2026-04-03,CAT-17,5.0,2.0
2026-04-03,CAT-18,4.0,2.0
2026-04-03,CAT-19,5.0,2.0
2026-04-03,CAT-20,7.0,2.0
2026-04-03,CAT-21,4.0,2.0
2026-04-03,CAT-22,7.0,2.0
2026-04-03,CAT-23,7.0,2.0
2026-04-03,CAT-24,4.0,2.0
2026-04-03,CAT-25,8.0,2.0
2026-04-03,CAT-26,6.0,2.0
2026-04-03,CAT-27,6.0,2.0
2026-04-03,CAT-28,5.0,2.0
2026-04-03,CAT-29,7.0,2.0
2026-04-03,CAT-30,8.0,2.0
2026-04-03,CAT-31,4.0,2.0
2026-04-03,CAT-32,4.0,2.0
2026-04-03,CAT-33,5.0,2.0
2026-04-03,CAT-34,8.0,2.0
2026-04-03,CAT-35,7.0,2.0
2026-04-03,CAT-36,4.0,2.0
2026-04-03,CAT-37,5.0,2.0
2026-04-03,CAT-38,5.0,2.0
2026-04-03,CAT-39,5.0,2.0
2026-04-03,CAT-40,6.0,2.0
2026-04-03,CAT-41,6.0,2.0
2026-04-03,CAT-42,5.0,2.0
2026-04-03,CAT-43,4.0,2.0
2026-04-03,CAT-44,6.0,2.0
2026-04-03,CAT-45,6.0,2.0
2026-04-03,CAT-46,5.0,2.0
2026-04-03,CAT-47,6.0,2.0
2026-04-03,CAT-48,3.0,2.0
2026-04-03,CAT-49,4.0,2.0
2026-04-04,CAT-01,4.0,4.0
2026-04-04,CAT-02,6.0,4.0
2026-04-04,CAT-03,6.0,4.0
2026-04-04,CAT-04,7.0,4.0
2026-04-04,CAT-05,4.0,4.0
2026-04-04,CAT-06,3.0,4.0
2026-04-04,CAT-07,7.0,4.0
2026-04-04,CAT-08,8.0,4.0
2026-04-04,CAT-09,6.0,4.0
2026-04-04,CAT-10,6.0,4.0
2026-04-04,CAT-11,3.0,4.0
2026-04-04,CAT-12,3.0,4.0
2026-04-04,CAT-13,5.0,4.0
2026-04-04,CAT-14,7.0,4.0
2026-04-04,CAT-15,4.0,4.0
2026-04-04,CAT-16,6.0,4.0
2026-04-04,CAT-17,5.0,4.0
2026-04-04,CAT-18,4.0,4.0
2026-04-04,CAT-19,5.0,4.0
2026-04-04,CAT-20,7.0,4.0
2026-04-04,CAT-21,4.0,4.0
2026-04-04,CAT-22,7.0,4.0
2026-04-04,CAT-23,7.0,4.0
2026-04-04,CAT-24,4.0,4.0
2026-04-04,CAT-25,8.0,4.0
2026-04-04,CAT-26,6.0,4.0
2026-04-04,CAT-27,6.0,4.0
2026-04-04,CAT-28,5.0,4.0
2026-04-04,CAT-29,7.0,4.0
2026-04-04,CAT-30,8.0,4.0
2026-04-04,CAT-31,4.0,4.0
2026-04-04,CAT-32,4.0,4.0
2026-04-04,CAT-33,5.0,4.0
2026-04-04,CAT-34,8.0,4.0
2026-04-04,CAT-35,7.0,4.0
2026-04-04,CAT-36,4.0,4.0
2026-04-04,CAT-37,5.0,4.0
2026-04-04,CAT-38,5.0,4.0
2026-04-04,CAT-39,5.0,4.0
2026-04-04,CAT-40,6.0,4.0
2026-04-04,CAT-41,6.0,4.0
2026-04-04,CAT-42,5.0,4.0
2026-04-04,CAT-43,4.0,4.0
2026-04-04,CAT-44,6.0,4.0
2026-04-04,CAT-45,6.0,4.0
2026-04-04,CAT-46,5.0,4.0
2026-04-04,CAT-47,6.0,4.0
2026-04-04,CAT-48,3.0,4.0
2026-04-04,CAT-49,4.0,4.0
2026-04-05,CAT-01,4.0,2.0
2026-04-05,CAT-02,6.0,2.0
2026-04-05,CAT-03,6.0,2.0
2026-04-05,CAT-04,7.0,2.0
2026-04-05,CAT-05,4.0,2.0
2026-04-05,CAT-06,3.0,2.0
2026-04-05,CAT-07,7.0,2.0
2026-04-05,CAT-08,8.0,2.0
2026-04-05,CAT-09,6.0,2.0
2026-04-05,CAT-10,6.0,2.0
2026-04-05,CAT-11,3.0,2.0
2026-04-05,CAT-12,3.0,2.0
2026-04-05,CAT-13,5.0,2.0
2026-04-05,CAT-14,7.0,2.0
2026-04-05,CAT-15,4.0,2.0
2026-04-05,CAT-16,6.0,2.0
2026-04-05,CAT-17,5.0,2.0
2026-04-05,CAT-18,4.0,2.0
2026-04-05,CAT-19,5.0,2.0
2026-04-05,CAT-20,7.0,2.0
2026-04-05,CAT-21,4.0,2.0
2026-04-05,CAT-22,7.0,2.0
2026-04-05,CAT-23,7.0,2.0
2026-04-05,CAT-24,4.0,2.0
2026-04-05,CAT-25,8.0,2.0
2026-04-05,CAT-26,6.0,2.0
2026-04-05,CAT-27,6.0,2.0
2026-04-05,CAT-28,5.0,2.0
2026-04-05,CAT-29,7.0,2.0
2026-04-05,CAT-30,8.0,2.0
2026-04-05,CAT-31,4.0,2.0
2026-04-05,CAT-32,4.0,2.0
2026-04-05,CAT-33,5.0,2.0
2026-04-05,CAT-34,8.0,2.0
2026-04-05,CAT-35,7.0,2.0
2026-04-05,CAT-36,4.0,2.0
2026-04-05,CAT-37,5.0,2.0
2026-04-05,CAT-38,5.0,2.0
2026-04-05,CAT-39,5.0,2.0
2026-04-05,CAT-40,6.0,2.0
2026-04-05,CAT-41,6.0,2.0
2026-04-05,CAT-42,5.0,2.0
2026-04-05,CAT-43,4.0,2.0
2026-04-05,CAT-44,6.0,2.0
2026-04-05,CAT-45,6.0,2.0
2026-04-05,CAT-46,5.0,2.0
2026-04-05,CAT-47,6.0,2.0
2026-04-05,CAT-48,3.0,2.0
2026-04-05,CAT-49,4.0,2.0
2026-04-06,CAT-01,4.0,2.0
2026-04-06,CAT-02,6.0,2.0
2026-04-06,CAT-03,6.0,2.0
2026-04-06,CAT-04,7.0,2.0
2026-04-06,CAT-05,4.0,2.0
2026-04-06,CAT-06,3.0,2.0
2026-04-06,CAT-07,7.0,2.0
2026-04-06,CAT-08,8.0,2.0
2026-04-06,CAT-09,6.0,2.0
2026-04-06,CAT-10,6.0,2.0
2026-04-06,CAT-11,3.0,2.0
2026-04-06,CAT-12,3.0,2.0
2026-04-06,CAT-13,5.0,2.0
2026-04-06,CAT-14,7.0,2.0
2026-04-06,CAT-15,4.0,2.0
2026-04-06,CAT-16,6.0,2.0
2026-04-06,CAT-17,5.0,2.0
2026-04-06,CAT-18,4.0,2.0
2026-04-06,CAT-19,5.0,2.0
2026-04-06,CAT-20,7.0,2.0
2026-04-06,CAT-21,4.0,2.0
2026-04-06,CAT-22,7.0,2.0
2026-04-06,CAT-23,7.0,2.0
2026-04-06,CAT-24,4.0,2.0
2026-04-06,CAT-25,8.0,2.0
2026-04-06,CAT-26,6.0,2.0
2026-04-06,CAT-27,6.0,2.0
2026-04-06,CAT-28,5.0,2.0
2026-04-06,CAT-29,7.0,2.0
2026-04-06,CAT-30,8.0,2.0
2026-04-06,CAT-31,4.0,2.0
2026-04-06,CAT-32,4.0,2.0
2026-04-06,CAT-33,5.0,2.0
2026-04-06,CAT-34,8.0,2.0
2026-04-06,CAT-35,7.0,2.0
2026-04-06,CAT-36,4.0,2.0
2026-04-06,CAT-37,5.0,2.0
2026-04-06,CAT-38,5.0,2.0
2026-04-06,CAT-39,5.0,2.0
2026-04-06,CAT-40,6.0,2.0
2026-04-06,CAT-41,6.0,2.0
2026-04-06,CAT-42,5.0,2.0
2026-04-06,CAT-43,4.0,2.0
2026-04-06,CAT-44,6.0,2.0
2026-04-06,CAT-45,6.0,2.0
2026-04-06,CAT-46,5.0,2.0
2026-04-06,CAT-47,6.0,2.0
2026-04-06,CAT-48,3.0,2.0
2026-04-06,CAT-49,4.0,2.0
2026-04-07,CAT-01,4.0,2.0
2026-04-07,CAT-02,6.0,2.0
2026-04-07,CAT-03,6.0,2.0
2026-04-07,CAT-04,7.0,2.0
2026-04-07,CAT-05,4.0,2.0
2026-04-07,CAT-06,3.0,2.0
2026-04-07,CAT-07,7.0,2.0
2026-04-07,CAT-08,8.0,2.0
2026-04-07,CAT-09,6.0,2.0
2026-04-07,CAT-10,6.0,2.0
2026-04-07,CAT-11,3.0,2.0
2026-04-07,CAT-12,3.0,2.0
2026-04-07,CAT-13,5.0,2.0
2026-04-07,CAT-14,7.0,2.0
2026-04-07,CAT-15,4.0,2.0
2026-04-07,CAT-16,6.0,2.0
2026-04-07,CAT-17,5.0,2.0
2026-04-07,CAT-18,4.0,2.0
2026-04-07,CAT-19,5.0,2.0
2026-04-07,CAT-20,7.0,2.0
2026-04-07,CAT-21,4.0,2.0
2026-04-07,CAT-22,7.0,2.0
2026-04-07,CAT-23,7.0,2.0
2026-04-07,CAT-24,4.0,2.0
2026-04-07,CAT-25,8.0,2.0
2026-04-07,CAT-26,6.0,2.0
2026-04-07,CAT-27,6.0,2.0
2026-04-07,CAT-28,5.0,2.0
2026-04-07,CAT-29,7.0,2.0
2026-04-07,CAT-30,8.0,2.0
2026-04-07,CAT-31,4.0,2.0
2026-04-07,CAT-32,4.0,2.0
2026-04-07,CAT-33,5.0,2.0
2026-04-07,CAT-34,8.0,2.0
2026-04-07,CAT-35,7.0,2.0
2026-04-07,CAT-36,4.0,2.0
2026-04-07,CAT-37,5.0,2.0
2026-04-07,CAT-38,5.0,2.0
2026-04-07,CAT-39,5.0,2.0
2026-04-07,CAT-40,6.0,2.0
2026-04-07,CAT-41,6.0,2.0
2026-04-07,CAT-42,5.0,2.0
2026-04-07,CAT-43,4.0,2.0
2026-04-07,CAT-44,6.0,2.0
2026-04-07,CAT-45,6.0,2.0
2026-04-07,CAT-46,5.0,2.0
2026-04-07,CAT-47,6.0,2.0
2026-04-07,CAT-48,3.0,2.0
2026-04-07,CAT-49,4.0,2.0
2026-04-08,CAT-01,4.0,2.0
2026-04-08,CAT-02,6.0,2.0
2026-04-08,CAT-03,6.0,2.0
2026-04-08,CAT-04,7.0,2.0
2026-04-08,CAT-05,4.0,2.0
2026-04-08,CAT-06,3.0,2.0
2026-04-08,CAT-07,7.0,2.0
2026-04-08,CAT-08,8.0,2.0
2026-04-08,CAT-09,6.0,2.0
2026-04-08,CAT-10,6.0,2.0
2026-04-08,CAT-11,3.0,2.0
2026-04-08,CAT-12,3.0,2.0
2026-04-08,CAT-13,5.0,2.0
2026-04-08,CAT-14,7.0,2.0
2026-04-08,CAT-15,4.0,2.0
2026-04-08,CAT-16,6.0,2.0
2026-04-08,CAT-17,5.0,2.0
2026-04-08,CAT-18,4.0,2.0
2026-04-08,CAT-19,5.0,2.0
2026-04-08,CAT-20,7.0,2.0
2026-04-08,CAT-21,4.0,2.0
2026-04-08,CAT-22,7.0,2.0
2026-04-08,CAT-23,7.0,2.0
2026-04-08,CAT-24,4.0,2.0
2026-04-08,CAT-25,8.0,2.0
2026-04-08,CAT-26,6.0,2.0
2026-04-08,CAT-27,6.0,2.0
2026-04-08,CAT-28,5.0,2.0
2026-04-08,CAT-29,7.0,2.0
2026-04-08,CAT-30,8.0,2.0
2026-04-08,CAT-31,4.0,2.0
2026-04-08,CAT-32,4.0,2.0
2026-04-08,CAT-33,5.0,2.0
2026-04-08,CAT-34,8.0,2.0
2026-04-08,CAT-35,7.0,2.0
2026-04-08,CAT-36,4.0,2.0
2026-04-08,CAT-37,5.0,2.0
2026-04-08,CAT-38,5.0,2.0
2026-04-08,CAT-39,5.0,2.0
2026-04-08,CAT-40,6.0,2.0
2026-04-08,CAT-41,6.0,2.0
2026-04-08,CAT-42,5.0,2.0
2026-04-08,CAT-43,4.0,2.0
2026-04-08,CAT-44,6.0,2.0
2026-04-08,CAT-45,6.0,2.0
2026-04-08,CAT-46,5.0,2.0
2026-04-08,CAT-47,6.0,2.0
2026-04-08,CAT-48,3.0,2.0
2026-04-08,CAT-49,4.0,2.0
2026-04-09,CAT-01,4.0,2.0
2026-04-09,CAT-02,6.0,2.0
2026-04-09,CAT-03,6.0,2.0
2026-04-09,CAT-04,7.0,2.0
2026-04-09,CAT-05,4.0,2.0
2026-04-09,CAT-06,3.0,2.0
2026-04-09,CAT-07,7.0,2.0
2026-04-09,CAT-08,8.0,2.0
2026-04-09,CAT-09,6.0,2.0
2026-04-09,CAT-10,6.0,2.0
2026-04-09,CAT-11,3.0,2.0
2026-04-09,CAT-12,3.0,2.0
2026-04-09,CAT-13,5.0,2.0
2026-04-09,CAT-14,7.0,2.0
2026-04-09,CAT-15,4.0,2.0
2026-04-09,CAT-16,6.0,2.0
2026-04-09,CAT-17,5.0,2.0
2026-04-09,CAT-18,4.0,2.0
2026-04-09,CAT-19,5.0,2.0
2026-04-09,CAT-20,7.0,2.0
2026-04-09,CAT-21,4.0,2.0
2026-04-09,CAT-22,7.0,2.0
2026-04-09,CAT-23,7.0,2.0
2026-04-09,CAT-24,4.0,2.0
2026-04-09,CAT-25,8.0,2.0
2026-04-09,CAT-26,6.0,2.0
2026-04-09,CAT-27,6.0,2.0
2026-04-09,CAT-28,5.0,2.0
2026-04-09,CAT-29,7.0,2.0
2026-04-09,CAT-30,8.0,2.0
2026-04-09,CAT-31,4.0,2.0
2026-04-09,CAT-32,4.0,2.0
2026-04-09,CAT-33,5.0,2.0
2026-04-09,CAT-34,8.0,2.0
2026-04-09,CAT-35,7.0,2.0
2026-04-09,CAT-36,4.0,2.0
2026-04-09,CAT-37,5.0,2.0
2026-04-09,CAT-38,5.0,2.0
2026-04-09,CAT-39,5.0,2.0
2026-04-09,CAT-40,6.0,2.0
2026-04-09,CAT-41,6.0,2.0
2026-04-09,CAT-42,5.0,2.0
2026-04-09,CAT-43,4.0,2.0
2026-04-09,CAT-44,6.0,2.0
2026-04-09,CAT-45,6.0,2.0
2026-04-09,CAT-46,5.0,2.0
2026-04-09,CAT-47,6.0,2.0
2026-04-09,CAT-48,3.0,2.0
2026-04-09,CAT-49,4.0,2.0
2026-04-10,CAT-01,4.0,4.0
2026-04-10,CAT-02,6.0,4.0
2026-04-10,CAT-03,6.0,4.0
2026-04-10,CAT-04,7.0,4.0
2026-04-10,CAT-05,4.0,4.0
2026-04-10,CAT-06,3.0,4.0
2026-04-10,CAT-07,7.0,4.0
2026-04-10,CAT-08,8.0,4.0
2026-04-10,CAT-09,6.0,4.0
2026-04-10,CAT-10,6.0,4.0
2026-04-10,CAT-11,3.0,4.0
2026-04-10,CAT-12,3.0,4.0
2026-04-10,CAT-13,5.0,4.0
2026-04-10,CAT-14,7.0,4.0
2026-04-10,CAT-15,4.0,4.0
2026-04-10,CAT-16,6.0,4.0
2026-04-10,CAT-17,5.0,4.0
2026-04-10,CAT-18,4.0,4.0
2026-04-10,CAT-19,5.0,4.0
2026-04-10,CAT-20,7.0,4.0
2026-04-10,CAT-21,4.0,4.0
2026-04-10,CAT-22,7.0,4.0
2026-04-10,CAT-23,7.0,4.0
2026-04-10,CAT-24,4.0,4.0
2026-04-10,CAT-25,8.0,4.0
2026-04-10,CAT-26,6.0,4.0
2026-04-10,CAT-27,6.0,4.0
2026-04-10,CAT-28,5.0,4.0
2026-04-10,CAT-29,7.0,4.0
2026-04-10,CAT-30,8.0,4.0
2026-04-10,CAT-31,4.0,4.0
2026-04-10,CAT-32,4.0,4.0
2026-04-10,CAT-33,5.0,4.0
2026-04-10,CAT-34,8.0,4.0
2026-04-10,CAT-35,7.0,4.0
2026-04-10,CAT-36,4.0,4.0
2026-04-10,CAT-37,5.0,4.0
2026-04-10,CAT-38,5.0,4.0
2026-04-10,CAT-39,5.0,4.0
2026-04-10,CAT-40,6.0,4.0
2026-04-10,CAT-41,6.0,4.0
2026-04-10,CAT-42,5.0,4.0
2026-04-10,CAT-43,4.0,4.0
2026-04-10,CAT-44,6.0,4.0
2026-04-10,CAT-45,6.0,4.0
2026-04-10,CAT-46,5.0,4.0
2026-04-10,CAT-47,6.0,4.0
2026-04-10,CAT-48,3.0,4.0
2026-04-10,CAT-49,4.0,4.0
2026-04-11,CAT-01,4.0,2.0
2026-04-11,CAT-02,6.0,2.0
2026-04-11,CAT-03,6.0,2.0
2026-04-11,CAT-04,7.0,2.0
2026-04-11,CAT-05,4.0,2.0
2026-04-11,CAT-06,3.0,2.0
2026-04-11,CAT-07,7.0,2.0
2026-04-11,CAT-08,8.0,2.0
2026-04-11,CAT-09,6.0,2.0
2026-04-11,CAT-10,6.0,2.0
2026-04-11,CAT-11,3.0,2.0
2026-04-11,CAT-12,3.0,2.0
2026-04-11,CAT-13,5.0,2.0
2026-04-11,CAT-14,7.0,2.0
2026-04-11,CAT-15,4.0,2.0
2026-04-11,CAT-16,6.0,2.0
2026-04-11,CAT-17,5.0,2.0
2026-04-11,CAT-18,4.0,2.0
2026-04-11,CAT-19,5.0,2.0
2026-04-11,CAT-20,7.0,2.0
2026-04-11,CAT-21,4.0,2.0
2026-04-11,CAT-22,7.0,2.0
2026-04-11,CAT-23,7.0,2.0
2026-04-11,CAT-24,4.0,2.0
2026-04-11,CAT-25,8.0,2.0
2026-04-11,CAT-26,6.0,2.0
2026-04-11,CAT-27,6.0,2.0
2026-04-11,CAT-28,5.0,2.0
2026-04-11,CAT-29,7.0,2.0
2026-04-11,CAT-30,8.0,2.0
2026-04-11,CAT-31,4.0,2.0
2026-04-11,CAT-32,4.0,2.0
2026-04-11,CAT-33,5.0,2.0
2026-04-11,CAT-34,8.0,2.0
2026-04-11,CAT-35,7.0,2.0
2026-04-11,CAT-36,4.0,2.0
2026-04-11,CAT-37,5.0,2.0
2026-04-11,CAT-38,5.0,2.0
2026-04-11,CAT-39,5.0,2.0
2026-04-11,CAT-40,6.0,2.0
2026-04-11,CAT-41,6.0,2.0
2026-04-11,CAT-42,5.0,2.0
2026-04-11,CAT-43,4.0,2.0
2026-04-11,CAT-44,6.0,2.0
2026-04-11,CAT-45,6.0,2.0
2026-04-11,CAT-46,5.0,2.0
2026-04-11,CAT-47,6.0,2.0
2026-04-11,CAT-48,3.0,2.0
2026-04-11,CAT-49,4.0,2.0
2026-04-12,CAT-01,4.0,2.0
2026-04-12,CAT-02,6.0,2.0
2026-04-12,CAT-03,6.0,2.0
2026-04-12,CAT-04,7.0,2.0
2026-04-12,CAT-05,4.0,2.0
2026-04-12,CAT-06,3.0,2.0
2026-04-12,CAT-07,7.0,2.0
2026-04-12,CAT-08,8.0,2.0
2026-04-12,CAT-09,6.0,2.0
2026-04-12,CAT-10,6.0,2.0
2026-04-12,CAT-11,3.0,2.0
2026-04-12,CAT-12,3.0,2.0
2026-04-12,CAT-13,5.0,2.0
2026-04-12,CAT-14,7.0,2.0
2026-04-12,CAT-15,4.0,2.0
2026-04-12,CAT-16,6.0,2.0
2026-04-12,CAT-17,5.0,2.0
2026-04-12,CAT-18,4.0,2.0
2026-04-12,CAT-19,5.0,2.0
2026-04-12,CAT-20,7.0,2.0
2026-04-12,CAT-21,4.0,2.0
2026-04-12,CAT-22,7.0,2.0
2026-04-12,CAT-23,7.0,2.0
2026-04-12,CAT-24,4.0,2.0
2026-04-12,CAT-25,8.0,2.0
2026-04-12,CAT-26,6.0,2.0
2026-04-12,CAT-27,6.0,2.0
2026-04-12,CAT-28,5.0,2.0
2026-04-12,CAT-29,7.0,2.0
2026-04-12,CAT-30,8.0,2.0
2026-04-12,CAT-31,4.0,2.0
2026-04-12,CAT-32,4.0,2.0
2026-04-12,CAT-33,5.0,2.0
2026-04-12,CAT-34,8.0,2.0
2026-04-12,CAT-35,7.0,2.0
2026-04-12,CAT-36,4.0,2.0
2026-04-12,CAT-37,5.0,2.0
2026-04-12,CAT-38,5.0,2.0
2026-04-12,CAT-39,5.0,2.0
2026-04-12,CAT-40,6.0,2.0
2026-04-12,CAT-41,6.0,2.0
2026-04-12,CAT-42,5.0,2.0
2026-04-12,CAT-43,4.0,2.0
2026-04-12,CAT-44,6.0,2.0
2026-04-12,CAT-45,6.0,2.0
2026-04-12,CAT-46,5.0,2.0
2026-04-12,CAT-47,6.0,2.0
2026-04-12,CAT-48,3.0,2.0
2026-04-12,CAT-49,4.0,2.0
2026-04-13,CAT-01,4.0,2.0
2026-04-13,CAT-02,6.0,2.0
2026-04-13,CAT-03,6.0,2.0
2026-04-13,CAT-04,7.0,2.0
2026-04-13,CAT-05,4.0,2.0
2026-04-13,CAT-06,3.0,2.0
2026-04-13,CAT-07,7.0,2.0
2026-04-13,CAT-08,8.0,2.0
2026-04-13,CAT-09,6.0,2.0
2026-04-13,CAT-10,6.0,2.0
2026-04-13,CAT-11,3.0,2.0
2026-04-13,CAT-12,3.0,2.0
2026-04-13,CAT-13,5.0,2.0
2026-04-13,CAT-14,7.0,2.0
2026-04-13,CAT-15,4.0,2.0
2026-04-13,CAT-16,6.0,2.0
2026-04-13,CAT-17,5.0,2.0
2026-04-13,CAT-18,4.0,2.0
2026-04-13,CAT-19,5.0,2.0
2026-04-13,CAT-20,7.0,2.0
2026-04-13,CAT-21,4.0,2.0
2026-04-13,CAT-22,7.0,2.0
2026-04-13,CAT-23,7.0,2.0
2026-04-13,CAT-24,4.0,2.0
2026-04-13,CAT-25,8.0,2.0
2026-04-13,CAT-26,6.0,2.0
2026-04-13,CAT-27,6.0,2.0
2026-04-13,CAT-28,5.0,2.0
2026-04-13,CAT-29,7.0,2.0
2026-04-13,CAT-30,8.0,2.0
2026-04-13,CAT-31,4.0,2.0
2026-04-13,CAT-32,4.0,2.0
2026-04-13,CAT-33,5.0,2.0
2026-04-13,CAT-34,8.0,2.0
2026-04-13,CAT-35,7.0,2.0
2026-04-13,CAT-36,4.0,2.0
2026-04-13,CAT-37,5.0,2.0
2026-04-13,CAT-38,5.0,2.0
2026-04-13,CAT-39,5.0,2.0
2026-04-13,CAT-40,6.0,2.0
2026-04-13,CAT-41,6.0,2.0
2026-04-13,CAT-42,5.0,2.0
2026-04-13,CAT-43,4.0,2.0
2026-04-13,CAT-44,6.0,2.0
2026-04-13,CAT-45,6.0,2.0
2026-04-13,CAT-46,5.0,2.0
2026-04-13,CAT-47,6.0,2.0
2026-04-13,CAT-48,3.0,2.0
2026-04-13,CAT-49,4.0,2.0
2026-04-14,CAT-01,4.0,2.0
2026-04-14,CAT-02,6.0,2.0
2026-04-14,CAT-03,6.0,2.0
2026-04-14,CAT-04,7.0,2.0
2026-04-14,CAT-05,4.0,2.0
2026-04-14,CAT-06,3.0,2.0
2026-04-14,CAT-07,7.0,2.0
2026-04-14,CAT-08,8.0,2.0
2026-04-14,CAT-09,6.0,2.0
2026-04-14,CAT-10,6.0,2.0
2026-04-14,CAT-11,3.0,2.0
2026-04-14,CAT-12,3.0,2.0
2026-04-14,CAT-13,5.0,2.0
2026-04-14,CAT-14,7.0,2.0
2026-04-14,CAT-15,4.0,2.0
2026-04-14,CAT-16,6.0,2.0
2026-04-14,CAT-17,5.0,2.0
2026-04-14,CAT-18,4.0,2.0
2026-04-14,CAT-19,5.0,2.0
2026-04-14,CAT-20,7.0,2.0
2026-04-14,CAT-21,4.0,2.0
2026-04-14,CAT-22,7.0,2.0
2026-04-14,CAT-23,7.0,2.0
2026-04-14,CAT-24,4.0,2.0
2026-04-14,CAT-25,8.0,2.0
2026-04-14,CAT-26,6.0,2.0
2026-04-14,CAT-27,6.0,2.0
2026-04-14,CAT-28,5.0,2.0
2026-04-14,CAT-29,7.0,2.0
2026-04-14,CAT-30,8.0,2.0
2026-04-14,CAT-31,4.0,2.0
2026-04-14,CAT-32,4.0,2.0
2026-04-14,CAT-33,5.0,2.0
2026-04-14,CAT-34,8.0,2.0
2026-04-14,CAT-35,7.0,2.0
2026-04-14,CAT-36,4.0,2.0
2026-04-14,CAT-37,5.0,2.0
2026-04-14,CAT-38,5.0,2.0
2026-04-14,CAT-39,5.0,2.0
2026-04-14,CAT-40,6.0,2.0
2026-04-14,CAT-41,6.0,2.0
2026-04-14,CAT-42,5.0,2.0
2026-04-14,CAT-43,4.0,2.0
2026-04-14,CAT-44,6.0,2.0
2026-04-14,CAT-45,6.0,2.0
2026-04-14,CAT-46,5.0,2.0
2026-04-14,CAT-47,6.0,2.0
2026-04-14,CAT-48,3.0,2.0
2026-04-14,CAT-49,4.0,2.0
2026-04-15,CAT-01,4.0,2.0
2026-04-15,CAT-02,6.0,2.0
2026-04-15,CAT-03,6.0,2.0
2026-04-15,CAT-04,7.0,2.0
2026-04-15,CAT-05,4.0,2.0
2026-04-15,CAT-06,3.0,2.0
2026-04-15,CAT-07,7.0,2.0
2026-04-15,CAT-08,8.0,2.0
2026-04-15,CAT-09,6.0,2.0
2026-04-15,CAT-10,6.0,2.0
2026-04-15,CAT-11,3.0,2.0
2026-04-15,CAT-12,3.0,2.0
2026-04-15,CAT-13,5.0,2.0
2026-04-15,CAT-14,7.0,2.0
2026-04-15,CAT-15,4.0,2.0
2026-04-15,CAT-16,6.0,2.0
2026-04-15,CAT-17,5.0,2.0
2026-04-15,CAT-18,4.0,2.0
2026-04-15,CAT-19,5.0,2.0
2026-04-15,CAT-20,7.0,2.0
2026-04-15,CAT-21,4.0,2.0
2026-04-15,CAT-22,7.0,2.0
2026-04-15,CAT-23,7.0,2.0
2026-04-15,CAT-24,4.0,2.0
2026-04-15,CAT-25,8.0,2.0
2026-04-15,CAT-26,6.0,2.0
2026-04-15,CAT-27,6.0,2.0
2026-04-15,CAT-28,5.0,2.0
2026-04-15,CAT-29,7.0,2.0
2026-04-15,CAT-30,8.0,2.0
2026-04-15,CAT-31,4.0,2.0
2026-04-15,CAT-32,4.0,2.0
2026-04-15,CAT-33,5.0,2.0
2026-04-15,CAT-34,8.0,2.0
2026-04-15,CAT-35,7.0,2.0
2026-04-15,CAT-36,4.0,2.0
2026-04-15,CAT-37,5.0,2.0
2026-04-15,CAT-38,5.0,2.0
2026-04-15,CAT-39,5.0,2.0
2026-04-15,CAT-40,6.0,2.0
2026-04-15,CAT-41,6.0,2.0
2026-04-15,CAT-42,5.0,2.0
2026-04-15,CAT-43,4.0,2.0
2026-04-15,CAT-44,6.0,2.0
2026-04-15,CAT-45,6.0,2.0
2026-04-15,CAT-46,5.0,2.0
2026-04-15,CAT-47,6.0,2.0
2026-04-15,CAT-48,3.0,2.0
2026-04-15,CAT-49,4.0,2.0
2026-04-16,CAT-01,4.0,2.0
2026-04-16,CAT-02,6.0,2.0
2026-04-16,CAT-03,6.0,2.0
2026-04-16,CAT-04,7.0,2.0
2026-04-16,CAT-05,4.0,2.0
2026-04-16,CAT-06,3.0,2.0
2026-04-16,CAT-07,7.0,2.0
2026-04-16,CAT-08,8.0,2.0
2026-04-16,CAT-09,6.0,2.0
2026-04-16,CAT-10,6.0,2.0
2026-04-16,CAT-11,3.0,2.0
2026-04-16,CAT-12,3.0,2.0
2026-04-16,CAT-13,5.0,2.0
2026-04-16,CAT-14,7.0,2.0
2026-04-16,CAT-15,4.0,2.0
2026-04-16,CAT-16,6.0,2.0
2026-04-16,CAT-17,5.0,2.0
2026-04-16,CAT-18,4.0,2.0
2026-04-16,CAT-19,5.0,2.0
2026-04-16,CAT-20,7.0,2.0
2026-04-16,CAT-21,4.0,2.0
2026-04-16,CAT-22,7.0,2.0
2026-04-16,CAT-23,7.0,2.0
2026-04-16,CAT-24,4.0,2.0
2026-04-16,CAT-25,8.0,2.0
2026-04-16,CAT-26,6.0,2.0
2026-04-16,CAT-27,6.0,2.0
2026-04-16,CAT-28,5.0,2.0
2026-04-16,CAT-29,7.0,2.0
2026-04-16,CAT-30,8.0,2.0
2026-04-16,CAT-31,4.0,2.0
2026-04-16,CAT-32,4.0,2.0
2026-04-16,CAT-33,5.0,2.0
2026-04-16,CAT-34,8.0,2.0
2026-04-16,CAT-35,7.0,2.0
2026-04-16,CAT-36,4.0,2.0
2026-04-16,CAT-37,5.0,2.0
2026-04-16,CAT-38,5.0,2.0
2026-04-16,CAT-39,5.0,2.0
2026-04-16,CAT-40,6.0,2.0
2026-04-16,CAT-41,6.0,2.0
2026-04-16,CAT-42,5.0,2.0
2026-04-16,CAT-43,4.0,2.0
2026-04-16,CAT-44,6.0,2.0
2026-04-16,CAT-45,6.0,2.0
2026-04-16,CAT-46,5.0,2.0
2026-04-16,CAT-47,6.0,2.0
2026-04-16,CAT-48,3.0,2.0
2026-04-16,CAT-49,4.0,2.0
2026-04-17,CAT-01,4.0,2.0
2026-04-17,CAT-02,6.0,2.0
2026-04-17,CAT-03,6.0,2.0
2026-04-17,CAT-04,7.0,2.0
2026-04-17,CAT-05,4.0,2.0
2026-04-17,CAT-06,3.0,2.0
2026-04-17,CAT-07,7.0,2.0
2026-04-17,CAT-08,8.0,2.0
2026-04-17,CAT-09,6.0,2.0
2026-04-17,CAT-10,6.0,2.0
2026-04-17,CAT-11,3.0,2.0
2026-04-17,CAT-12,3.0,2.0
2026-04-17,CAT-13,5.0,2.0
2026-04-17,CAT-14,7.0,2.0
2026-04-17,CAT-15,4.0,2.0
2026-04-17,CAT-16,6.0,2.0
2026-04-17,CAT-17,5.0,2.0
2026-04-17,CAT-18,4.0,2.0
2026-04-17,CAT-19,5.0,2.0
2026-04-17,CAT-20,7.0,2.0
2026-04-17,CAT-21,4.0,2.0
2026-04-17,CAT-22,7.0,2.0
2026-04-17,CAT-23,7.0,2.0
2026-04-17,CAT-24,4.0,2.0
2026-04-17,CAT-25,8.0,2.0
2026-04-17,CAT-26,6.0,2.0
2026-04-17,CAT-27,6.0,2.0
2026-04-17,CAT-28,5.0,2.0
2026-04-17,CAT-29,7.0,2.0
2026-04-17,CAT-30,8.0,2.0
2026-04-17,CAT-31,4.0,2.0
2026-04-17,CAT-32,4.0,2.0
2026-04-17,CAT-33,5.0,2.0
2026-04-17,CAT-34,8.0,2.0
2026-04-17,CAT-35,7.0,2.0
2026-04-17,CAT-36,4.0,2.0
2026-04-17,CAT-37,5.0,2.0
2026-04-17,CAT-38,5.0,2.0
2026-04-17,CAT-39,5.0,2.0
2026-04-17,CAT-40,6.0,2.0
2026-04-17,CAT-41,6.0,2.0
2026-04-17,CAT-42,5.0,2.0
2026-04-17,CAT-43,4.0,2.0
2026-04-17,CAT-44,6.0,2.0
2026-04-17,CAT-45,6.0,2.0
2026-04-17,CAT-46,5.0,2.0
2026-04-17,CAT-47,6.0,2.0
2026-04-17,CAT-48,3.0,2.0
2026-04-17,CAT-49,4.0,2.0
2026-04-18,CAT-01,4.0,4.0
2026-04-18,CAT-02,6.0,4.0
2026-04-18,CAT-03,6.0,4.0
2026-04-18,CAT-04,7.0,4.0
2026-04-18,CAT-05,4.0,4.0
2026-04-18,CAT-06,3.0,4.0
2026-04-18,CAT-07,7.0,4.0
2026-04-18,CAT-08,8.0,4.0
2026-04-18,CAT-09,6.0,4.0
2026-04-18,CAT-10,6.0,4.0
2026-04-18,CAT-11,3.0,4.0
2026-04-18,CAT-12,3.0,4.0
2026-04-18,CAT-13,5.0,4.0
2026-04-18,CAT-14,7.0,4.0
2026-04-18,CAT-15,4.0,4.0
2026-04-18,CAT-16,6.0,4.0
2026-04-18,CAT-17,5.0,4.0
2026-04-18,CAT-18,4.0,4.0
2026-04-18,CAT-19,5.0,4.0
2026-04-18,CAT-20,7.0,4.0
2026-04-18,CAT-21,4.0,4.0
2026-04-18,CAT-22,7.0,4.0
2026-04-18,CAT-23,7.0,4.0
2026-04-18,CAT-24,4.0,4.0
2026-04-18,CAT-25,8.0,4.0
2026-04-18,CAT-26,6.0,4.0
2026-04-18,CAT-27,6.0,4.0
2026-04-18,CAT-28,5.0,4.0
2026-04-18,CAT-29,7.0,4.0
2026-04-18,CAT-30,8.0,4.0
2026-04-18,CAT-31,4.0,4.0
2026-04-18,CAT-32,4.0,4.0
2026-04-18,CAT-33,5.0,4.0
2026-04-18,CAT-34,8.0,4.0
2026-04-18,CAT-35,7.0,4.0
2026-04-18,CAT-36,4.0,4.0
2026-04-18,CAT-37,5.0,4.0
2026-04-18,CAT-38,5.0,4.0
2026-04-18,CAT-39,5.0,4.0
2026-04-18,CAT-40,6.0,4.0
2026-04-18,CAT-41,6.0,4.0
2026-04-18,CAT-42,5.0,4.0
2026-04-18,CAT-43,4.0,4.0
2026-04-18,CAT-44,6.0,4.0
2026-04-18,CAT-45,6.0,4.0
2026-04-18,CAT-46,5.0,4.0
2026-04-18,CAT-47,6.0,4.0
2026-04-18,CAT-48,3.0,4.0
2026-04-18,CAT-49,4.0,4.0
2026-04-19,CAT-01,4.0,2.0
2026-04-19,CAT-02,6.0,2.0
2026-04-19,CAT-03,6.0,2.0
2026-04-19,CAT-04,7.0,2.0
2026-04-19,CAT-05,4.0,2.0
2026-04-19,CAT-06,3.0,2.0
2026-04-19,CAT-07,7.0,2.0
2026-04-19,CAT-08,8.0,2.0
2026-04-19,CAT-09,6.0,2.0
2026-04-19,CAT-10,6.0,2.0
2026-04-19,CAT-11,3.0,2.0
2026-04-19,CAT-12,3.0,2.0
2026-04-19,CAT-13,5.0,2.0
2026-04-19,CAT-14,7.0,2.0
2026-04-19,CAT-15,4.0,2.0
2026-04-19,CAT-16,6.0,2.0
2026-04-19,CAT-17,5.0,2.0
2026-04-19,CAT-18,4.0,2.0
2026-04-19,CAT-19,5.0,2.0
2026-04-19,CAT-20,7.0,2.0
2026-04-19,CAT-21,4.0,2.0
2026-04-19,CAT-22,7.0,2.0
2026-04-19,CAT-23,7.0,2.0
2026-04-19,CAT-24,4.0,2.0
2026-04-19,CAT-25,8.0,2.0
2026-04-19,CAT-26,6.0,2.0
2026-04-19,CAT-27,6.0,2.0
2026-04-19,CAT-28,5.0,2.0
2026-04-19,CAT-29,7.0,2.0
2026-04-19,CAT-30,8.0,2.0
2026-04-19,CAT-31,4.0,2.0
2026-04-19,CAT-32,4.0,2.0
2026-04-19,CAT-33,5.0,2.0
2026-04-19,CAT-34,8.0,2.0
2026-04-19,CAT-35,7.0,2.0
2026-04-19,CAT-36,4.0,2.0
2026-04-19,CAT-37,5.0,2.0
2026-04-19,CAT-38,5.0,2.0
2026-04-19,CAT-39,5.0,2.0
2026-04-19,CAT-40,6.0,2.0
2026-04-19,CAT-41,6.0,2.0
2026-04-19,CAT-42,5.0,2.0
2026-04-19,CAT-43,4.0,2.0
2026-04-19,CAT-44,6.0,2.0
2026-04-19,CAT-45,6.0,2.0
2026-04-19,CAT-46,5.0,2.0
2026-04-19,CAT-47,6.0,2.0
2026-04-19,CAT-48,3.0,2.0
2026-04-19,CAT-49,4.0,2.0
2026-04-20,CAT-01,4.0,2.0
2026-04-20,CAT-02,6.0,2.0
2026-04-20,CAT-03,6.0,2.0
2026-04-20,CAT-04,7.0,2.0
2026-04-20,CAT-05,4.0,2.0
2026-04-20,CAT-06,3.0,2.0
2026-04-20,CAT-07,7.0,2.0
2026-04-20,CAT-08,8.0,2.0
2026-04-20,CAT-09,6.0,2.0
2026-04-20,CAT-10,6.0,2.0
2026-04-20,CAT-11,3.0,2.0
2026-04-20,CAT-12,3.0,2.0
2026-04-20,CAT-13,5.0,2.0
2026-04-20,CAT-14,7.0,2.0
2026-04-20,CAT-15,4.0,2.0
2026-04-20,CAT-16,6.0,2.0
2026-04-20,CAT-17,5.0,2.0
2026-04-20,CAT-18,4.0,2.0
2026-04-20,CAT-19,5.0,2.0
2026-04-20,CAT-20,7.0,2.0
2026-04-20,CAT-21,4.0,2.0
2026-04-20,CAT-22,7.0,2.0
2026-04-20,CAT-23,7.0,2.0
2026-04-20,CAT-24,4.0,2.0
2026-04-20,CAT-25,8.0,2.0
2026-04-20,CAT-26,6.0,2.0
2026-04-20,CAT-27,6.0,2.0
2026-04-20,CAT-28,5.0,2.0
2026-04-20,CAT-29,7.0,2.0
2026-04-20,CAT-30,8.0,2.0
2026-04-20,CAT-31,4.0,2.0
2026-04-20,CAT-32,4.0,2.0
2026-04-20,CAT-33,5.0,2.0
2026-04-20,CAT-34,8.0,2.0
2026-04-20,CAT-35,7.0,2.0
2026-04-20,CAT-36,4.0,2.0
2026-04-20,CAT-37,5.0,2.0
2026-04-20,CAT-38,5.0,2.0
2026-04-20,CAT-39,5.0,2.0
2026-04-20,CAT-40,6.0,2.0
2026-04-20,CAT-41,6.0,2.0
2026-04-20,CAT-42,5.0,2.0
2026-04-20,CAT-43,4.0,2.0
2026-04-20,CAT-44,6.0,2.0
2026-04-20,CAT-45,6.0,2.0
2026-04-20,CAT-46,5.0,2.0
2026-04-20,CAT-47,6.0,2.0
2026-04-20,CAT-48,3.0,2.0
2026-04-20,CAT-49,4.0,2.0
2026-04-21,CAT-01,4.0,2.0
2026-04-21,CAT-02,6.0,2.0
2026-04-21,CAT-03,6.0,2.0
2026-04-21,CAT-04,7.0,2.0
2026-04-21,CAT-05,4.0,2.0
2026-04-21,CAT-06,3.0,2.0
2026-04-21,CAT-07,7.0,2.0
2026-04-21,CAT-08,8.0,2.0
2026-04-21,CAT-09,6.0,2.0
2026-04-21,CAT-10,6.0,2.0
2026-04-21,CAT-11,3.0,2.0
2026-04-21,CAT-12,3.0,2.0
2026-04-21,CAT-13,5.0,2.0
2026-04-21,CAT-14,7.0,2.0
2026-04-21,CAT-15,4.0,2.0
2026-04-21,CAT-16,6.0,2.0
2026-04-21,CAT-17,5.0,2.0
2026-04-21,CAT-18,4.0,2.0
2026-04-21,CAT-19,5.0,2.0
2026-04-21,CAT-20,7.0,2.0
2026-04-21,CAT-21,4.0,2.0
2026-04-21,CAT-22,7.0,2.0
2026-04-21,CAT-23,7.0,2.0
2026-04-21,CAT-24,4.0,2.0
2026-04-21,CAT-25,8.0,2.0
2026-04-21,CAT-26,6.0,2.0
2026-04-21,CAT-27,6.0,2.0
2026-04-21,CAT-28,5.0,2.0
2026-04-21,CAT-29,7.0,2.0
2026-04-21,CAT-30,8.0,2.0
2026-04-21,CAT-31,4.0,2.0
2026-04-21,CAT-32,4.0,2.0
2026-04-21,CAT-33,5.0,2.0
2026-04-21,CAT-34,8.0,2.0
2026-04-21,CAT-35,7.0,2.0
2026-04-21,CAT-36,4.0,2.0
2026-04-21,CAT-37,5.0,2.0
2026-04-21,CAT-38,5.0,2.0
2026-04-21,CAT-39,5.0,2.0
2026-04-21,CAT-40,6.0,2.0
2026-04-21,CAT-41,6.0,2.0
2026-04-21,CAT-42,5.0,2.0
2026-04-21,CAT-43,4.0,2.0
2026-04-21,CAT-44,6.0,2.0
2026-04-21,CAT-45,6.0,2.0
2026-04-21,CAT-46,5.0,2.0
2026-04-21,CAT-47,6.0,2.0
2026-04-21,CAT-48,3.0,2.0
2026-04-21,CAT-49,4.0,2.0
2026-04-22,CAT-01,4.0,2.0
2026-04-22,CAT-02,6.0,2.0
2026-04-22,CAT-03,6.0,2.0
2026-04-22,CAT-04,7.0,2.0
2026-04-22,CAT-05,4.0,2.0
2026-04-22,CAT-06,3.0,2.0
2026-04-22,CAT-07,7.0,2.0
2026-04-22,CAT-08,8.0,2.0
2026-04-22,CAT-09,6.0,2.0
2026-04-22,CAT-10,6.0,2.0
2026-04-22,CAT-11,3.0,2.0
2026-04-22,CAT-12,3.0,2.0
2026-04-22,CAT-13,5.0,2.0
2026-04-22,CAT-14,7.0,2.0
2026-04-22,CAT-15,4.0,2.0
2026-04-22,CAT-16,6.0,2.0
2026-04-22,CAT-17,5.0,2.0
2026-04-22,CAT-18,4.0,2.0
2026-04-22,CAT-19,5.0,2.0
2026-04-22,CAT-20,7.0,2.0
2026-04-22,CAT-21,4.0,2.0
2026-04-22,CAT-22,7.0,2.0
2026-04-22,CAT-23,7.0,2.0
2026-04-22,CAT-24,4.0,2.0
2026-04-22,CAT-25,8.0,2.0
2026-04-22,CAT-26,6.0,2.0
2026-04-22,CAT-27,6.0,2.0
2026-04-22,CAT-28,5.0,2.0
2026-04-22,CAT-29,7.0,2.0
2026-04-22,CAT-30,8.0,2.0
2026-04-22,CAT-31,4.0,2.0
2026-04-22,CAT-32,4.0,2.0
2026-04-22,CAT-33,5.0,2.0
2026-04-22,CAT-34,8.0,2.0
2026-04-22,CAT-35,7.0,2.0
2026-04-22,CAT-36,4.0,2.0
2026-04-22,CAT-37,5.0,2.0
2026-04-22,CAT-38,5.0,2.0
2026-04-22,CAT-39,5.0,2.0
2026-04-22,CAT-40,6.0,2.0
2026-04-22,CAT-41,6.0,2.0
2026-04-22,CAT-42,5.0,2.0
2026-04-22,CAT-43,4.0,2.0
2026-04-22,CAT-44,6.0,2.0
2026-04-22,CAT-45,6.0,2.0
2026-04-22,CAT-46,5.0,2.0
2026-04-22,CAT-47,6.0,2.0
2026-04-22,CAT-48,3.0,2.0
2026-04-22,CAT-49,4.0,2.0
2026-04-23,CAT-01,4.0,2.0
2026-04-23,CAT-02,6.0,2.0
2026-04-23,CAT-03,6.0,2.0
2026-04-23,CAT-04,7.0,2.0
2026-04-23,CAT-05,4.0,2.0
2026-04-23,CAT-06,3.0,2.0
2026-04-23,CAT-07,7.0,2.0
2026-04-23,CAT-08,8.0,2.0
2026-04-23,CAT-09,6.0,2.0
2026-04-23,CAT-10,6.0,2.0
2026-04-23,CAT-11,3.0,2.0
2026-04-23,CAT-12,3.0,2.0
2026-04-23,CAT-13,5.0,2.0
2026-04-23,CAT-14,7.0,2.0
2026-04-23,CAT-15,4.0,2.0
2026-04-23,CAT-16,6.0,2.0
2026-04-23,CAT-17,5.0,2.0
2026-04-23,CAT-18,4.0,2.0
2026-04-23,CAT-19,5.0,2.0
2026-04-23,CAT-20,7.0,2.0
2026-04-23,CAT-21,4.0,2.0
2026-04-23,CAT-22,7.0,2.0
2026-04-23,CAT-23,7.0,2.0
2026-04-23,CAT-24,4.0,2.0
2026-04-23,CAT-25,8.0,2.0
2026-04-23,CAT-26,6.0,2.0
2026-04-23,CAT-27,6.0,2.0
2026-04-23,CAT-28,5.0,2.0
2026-04-23,CAT-29,7.0,2.0
2026-04-23,CAT-30,8.0,2.0
2026-04-23,CAT-31,4.0,2.0
2026-04-23,CAT-32,4.0,2.0
2026-04-23,CAT-33,5.0,2.0
2026-04-23,CAT-34,8.0,2.0
2026-04-23,CAT-35,7.0,2.0
2026-04-23,CAT-36,4.0,2.0
2026-04-23,CAT-37,5.0,2.0
2026-04-23,CAT-38,5.0,2.0
2026-04-23,CAT-39,5.0,2.0
2026-04-23,CAT-40,6.0,2.0
2026-04-23,CAT-41,6.0,2.0
2026-04-23,CAT-42,5.0,2.0
2026-04-23,CAT-43,4.0,2.0
2026-04-23,CAT-44,6.0,2.0
2026-04-23,CAT-45,6.0,2.0
2026-04-23,CAT-46,5.0,2.0
2026-04-23,CAT-47,6.0,2.0
2026-04-23,CAT-48,3.0,2.0
2026-04-23,CAT-49,4.0,2.0
2026-04-24,CAT-01,4.0,2.0
2026-04-24,CAT-02,6.0,2.0
2026-04-24,CAT-03,6.0,2.0
2026-04-24,CAT-04,7.0,2.0
2026-04-24,CAT-05,4.0,2.0
2026-04-24,CAT-06,3.0,2.0
2026-04-24,CAT-07,7.0,2.0
2026-04-24,CAT-08,8.0,2.0
2026-04-24,CAT-09,6.0,2.0
2026-04-24,CAT-10,6.0,2.0
2026-04-24,CAT-11,3.0,2.0
2026-04-24,CAT-12,3.0,2.0
2026-04-24,CAT-13,5.0,2.0
2026-04-24,CAT-14,7.0,2.0
2026-04-24,CAT-15,4.0,2.0
2026-04-24,CAT-16,6.0,2.0
2026-04-24,CAT-17,5.0,2.0
2026-04-24,CAT-18,4.0,2.0
2026-04-24,CAT-19,5.0,2.0
2026-04-24,CAT-20,7.0,2.0
2026-04-24,CAT-21,4.0,2.0
2026-04-24,CAT-22,7.0,2.0
2026-04-24,CAT-23,7.0,2.0
2026-04-24,CAT-24,4.0,2.0
2026-04-24,CAT-25,8.0,2.0
2026-04-24,CAT-26,6.0,2.0
2026-04-24,CAT-27,6.0,2.0
2026-04-24,CAT-28,5.0,2.0
2026-04-24,CAT-29,7.0,2.0
2026-04-24,CAT-30,8.0,2.0
2026-04-24,CAT-31,4.0,2.0
2026-04-24,CAT-32,4.0,2.0
2026-04-24,CAT-33,5.0,2.0
2026-04-24,CAT-34,8.0,2.0
2026-04-24,CAT-35,7.0,2.0
2026-04-24,CAT-36,4.0,2.0
2026-04-24,CAT-37,5.0,2.0
2026-04-24,CAT-38,5.0,2.0
2026-04-24,CAT-39,5.0,2.0
2026-04-24,CAT-40,6.0,2.0
2026-04-24,CAT-41,6.0,2.0
2026-04-24,CAT-42,5.0,2.0
2026-04-24,CAT-43,4.0,2.0
2026-04-24,CAT-44,6.0,2.0
2026-04-24,CAT-45,6.0,2.0
2026-04-24,CAT-46,5.0,2.0
2026-04-24,CAT-47,6.0,2.0
2026-04-24,CAT-48,3.0,2.0
2026-04-24,CAT-49,4.0,2.0
2026-04-25,CAT-01,4.0,2.0
2026-04-25,CAT-02,6.0,2.0
2026-04-25,CAT-03,6.0,2.0
2026-04-25,CAT-04,7.0,2.0
2026-04-25,CAT-05,4.0,2.0
2026-04-25,CAT-06,3.0,2.0
2026-04-25,CAT-07,7.0,2.0
2026-04-25,CAT-08,8.0,2.0
2026-04-25,CAT-09,6.0,2.0
2026-04-25,CAT-10,6.0,2.0
2026-04-25,CAT-11,3.0,2.0
2026-04-25,CAT-12,3.0,2.0
2026-04-25,CAT-13,5.0,2.0
2026-04-25,CAT-14,7.0,2.0
2026-04-25,CAT-15,4.0,2.0
2026-04-25,CAT-16,6.0,2.0
2026-04-25,CAT-17,5.0,2.0
2026-04-25,CAT-18,4.0,2.0
2026-04-25,CAT-19,5.0,2.0
2026-04-25,CAT-20,7.0,2.0
2026-04-25,CAT-21,4.0,2.0
2026-04-25,CAT-22,7.0,2.0
2026-04-25,CAT-23,7.0,2.0
2026-04-25,CAT-24,4.0,2.0
2026-04-25,CAT-25,8.0,2.0
2026-04-25,CAT-26,6.0,2.0
2026-04-25,CAT-27,6.0,2.0
2026-04-25,CAT-28,5.0,2.0
2026-04-25,CAT-29,7.0,2.0
2026-04-25,CAT-30,8.0,2.0
2026-04-25,CAT-31,4.0,2.0
2026-04-25,CAT-32,4.0,2.0
2026-04-25,CAT-33,5.0,2.0
2026-04-25,CAT-34,8.0,2.0
2026-04-25,CAT-35,7.0,2.0
2026-04-25,CAT-36,4.0,2.0
2026-04-25,CAT-37,5.0,2.0
2026-04-25,CAT-38,5.0,2.0
2026-04-25,CAT-39,5.0,2.0
2026-04-25,CAT-40,6.0,2.0
2026-04-25,CAT-41,6.0,2.0
2026-04-25,CAT-42,5.0,2.0
2026-04-25,CAT-43,4.0,2.0
2026-04-25,CAT-44,6.0,2.0
2026-04-25,CAT-45,6.0,2.0
2026-04-25,CAT-46,5.0,2.0
2026-04-25,CAT-47,6.0,2.0
2026-04-25,CAT-48,3.0,2.0
2026-04-25,CAT-49,4.0,2.0
2026-04-26,CAT-01,4.0,2.0
2026-04-26,CAT-02,6.0,2.0
2026-04-26,CAT-03,6.0,2.0
2026-04-26,CAT-04,7.0,2.0
2026-04-26,CAT-05,4.0,2.0
2026-04-26,CAT-06,3.0,2.0
2026-04-26,CAT-07,7.0,2.0
2026-04-26,CAT-08,8.0,2.0
2026-04-26,CAT-09,6.0,2.0
2026-04-26,CAT-10,6.0,2.0
2026-04-26,CAT-11,3.0,2.0
2026-04-26,CAT-12,3.0,2.0
2026-04-26,CAT-13,5.0,2.0
2026-04-26,CAT-14,7.0,2.0
2026-04-26,CAT-15,4.0,2.0
2026-04-26,CAT-16,6.0,2.0
2026-04-26,CAT-17,5.0,2.0
2026-04-26,CAT-18,4.0,2.0
2026-04-26,CAT-19,5.0,2.0
2026-04-26,CAT-20,7.0,2.0
2026-04-26,CAT-21,4.0,2.0
2026-04-26,CAT-22,7.0,2.0
2026-04-26,CAT-23,7.0,2.0
2026-04-26,CAT-24,4.0,2.0
2026-04-26,CAT-25,8.0,2.0
2026-04-26,CAT-26,6.0,2.0
2026-04-26,CAT-27,6.0,2.0
2026-04-26,CAT-28,5.0,2.0
2026-04-26,CAT-29,7.0,2.0
2026-04-26,CAT-30,8.0,2.0
2026-04-26,CAT-31,4.0,2.0
2026-04-26,CAT-32,4.0,2.0
2026-04-26,CAT-33,5.0,2.0
2026-04-26,CAT-34,8.0,2.0
2026-04-26,CAT-35,7.0,2.0
2026-04-26,CAT-36,4.0,2.0
2026-04-26,CAT-37,5.0,2.0
2026-04-26,CAT-38,5.0,2.0
2026-04-26,CAT-39,5.0,2.0
2026-04-26,CAT-40,6.0,2.0
2026-04-26,CAT-41,6.0,2.0
2026-04-26,CAT-42,5.0,2.0
2026-04-26,CAT-43,4.0,2.0
2026-04-26,CAT-44,6.0,2.0
2026-04-26,CAT-45,6.0,2.0
2026-04-26,CAT-46,5.0,2.0
2026-04-26,CAT-47,6.0,2.0
2026-04-26,CAT-48,3.0,2.0
2026-04-26,CAT-49,4.0,2.0
2026-04-27,CAT-01,4.0,2.0
2026-04-27,CAT-02,6.0,2.0
2026-04-27,CAT-03,6.0,2.0
2026-04-27,CAT-04,7.0,2.0
2026-04-27,CAT-05,4.0,2.0
2026-04-27,CAT-06,3.0,2.0
2026-04-27,CAT-07,7.0,2.0
2026-04-27,CAT-08,8.0,2.0
2026-04-27,CAT-09,6.0,2.0
2026-04-27,CAT-10,6.0,2.0
2026-04-27,CAT-11,3.0,2.0
2026-04-27,CAT-12,3.0,2.0
2026-04-27,CAT-13,5.0,2.0
2026-04-27,CAT-14,7.0,2.0
2026-04-27,CAT-15,4.0,2.0
2026-04-27,CAT-16,6.0,2.0
2026-04-27,CAT-17,5.0,2.0
2026-04-27,CAT-18,4.0,2.0
2026-04-27,CAT-19,5.0,2.0
2026-04-27,CAT-20,7.0,2.0
2026-04-27,CAT-21,4.0,2.0
2026-04-27,CAT-22,7.0,2.0
2026-04-27,CAT-23,7.0,2.0
2026-04-27,CAT-24,4.0,2.0
2026-04-27,CAT-25,8.0,2.0
2026-04-27,CAT-26,6.0,2.0
2026-04-27,CAT-27,6.0,2.0
2026-04-27,CAT-28,5.0,2.0
2026-04-27,CAT-29,7.0,2.0
2026-04-27,CAT-30,8.0,2.0
2026-04-27,CAT-31,4.0,2.0
2026-04-27,CAT-32,4.0,2.0
2026-04-27,CAT-33,5.0,2.0
2026-04-27,CAT-34,8.0,2.0
2026-04-27,CAT-35,7.0,2.0
2026-04-27,CAT-36,4.0,2.0
2026-04-27,CAT-37,5.0,2.0
2026-04-27,CAT-38,5.0,2.0
2026-04-27,CAT-39,5.0,2.0
2026-04-27,CAT-40,6.0,2.0
2026-04-27,CAT-41,6.0,2.0
2026-04-27,CAT-42,5.0,2.0
2026-04-27,CAT-43,4.0,2.0
2026-04-27,CAT-44,6.0,2.0
2026-04-27,CAT-45,6.0,2.0
2026-04-27,CAT-46,5.0,2.0
2026-04-27,CAT-47,6.0,2.0
2026-04-27,CAT-48,3.0,2.0
2026-04-27,CAT-49,4.0,2.0
2026-04-28,CAT-01,4.0,2.0
2026-04-28,CAT-02,6.0,2.0
2026-04-28,CAT-03,6.0,2.0
2026-04-28,CAT-04,7.0,2.0
2026-04-28,CAT-05,4.0,2.0
2026-04-28,CAT-06,3.0,2.0
2026-04-28,CAT-07,7.0,2.0
2026-04-28,CAT-08,8.0,2.0
2026-04-28,CAT-09,6.0,2.0
2026-04-28,CAT-10,6.0,2.0
2026-04-28,CAT-11,3.0,2.0
2026-04-28,CAT-12,3.0,2.0
2026-04-28,CAT-13,5.0,2.0
2026-04-28,CAT-14,7.0,2.0
2026-04-28,CAT-15,4.0,2.0
2026-04-28,CAT-16,6.0,2.0
2026-04-28,CAT-17,5.0,2.0
2026-04-28,CAT-18,4.0,2.0
2026-04-28,CAT-19,5.0,2.0
2026-04-28,CAT-20,7.0,2.0
2026-04-28,CAT-21,4.0,2.0
2026-04-28,CAT-22,7.0,2.0
2026-04-28,CAT-23,7.0,2.0
2026-04-28,CAT-24,4.0,2.0
2026-04-28,CAT-25,8.0,2.0
2026-04-28,CAT-26,6.0,2.0
2026-04-28,CAT-27,6.0,2.0
2026-04-28,CAT-28,5.0,2.0
2026-04-28,CAT-29,7.0,2.0
2026-04-28,CAT-30,8.0,2.0
2026-04-28,CAT-31,4.0,2.0
2026-04-28,CAT-32,4.0,2.0
2026-04-28,CAT-33,5.0,2.0
2026-04-28,CAT-34,8.0,2.0
2026-04-28,CAT-35,7.0,2.0
2026-04-28,CAT-36,4.0,2.0
2026-04-28,CAT-37,5.0,2.0
2026-04-28,CAT-38,5.0,2.0
2026-04-28,CAT-39,5.0,2.0
2026-04-28,CAT-40,6.0,2.0
2026-04-28,CAT-41,6.0,2.0
2026-04-28,CAT-42,5.0,2.0
2026-04-28,CAT-43,4.0,2.0
2026-04-28,CAT-44,6.0,2.0
2026-04-28,CAT-45,6.0,2.0
2026-04-28,CAT-46,5.0,2.0
2026-04-28,CAT-47,6.0,2.0
2026-04-28,CAT-48,3.0,2.0
2026-04-28,CAT-49,4.0,2.0
2026-04-29,CAT-01,4.0,2.0
2026-04-29,CAT-02,6.0,2.0
2026-04-29,CAT-03,6.0,2.0
2026-04-29,CAT-04,7.0,2.0
2026-04-29,CAT-05,4.0,2.0
2026-04-29,CAT-06,3.0,2.0
2026-04-29,CAT-07,7.0,2.0
2026-04-29,CAT-08,8.0,2.0
2026-04-29,CAT-09,6.0,2.0
2026-04-29,CAT-10,6.0,2.0
2026-04-29,CAT-11,3.0,2.0
2026-04-29,CAT-12,3.0,2.0
2026-04-29,CAT-13,5.0,2.0
2026-04-29,CAT-14,7.0,2.0
2026-04-29,CAT-15,4.0,2.0
2026-04-29,CAT-16,6.0,2.0
2026-04-29,CAT-17,5.0,2.0
2026-04-29,CAT-18,4.0,2.0
2026-04-29,CAT-19,5.0,2.0
2026-04-29,CAT-20,7.0,2.0
2026-04-29,CAT-21,4.0,2.0
2026-04-29,CAT-22,7.0,2.0
2026-04-29,CAT-23,7.0,2.0
2026-04-29,CAT-24,4.0,2.0
2026-04-29,CAT-25,8.0,2.0
2026-04-29,CAT-26,6.0,2.0
2026-04-29,CAT-27,6.0,2.0
2026-04-29,CAT-28,5.0,2.0
2026-04-29,CAT-29,7.0,2.0
2026-04-29,CAT-30,8.0,2.0
2026-04-29,CAT-31,4.0,2.0
2026-04-29,CAT-32,4.0,2.0
2026-04-29,CAT-33,5.0,2.0
2026-04-29,CAT-34,8.0,2.0
2026-04-29,CAT-35,7.0,2.0
2026-04-29,CAT-36,4.0,2.0
2026-04-29,CAT-37,5.0,2.0
2026-04-29,CAT-38,5.0,2.0
2026-04-29,CAT-39,5.0,2.0
2026-04-29,CAT-40,6.0,2.0
2026-04-29,CAT-41,6.0,2.0
2026-04-29,CAT-42,5.0,2.0
2026-04-29,CAT-43,4.0,2.0
2026-04-29,CAT-44,6.0,2.0
2026-04-29,CAT-45,6.0,2.0
2026-04-29,CAT-46,5.0,2.0
2026-04-29,CAT-47,6.0,2.0
2026-04-29,CAT-48,3.0,2.0
2026-04-29,CAT-49,4.0,2.0
2026-04-30,CAT-01,4.0,2.0
2026-04-30,CAT-02,6.0,2.0
2026-04-30,CAT-03,6.0,2.0
2026-04-30,CAT-04,7.0,2.0
2026-04-30,CAT-05,4.0,2.0
2026-04-30,CAT-06,3.0,2.0
2026-04-30,CAT-07,7.0,2.0
2026-04-30,CAT-08,8.0,2.0
2026-04-30,CAT-09,6.0,2.0
2026-04-30,CAT-10,6.0,2.0
2026-04-30,CAT-11,3.0,2.0
2026-04-30,CAT-12,3.0,2.0
2026-04-30,CAT-13,5.0,2.0
2026-04-30,CAT-14,7.0,2.0
2026-04-30,CAT-15,4.0,2.0
2026-04-30,CAT-16,6.0,2.0
2026-04-30,CAT-17,5.0,2.0
2026-04-30,CAT-18,4.0,2.0
2026-04-30,CAT-19,5.0,2.0
2026-04-30,CAT-20,7.0,2.0
2026-04-30,CAT-21,4.0,2.0
2026-04-30,CAT-22,7.0,2.0
2026-04-30,CAT-23,7.0,2.0
2026-04-30,CAT-24,4.0,2.0
2026-04-30,CAT-25,8.0,2.0
2026-04-30,CAT-26,6.0,2.0
2026-04-30,CAT-27,6.0,2.0
2026-04-30,CAT-28,5.0,2.0
2026-04-30,CAT-29,7.0,2.0
2026-04-30,CAT-30,8.0,2.0
2026-04-30,CAT-31,4.0,2.0
2026-04-30,CAT-32,4.0,2.0
2026-04-30,CAT-33,5.0,2.0
2026-04-30,CAT-34,8.0,2.0
2026-04-30,CAT-35,7.0,2.0
2026-04-30,CAT-36,4.0,2.0
2026-04-30,CAT-37,5.0,2.0
2026-04-30,CAT-38,5.0,2.0
2026-04-30,CAT-39,5.0,2.0
2026-04-30,CAT-40,6.0,2.0
2026-04-30,CAT-41,6.0,2.0
2026-04-30,CAT-42,5.0,2.0
2026-04-30,CAT-43,4.0,2.0
2026-04-30,CAT-44,6.0,2.0
2026-04-30,CAT-45,6.0,2.0
2026-04-30,CAT-46,5.0,2.0
2026-04-30,CAT-47,6.0,2.0
2026-04-30,CAT-48,3.0,2.0
2026-04-30,CAT-49,4.0,2.0
2026-05-01,CAT-01,4.0,4.0
2026-05-01,CAT-02,6.0,4.0
2026-05-01,CAT-03,6.0,4.0
2026-05-01,CAT-04,7.0,4.0
2026-05-01,CAT-05,4.0,4.0
2026-05-01,CAT-06,3.0,4.0
2026-05-01,CAT-07,7.0,4.0
2026-05-01,CAT-08,8.0,4.0
2026-05-01,CAT-09,6.0,4.0
2026-05-01,CAT-10,6.0,4.0
2026-05-01,CAT-11,3.0,4.0
2026-05-01,CAT-12,3.0,4.0
2026-05-01,CAT-13,5.0,4.0
2026-05-01,CAT-14,7.0,4.0
2026-05-01,CAT-15,4.0,4.0
2026-05-01,CAT-16,6.0,4.0
2026-05-01,CAT-17,5.0,4.0
2026-05-01,CAT-18,4.0,4.0
2026-05-01,CAT-19,5.0,4.0
2026-05-01,CAT-20,7.0,4.0
2026-05-01,CAT-21,4.0,4.0
2026-05-01,CAT-22,7.0,4.0
2026-05-01,CAT-23,7.0,4.0
2026-05-01,CAT-24,4.0,4.0
2026-05-01,CAT-25,8.0,4.0
2026-05-01,CAT-26,6.0,4.0
2026-05-01,CAT-27,6.0,4.0
2026-05-01,CAT-28,5.0,4.0
2026-05-01,CAT-29,7.0,4.0
2026-05-01,CAT-30,8.0,4.0
2026-05-01,CAT-31,4.0,4.0
2026-05-01,CAT-32,4.0,4.0
2026-05-01,CAT-33,5.0,4.0
2026-05-01,CAT-34,8.0,4.0
2026-05-01,CAT-35,7.0,4.0
2026-05-01,CAT-36,4.0,4.0
2026-05-01,CAT-37,5.0,4.0
2026-05-01,CAT-38,5.0,4.0
2026-05-01,CAT-39,5.0,4.0
2026-05-01,CAT-40,6.0,4.0
2026-05-01,CAT-41,6.0,4.0
2026-05-01,CAT-42,5.0,4.0
2026-05-01,CAT-43,4.0,4.0
2026-05-01,CAT-44,6.0,4.0
2026-05-01,CAT-45,6.0,4.0
2026-05-01,CAT-46,5.0,4.0
2026-05-01,CAT-47,6.0,4.0
2026-05-01,CAT-48,3.0,4.0
2026-05-01,CAT-49,4.0,4.0
2026-05-02,CAT-01,4.0,2.0
2026-05-02,CAT-02,6.0,2.0
2026-05-02,CAT-03,6.0,2.0
2026-05-02,CAT-04,7.0,2.0
2026-05-02,CAT-05,4.0,2.0
2026-05-02,CAT-06,3.0,2.0
2026-05-02,CAT-07,7.0,2.0
2026-05-02,CAT-08,8.0,2.0
2026-05-02,CAT-09,6.0,2.0
2026-05-02,CAT-10,6.0,2.0
2026-05-02,CAT-11,3.0,2.0
2026-05-02,CAT-12,3.0,2.0
2026-05-02,CAT-13,5.0,2.0
2026-05-02,CAT-14,7.0,2.0
2026-05-02,CAT-15,4.0,2.0
2026-05-02,CAT-16,6.0,2.0
2026-05-02,CAT-17,5.0,2.0
2026-05-02,CAT-18,4.0,2.0
2026-05-02,CAT-19,5.0,2.0
2026-05-02,CAT-20,7.0,2.0
2026-05-02,CAT-21,4.0,2.0
2026-05-02,CAT-22,7.0,2.0
2026-05-02,CAT-23,7.0,2.0
2026-05-02,CAT-24,4.0,2.0
2026-05-02,CAT-25,8.0,2.0
2026-05-02,CAT-26,6.0,2.0
2026-05-02,CAT-27,6.0,2.0
2026-05-02,CAT-28,5.0,2.0
2026-05-02,CAT-29,7.0,2.0
2026-05-02,CAT-30,8.0,2.0
2026-05-02,CAT-31,4.0,2.0
2026-05-02,CAT-32,4.0,2.0
2026-05-02,CAT-33,5.0,2.0
2026-05-02,CAT-34,8.0,2.0
2026-05-02,CAT-35,7.0,2.0
2026-05-02,CAT-36,4.0,2.0
2026-05-02,CAT-37,5.0,2.0
2026-05-02,CAT-38,5.0,2.0
2026-05-02,CAT-39,5.0,2.0
2026-05-02,CAT-40,6.0,2.0
2026-05-02,CAT-41,6.0,2.0
2026-05-02,CAT-42,5.0,2.0
2026-05-02,CAT-43,4.0,2.0
2026-05-02,CAT-44,6.0,2.0
2026-05-02,CAT-45,6.0,2.0
2026-05-02,CAT-46,5.0,2.0
2026-05-02,CAT-47,6.0,2.0
2026-05-02,CAT-48,3.0,2.0
2026-05-02,CAT-49,4.0,2.0
2026-05-03,CAT-01,4.0,2.0
2026-05-03,CAT-02,6.0,2.0
2026-05-03,CAT-03,6.0,2.0
2026-05-03,CAT-04,7.0,2.0
2026-05-03,CAT-05,4.0,2.0
2026-05-03,CAT-06,3.0,2.0
2026-05-03,CAT-07,7.0,2.0
2026-05-03,CAT-08,8.0,2.0
2026-05-03,CAT-09,6.0,2.0
2026-05-03,CAT-10,6.0,2.0
2026-05-03,CAT-11,3.0,2.0
2026-05-03,CAT-12,3.0,2.0
2026-05-03,CAT-13,5.0,2.0
2026-05-03,CAT-14,7.0,2.0
2026-05-03,CAT-15,4.0,2.0
2026-05-03,CAT-16,6.0,2.0
2026-05-03,CAT-17,5.0,2.0
2026-05-03,CAT-18,4.0,2.0
2026-05-03,CAT-19,5.0,2.0
2026-05-03,CAT-20,7.0,2.0
2026-05-03,CAT-21,4.0,2.0
2026-05-03,CAT-22,7.0,2.0
2026-05-03,CAT-23,7.0,2.0
2026-05-03,CAT-24,4.0,2.0
2026-05-03,CAT-25,8.0,2.0
2026-05-03,CAT-26,6.0,2.0
2026-05-03,CAT-27,6.0,2.0
2026-05-03,CAT-28,5.0,2.0
2026-05-03,CAT-29,7.0,2.0
2026-05-03,CAT-30,8.0,2.0
2026-05-03,CAT-31,4.0,2.0
2026-05-03,CAT-32,4.0,2.0
2026-05-03,CAT-33,5.0,2.0
2026-05-03,CAT-34,8.0,2.0
2026-05-03,CAT-35,7.0,2.0
2026-05-03,CAT-36,4.0,2.0
2026-05-03,CAT-37,5.0,2.0
2026-05-03,CAT-38,5.0,2.0
2026-05-03,CAT-39,5.0,2.0
2026-05-03,CAT-40,6.0,2.0
2026-05-03,CAT-41,6.0,2.0
2026-05-03,CAT-42,5.0,2.0
2026-05-03,CAT-43,4.0,2.0
2026-05-03,CAT-44,6.0,2.0
2026-05-03,CAT-45,6.0,2.0
2026-05-03,CAT-46,5.0,2.0
2026-05-03,CAT-47,6.0,2.0
2026-05-03,CAT-48,3.0,2.0
2026-05-03,CAT-49,4.0,2.0
2026-05-04,CAT-01,4.0,2.0
2026-05-04,CAT-02,6.0,2.0
2026-05-04,CAT-03,6.0,2.0
2026-05-04,CAT-04,7.0,2.0
2026-05-04,CAT-05,4.0,2.0
2026-05-04,CAT-06,3.0,2.0
2026-05-04,CAT-07,7.0,2.0
2026-05-04,CAT-08,8.0,2.0
2026-05-04,CAT-09,6.0,2.0
2026-05-04,CAT-10,6.0,2.0
2026-05-04,CAT-11,3.0,2.0
2026-05-04,CAT-12,3.0,2.0
2026-05-04,CAT-13,5.0,2.0
2026-05-04,CAT-14,7.0,2.0
2026-05-04,CAT-15,4.0,2.0
2026-05-04,CAT-16,6.0,2.0
2026-05-04,CAT-17,5.0,2.0
2026-05-04,CAT-18,4.0,2.0
2026-05-04,CAT-19,5.0,2.0
2026-05-04,CAT-20,7.0,2.0
2026-05-04,CAT-21,4.0,2.0
2026-05-04,CAT-22,7.0,2.0
2026-05-04,CAT-23,7.0,2.0
2026-05-04,CAT-24,4.0,2.0
2026-05-04,CAT-25,8.0,2.0
2026-05-04,CAT-26,6.0,2.0
2026-05-04,CAT-27,6.0,2.0
2026-05-04,CAT-28,5.0,2.0
2026-05-04,CAT-29,7.0,2.0
2026-05-04,CAT-30,8.0,2.0
2026-05-04,CAT-31,4.0,2.0
2026-05-04,CAT-32,4.0,2.0
2026-05-04,CAT-33,5.0,2.0
2026-05-04,CAT-34,8.0,2.0
2026-05-04,CAT-35,7.0,2.0
2026-05-04,CAT-36,4.0,2.0
2026-05-04,CAT-37,5.0,2.0
2026-05-04,CAT-38,5.0,2.0
2026-05-04,CAT-39,5.0,2.0
2026-05-04,CAT-40,6.0,2.0
2026-05-04,CAT-41,6.0,2.0
2026-05-04,CAT-42,5.0,2.0
2026-05-04,CAT-43,4.0,2.0
2026-05-04,CAT-44,6.0,2.0
2026-05-04,CAT-45,6.0,2.0
2026-05-04,CAT-46,5.0,2.0
2026-05-04,CAT-47,6.0,2.0
2026-05-04,CAT-48,3.0,2.0
2026-05-04,CAT-49,4.0,2.0
2026-05-05,CAT-01,4.0,2.0
2026-05-05,CAT-02,6.0,2.0
2026-05-05,CAT-03,6.0,2.0
2026-05-05,CAT-04,7.0,2.0
2026-05-05,CAT-05,4.0,2.0
2026-05-05,CAT-06,3.0,2.0
2026-05-05,CAT-07,7.0,2.0
2026-05-05,CAT-08,8.0,2.0
2026-05-05,CAT-09,6.0,2.0
2026-05-05,CAT-10,6.0,2.0
2026-05-05,CAT-11,3.0,2.0
2026-05-05,CAT-12,3.0,2.0
2026-05-05,CAT-13,5.0,2.0
2026-05-05,CAT-14,7.0,2.0
2026-05-05,CAT-15,4.0,2.0
2026-05-05,CAT-16,6.0,2.0
2026-05-05,CAT-17,5.0,2.0
2026-05-05,CAT-18,4.0,2.0
2026-05-05,CAT-19,5.0,2.0
2026-05-05,CAT-20,7.0,2.0
2026-05-05,CAT-21,4.0,2.0
2026-05-05,CAT-22,7.0,2.0
2026-05-05,CAT-23,7.0,2.0
2026-05-05,CAT-24,4.0,2.0
2026-05-05,CAT-25,8.0,2.0
2026-05-05,CAT-26,6.0,2.0
2026-05-05,CAT-27,6.0,2.0
2026-05-05,CAT-28,5.0,2.0
2026-05-05,CAT-29,7.0,2.0
2026-05-05,CAT-30,8.0,2.0
2026-05-05,CAT-31,4.0,2.0
2026-05-05,CAT-32,4.0,2.0
2026-05-05,CAT-33,5.0,2.0
2026-05-05,CAT-34,8.0,2.0
2026-05-05,CAT-35,7.0,2.0
2026-05-05,CAT-36,4.0,2.0
2026-05-05,CAT-37,5.0,2.0
2026-05-05,CAT-38,5.0,2.0
2026-05-05,CAT-39,5.0,2.0
2026-05-05,CAT-40,6.0,2.0
2026-05-05,CAT-41,6.0,2.0
2026-05-05,CAT-42,5.0,2.0
2026-05-05,CAT-43,4.0,2.0
2026-05-05,CAT-44,6.0,2.0
2026-05-05,CAT-45,6.0,2.0
2026-05-05,CAT-46,5.0,2.0
2026-05-05,CAT-47,6.0,2.0
2026-05-05,CAT-48,3.0,2.0
2026-05-05,CAT-49,4.0,2.0
2026-05-06,CAT-01,4.0,2.0
2026-05-06,CAT-02,6.0,2.0
2026-05-06,CAT-03,6.0,2.0
2026-05-06,CAT-04,7.0,2.0
2026-05-06,CAT-05,4.0,2.0
2026-05-06,CAT-06,3.0,2.0
2026-05-06,CAT-07,7.0,2.0
2026-05-06,CAT-08,8.0,2.0
2026-05-06,CAT-09,6.0,2.0
2026-05-06,CAT-10,6.0,2.0
2026-05-06,CAT-11,3.0,2.0
2026-05-06,CAT-12,3.0,2.0
2026-05-06,CAT-13,5.0,2.0
2026-05-06,CAT-14,7.0,2.0
2026-05-06,CAT-15,4.0,2.0
2026-05-06,CAT-16,6.0,2.0
2026-05-06,CAT-17,5.0,2.0
2026-05-06,CAT-18,4.0,2.0
2026-05-06,CAT-19,5.0,2.0
2026-05-06,CAT-20,7.0,2.0
2026-05-06,CAT-21,4.0,2.0
2026-05-06,CAT-22,7.0,2.0
2026-05-06,CAT-23,7.0,2.0
2026-05-06,CAT-24,4.0,2.0
2026-05-06,CAT-25,8.0,2.0
2026-05-06,CAT-26,6.0,2.0
2026-05-06,CAT-27,6.0,2.0
2026-05-06,CAT-28,5.0,2.0
2026-05-06,CAT-29,7.0,2.0
2026-05-06,CAT-30,8.0,2.0
2026-05-06,CAT-31,4.0,2.0
2026-05-06,CAT-32,4.0,2.0
2026-05-06,CAT-33,5.0,2.0
2026-05-06,CAT-34,8.0,2.0
2026-05-06,CAT-35,7.0,2.0
2026-05-06,CAT-36,4.0,2.0
2026-05-06,CAT-37,5.0,2.0
2026-05-06,CAT-38,5.0,2.0
2026-05-06,CAT-39,5.0,2.0
2026-05-06,CAT-40,6.0,2.0
2026-05-06,CAT-41,6.0,2.0
2026-05-06,CAT-42,5.0,2.0
2026-05-06,CAT-43,4.0,2.0
2026-05-06,CAT-44,6.0,2.0
2026-05-06,CAT-45,6.0,2.0
2026-05-06,CAT-46,5.0,2.0
2026-05-06,CAT-47,6.0,2.0
2026-05-06,CAT-48,3.0,2.0
2026-05-06,CAT-49,4.0,2.0
2026-05-07,CAT-01,4.0,2.0
2026-05-07,CAT-02,6.0,2.0
2026-05-07,CAT-03,6.0,2.0
2026-05-07,CAT-04,7.0,2.0
2026-05-07,CAT-05,4.0,2.0
2026-05-07,CAT-06,3.0,2.0
2026-05-07,CAT-07,7.0,2.0
2026-05-07,CAT-08,8.0,2.0
2026-05-07,CAT-09,6.0,2.0
2026-05-07,CAT-10,6.0,2.0
2026-05-07,CAT-11,3.0,2.0
2026-05-07,CAT-12,3.0,2.0
2026-05-07,CAT-13,5.0,2.0
2026-05-07,CAT-14,7.0,2.0
2026-05-07,CAT-15,4.0,2.0
2026-05-07,CAT-16,6.0,2.0
2026-05-07,CAT-17,5.0,2.0
2026-05-07,CAT-18,4.0,2.0
2026-05-07,CAT-19,5.0,2.0
2026-05-07,CAT-20,7.0,2.0
2026-05-07,CAT-21,4.0,2.0
2026-05-07,CAT-22,7.0,2.0
2026-05-07,CAT-23,7.0,2.0
2026-05-07,CAT-24,4.0,2.0
2026-05-07,CAT-25,8.0,2.0
2026-05-07,CAT-26,6.0,2.0
2026-05-07,CAT-27,6.0,2.0
2026-05-07,CAT-28,5.0,2.0
2026-05-07,CAT-29,7.0,2.0
2026-05-07,CAT-30,8.0,2.0
2026-05-07,CAT-31,4.0,2.0
2026-05-07,CAT-32,4.0,2.0
2026-05-07,CAT-33,5.0,2.0
2026-05-07,CAT-34,8.0,2.0
2026-05-07,CAT-35,7.0,2.0
2026-05-07,CAT-36,4.0,2.0
2026-05-07,CAT-37,5.0,2.0
2026-05-07,CAT-38,5.0,2.0
2026-05-07,CAT-39,5.0,2.0
2026-05-07,CAT-40,6.0,2.0
2026-05-07,CAT-41,6.0,2.0
2026-05-07,CAT-42,5.0,2.0
2026-05-07,CAT-43,4.0,2.0
2026-05-07,CAT-44,6.0,2.0
2026-05-07,CAT-45,6.0,2.0
2026-05-07,CAT-46,5.0,2.0
2026-05-07,CAT-47,6.0,2.0
2026-05-07,CAT-48,3.0,2.0
2026-05-07,CAT-49,4.0,2.0
2026-05-08,CAT-01,4.0,2.0
2026-05-08,CAT-02,6.0,2.0
2026-05-08,CAT-03,6.0,2.0
2026-05-08,CAT-04,7.0,2.0
2026-05-08,CAT-05,4.0,2.0
2026-05-08,CAT-06,3.0,2.0
2026-05-08,CAT-07,7.0,2.0
2026-05-08,CAT-08,8.0,2.0
2026-05-08,CAT-09,6.0,2.0
2026-05-08,CAT-10,6.0,2.0
2026-05-08,CAT-11,3.0,2.0
2026-05-08,CAT-12,3.0,2.0
2026-05-08,CAT-13,5.0,2.0
2026-05-08,CAT-14,7.0,2.0
2026-05-08,CAT-15,4.0,2.0
2026-05-08,CAT-16,6.0,2.0
2026-05-08,CAT-17,5.0,2.0
2026-05-08,CAT-18,4.0,2.0
2026-05-08,CAT-19,5.0,2.0
2026-05-08,CAT-20,7.0,2.0
2026-05-08,CAT-21,4.0,2.0
2026-05-08,CAT-22,7.0,2.0
2026-05-08,CAT-23,7.0,2.0
2026-05-08,CAT-24,4.0,2.0
2026-05-08,CAT-25,8.0,2.0
2026-05-08,CAT-26,6.0,2.0
2026-05-08,CAT-27,6.0,2.0
2026-05-08,CAT-28,5.0,2.0
2026-05-08,CAT-29,7.0,2.0
2026-05-08,CAT-30,8.0,2.0
2026-05-08,CAT-31,4.0,2.0
2026-05-08,CAT-32,4.0,2.0
2026-05-08,CAT-33,5.0,2.0
2026-05-08,CAT-34,8.0,2.0
2026-05-08,CAT-35,7.0,2.0
2026-05-08,CAT-36,4.0,2.0
2026-05-08,CAT-37,5.0,2.0
2026-05-08,CAT-38,5.0,2.0
2026-05-08,CAT-39,5.0,2.0
2026-05-08,CAT-40,6.0,2.0
2026-05-08,CAT-41,6.0,2.0
2026-05-08,CAT-42,5.0,2.0
2026-05-08,CAT-43,4.0,2.0
2026-05-08,CAT-44,6.0,2.0
2026-05-08,CAT-45,6.0,2.0
2026-05-08,CAT-46,5.0,2.0
2026-05-08,CAT-47,6.0,2.0
2026-05-08,CAT-48,3.0,2.0
2026-05-08,CAT-49,4.0,2.0
2026-05-09,CAT-01,4.0,2.0
2026-05-09,CAT-02,6.0,2.0
2026-05-09,CAT-03,6.0,2.0
2026-05-09,CAT-04,7.0,2.0
2026-05-09,CAT-05,4.0,2.0
2026-05-09,CAT-06,3.0,2.0
2026-05-09,CAT-07,7.0,2.0
2026-05-09,CAT-08,8.0,2.0
2026-05-09,CAT-09,6.0,2.0
2026-05-09,CAT-10,6.0,2.0
2026-05-09,CAT-11,3.0,2.0
2026-05-09,CAT-12,3.0,2.0
2026-05-09,CAT-13,5.0,2.0
2026-05-09,CAT-14,7.0,2.0
2026-05-09,CAT-15,4.0,2.0
2026-05-09,CAT-16,6.0,2.0
2026-05-09,CAT-17,5.0,2.0
2026-05-09,CAT-18,4.0,2.0
2026-05-09,CAT-19,5.0,2.0
2026-05-09,CAT-20,7.0,2.0
2026-05-09,CAT-21,4.0,2.0
2026-05-09,CAT-22,7.0,2.0
2026-05-09,CAT-23,7.0,2.0
2026-05-09,CAT-24,4.0,2.0
2026-05-09,CAT-25,8.0,2.0
2026-05-09,CAT-26,6.0,2.0
2026-05-09,CAT-27,6.0,2.0
2026-05-09,CAT-28,5.0,2.0
2026-05-09,CAT-29,7.0,2.0
2026-05-09,CAT-30,8.0,2.0
2026-05-09,CAT-31,4.0,2.0
2026-05-09,CAT-32,4.0,2.0
2026-05-09,CAT-33,5.0,2.0
2026-05-09,CAT-34,8.0,2.0
2026-05-09,CAT-35,7.0,2.0
2026-05-09,CAT-36,4.0,2.0
2026-05-09,CAT-37,5.0,2.0
2026-05-09,CAT-38,5.0,2.0
2026-05-09,CAT-39,5.0,2.0
2026-05-09,CAT-40,6.0,2.0
2026-05-09,CAT-41,6.0,2.0
2026-05-09,CAT-42,5.0,2.0
2026-05-09,CAT-43,4.0,2.0
2026-05-09,CAT-44,6.0,2.0
2026-05-09,CAT-45,6.0,2.0
2026-05-09,CAT-46,5.0,2.0
2026-05-09,CAT-47,6.0,2.0
2026-05-09,CAT-48,3.0,2.0
2026-05-09,CAT-49,4.0,2.0
2026-05-10,CAT-01,4.0,2.0
2026-05-10,CAT-02,6.0,2.0
2026-05-10,CAT-03,6.0,2.0
2026-05-10,CAT-04,7.0,2.0
2026-05-10,CAT-05,4.0,2.0
2026-05-10,CAT-06,3.0,2.0
2026-05-10,CAT-07,7.0,2.0
2026-05-10,CAT-08,8.0,2.0
2026-05-10,CAT-09,6.0,2.0
2026-05-10,CAT-10,6.0,2.0
2026-05-10,CAT-11,3.0,2.0
2026-05-10,CAT-12,3.0,2.0
2026-05-10,CAT-13,5.0,2.0
2026-05-10,CAT-14,7.0,2.0
2026-05-10,CAT-15,4.0,2.0
2026-05-10,CAT-16,6.0,2.0
2026-05-10,CAT-17,5.0,2.0
2026-05-10,CAT-18,4.0,2.0
2026-05-10,CAT-19,5.0,2.0
2026-05-10,CAT-20,7.0,2.0
2026-05-10,CAT-21,4.0,2.0
2026-05-10,CAT-22,7.0,2.0
2026-05-10,CAT-23,7.0,2.0
2026-05-10,CAT-24,4.0,2.0
2026-05-10,CAT-25,8.0,2.0
2026-05-10,CAT-26,6.0,2.0
2026-05-10,CAT-27,6.0,2.0
2026-05-10,CAT-28,5.0,2.0
2026-05-10,CAT-29,7.0,2.0
2026-05-10,CAT-30,8.0,2.0
2026-05-10,CAT-31,4.0,2.0
2026-05-10,CAT-32,4.0,2.0
2026-05-10,CAT-33,5.0,2.0
2026-05-10,CAT-34,8.0,2.0
2026-05-10,CAT-35,7.0,2.0
2026-05-10,CAT-36,4.0,2.0
2026-05-10,CAT-37,5.0,2.0
2026-05-10,CAT-38,5.0,2.0
2026-05-10,CAT-39,5.0,2.0
2026-05-10,CAT-40,6.0,2.0
2026-05-10,CAT-41,6.0,2.0
2026-05-10,CAT-42,5.0,2.0
2026-05-10,CAT-43,4.0,2.0
2026-05-10,CAT-44,6.0,2.0
2026-05-10,CAT-45,6.0,2.0
2026-05-10,CAT-46,5.0,2.0
2026-05-10,CAT-47,6.0,2.0
2026-05-10,CAT-48,3.0,2.0
2026-05-10,CAT-49,4.0,2.0
2026-05-11,CAT-01,4.0,2.0
2026-05-11,CAT-02,6.0,2.0
2026-05-11,CAT-03,6.0,2.0
2026-05-11,CAT-04,7.0,2.0
2026-05-11,CAT-05,4.0,2.0
2026-05-11,CAT-06,3.0,2.0
2026-05-11,CAT-07,7.0,2.0
2026-05-11,CAT-08,8.0,2.0
2026-05-11,CAT-09,6.0,2.0
2026-05-11,CAT-10,6.0,2.0
2026-05-11,CAT-11,3.0,2.0
2026-05-11,CAT-12,3.0,2.0
2026-05-11,CAT-13,5.0,2.0
2026-05-11,CAT-14,7.0,2.0
2026-05-11,CAT-15,4.0,2.0
2026-05-11,CAT-16,6.0,2.0
2026-05-11,CAT-17,5.0,2.0
2026-05-11,CAT-18,4.0,2.0
2026-05-11,CAT-19,5.0,2.0
2026-05-11,CAT-20,7.0,2.0
2026-05-11,CAT-21,4.0,2.0
2026-05-11,CAT-22,7.0,2.0
2026-05-11,CAT-23,7.0,2.0
2026-05-11,CAT-24,4.0,2.0
2026-05-11,CAT-25,8.0,2.0
2026-05-11,CAT-26,6.0,2.0
2026-05-11,CAT-27,6.0,2.0
2026-05-11,CAT-28,5.0,2.0
2026-05-11,CAT-29,7.0,2.0
2026-05-11,CAT-30,8.0,2.0
2026-05-11,CAT-31,4.0,2.0
2026-05-11,CAT-32,4.0,2.0
2026-05-11,CAT-33,5.0,2.0
2026-05-11,CAT-34,8.0,2.0
2026-05-11,CAT-35,7.0,2.0
2026-05-11,CAT-36,4.0,2.0
2026-05-11,CAT-37,5.0,2.0
2026-05-11,CAT-38,5.0,2.0
2026-05-11,CAT-39,5.0,2.0
2026-05-11,CAT-40,6.0,2.0
2026-05-11,CAT-41,6.0,2.0
2026-05-11,CAT-42,5.0,2.0
2026-05-11,CAT-43,4.0,2.0
2026-05-11,CAT-44,6.0,2.0
2026-05-11,CAT-45,6.0,2.0
2026-05-11,CAT-46,5.0,2.0
2026-05-11,CAT-47,6.0,2.0
2026-05-11,CAT-48,3.0,2.0
2026-05-11,CAT-49,4.0,2.0
2026-05-12,CAT-01,4.0,2.0
2026-05-12,CAT-02,6.0,2.0
2026-05-12,CAT-03,6.0,2.0
2026-05-12,CAT-04,7.0,2.0
2026-05-12,CAT-05,4.0,2.0
2026-05-12,CAT-06,3.0,2.0
2026-05-12,CAT-07,7.0,2.0
2026-05-12,CAT-08,8.0,2.0
2026-05-12,CAT-09,6.0,2.0
2026-05-12,CAT-10,6.0,2.0
2026-05-12,CAT-11,3.0,2.0
2026-05-12,CAT-12,3.0,2.0
2026-05-12,CAT-13,5.0,2.0
2026-05-12,CAT-14,7.0,2.0
2026-05-12,CAT-15,4.0,2.0
2026-05-12,CAT-16,6.0,2.0
2026-05-12,CAT-17,5.0,2.0
2026-05-12,CAT-18,4.0,2.0
2026-05-12,CAT-19,5.0,2.0
2026-05-12,CAT-20,7.0,2.0
2026-05-12,CAT-21,4.0,2.0
2026-05-12,CAT-22,7.0,2.0
2026-05-12,CAT-23,7.0,2.0
2026-05-12,CAT-24,4.0,2.0
2026-05-12,CAT-25,8.0,2.0
2026-05-12,CAT-26,6.0,2.0
2026-05-12,CAT-27,6.0,2.0
2026-05-12,CAT-28,5.0,2.0
2026-05-12,CAT-29,7.0,2.0
2026-05-12,CAT-30,8.0,2.0
2026-05-12,CAT-31,4.0,2.0
2026-05-12,CAT-32,4.0,2.0
2026-05-12,CAT-33,5.0,2.0
2026-05-12,CAT-34,8.0,2.0
2026-05-12,CAT-35,7.0,2.0
2026-05-12,CAT-36,4.0,2.0
2026-05-12,CAT-37,5.0,2.0
2026-05-12,CAT-38,5.0,2.0
2026-05-12,CAT-39,5.0,2.0
2026-05-12,CAT-40,6.0,2.0
2026-05-12,CAT-41,6.0,2.0
2026-05-12,CAT-42,5.0,2.0
2026-05-12,CAT-43,4.0,2.0
2026-05-12,CAT-44,6.0,2.0
2026-05-12,CAT-45,6.0,2.0
2026-05-12,CAT-46,5.0,2.0
2026-05-12,CAT-47,6.0,2.0
2026-05-12,CAT-48,3.0,2.0
2026-05-12,CAT-49,4.0,2.0
2026-05-13,CAT-01,4.0,4.0
2026-05-13,CAT-02,6.0,4.0
2026-05-13,CAT-03,6.0,4.0
2026-05-13,CAT-04,7.0,4.0
2026-05-13,CAT-05,4.0,4.0
2026-05-13,CAT-06,3.0,4.0
2026-05-13,CAT-07,7.0,4.0
2026-05-13,CAT-08,8.0,4.0
2026-05-13,CAT-09,6.0,4.0
2026-05-13,CAT-10,6.0,4.0
2026-05-13,CAT-11,3.0,4.0
2026-05-13,CAT-12,3.0,4.0
2026-05-13,CAT-13,5.0,4.0
2026-05-13,CAT-14,7.0,4.0
2026-05-13,CAT-15,4.0,4.0
2026-05-13,CAT-16,6.0,4.0
2026-05-13,CAT-17,5.0,4.0
2026-05-13,CAT-18,4.0,4.0
2026-05-13,CAT-19,5.0,4.0
2026-05-13,CAT-20,7.0,4.0
2026-05-13,CAT-21,4.0,4.0
2026-05-13,CAT-22,7.0,4.0
2026-05-13,CAT-23,7.0,4.0
2026-05-13,CAT-24,4.0,4.0
2026-05-13,CAT-25,8.0,4.0
2026-05-13,CAT-26,6.0,4.0
2026-05-13,CAT-27,6.0,4.0
2026-05-13,CAT-28,5.0,4.0
2026-05-13,CAT-29,7.0,4.0
2026-05-13,CAT-30,8.0,4.0
2026-05-13,CAT-31,4.0,4.0
2026-05-13,CAT-32,4.0,4.0
2026-05-13,CAT-33,5.0,4.0
2026-05-13,CAT-34,8.0,4.0
2026-05-13,CAT-35,7.0,4.0
2026-05-13,CAT-36,4.0,4.0
2026-05-13,CAT-37,5.0,4.0
2026-05-13,CAT-38,5.0,4.0
2026-05-13,CAT-39,5.0,4.0
2026-05-13,CAT-40,6.0,4.0
2026-05-13,CAT-41,6.0,4.0
2026-05-13,CAT-42,5.0,4.0
2026-05-13,CAT-43,4.0,4.0
2026-05-13,CAT-44,6.0,4.0
2026-05-13,CAT-45,6.0,4.0
2026-05-13,CAT-46,5.0,4.0
2026-05-13,CAT-47,6.0,4.0
2026-05-13,CAT-48,3.0,4.0
2026-05-13,CAT-49,4.0,4.0
2026-05-14,CAT-01,4.0,2.0
2026-05-14,CAT-02,6.0,2.0
2026-05-14,CAT-03,6.0,2.0
2026-05-14,CAT-04,7.0,2.0
2026-05-14,CAT-05,4.0,2.0
2026-05-14,CAT-06,3.0,2.0
2026-05-14,CAT-07,7.0,2.0
2026-05-14,CAT-08,8.0,2.0
2026-05-14,CAT-09,6.0,2.0
2026-05-14,CAT-10,6.0,2.0
2026-05-14,CAT-11,3.0,2.0
2026-05-14,CAT-12,3.0,2.0
2026-05-14,CAT-13,5.0,2.0
2026-05-14,CAT-14,7.0,2.0
2026-05-14,CAT-15,4.0,2.0
2026-05-14,CAT-16,6.0,2.0
2026-05-14,CAT-17,5.0,2.0
2026-05-14,CAT-18,4.0,2.0
2026-05-14,CAT-19,5.0,2.0
2026-05-14,CAT-20,7.0,2.0
2026-05-14,CAT-21,4.0,2.0
2026-05-14,CAT-22,7.0,2.0
2026-05-14,CAT-23,7.0,2.0
2026-05-14,CAT-24,4.0,2.0
2026-05-14,CAT-25,8.0,2.0
2026-05-14,CAT-26,6.0,2.0
2026-05-14,CAT-27,6.0,2.0
2026-05-14,CAT-28,5.0,2.0
2026-05-14,CAT-29,7.0,2.0
2026-05-14,CAT-30,8.0,2.0
2026-05-14,CAT-31,4.0,2.0
2026-05-14,CAT-32,4.0,2.0
2026-05-14,CAT-33,5.0,2.0
2026-05-14,CAT-34,8.0,2.0
2026-05-14,CAT-35,7.0,2.0
2026-05-14,CAT-36,4.0,2.0
2026-05-14,CAT-37,5.0,2.0
2026-05-14,CAT-38,5.0,2.0
2026-05-14,CAT-39,5.0,2.0
2026-05-14,CAT-40,6.0,2.0
2026-05-14,CAT-41,6.0,2.0
2026-05-14,CAT-42,5.0,2.0
2026-05-14,CAT-43,4.0,2.0
2026-05-14,CAT-44,6.0,2.0
2026-05-14,CAT-45,6.0,2.0
2026-05-14,CAT-46,5.0,2.0
2026-05-14,CAT-47,6.0,2.0
2026-05-14,CAT-48,3.0,2.0
2026-05-14,CAT-49,4.0,2.0
2026-05-15,CAT-01,4.0,2.0
2026-05-15,CAT-02,6.0,2.0
2026-05-15,CAT-03,6.0,2.0
2026-05-15,CAT-04,7.0,2.0
2026-05-15,CAT-05,4.0,2.0
2026-05-15,CAT-06,3.0,2.0
2026-05-15,CAT-07,7.0,2.0
2026-05-15,CAT-08,8.0,2.0
2026-05-15,CAT-09,6.0,2.0
2026-05-15,CAT-10,6.0,2.0
2026-05-15,CAT-11,3.0,2.0
2026-05-15,CAT-12,3.0,2.0
2026-05-15,CAT-13,5.0,2.0
2026-05-15,CAT-14,7.0,2.0
2026-05-15,CAT-15,4.0,2.0
2026-05-15,CAT-16,6.0,2.0
2026-05-15,CAT-17,7.0,6.0
2026-05-15,CAT-18,4.0,2.0
2026-05-15,CAT-19,7.0,6.0
2026-05-15,CAT-20,7.0,2.0
2026-05-15,CAT-21,4.0,2.0
2026-05-15,CAT-22,7.0,2.0
2026-05-15,CAT-23,7.0,2.0
2026-05-15,CAT-24,4.0,2.0
2026-05-15,CAT-25,8.0,2.0
2026-05-15,CAT-26,6.0,2.0
2026-05-15,CAT-27,6.0,2.0
2026-05-15,CAT-28,5.0,2.0
2026-05-15,CAT-29,7.0,2.0
2026-05-15,CAT-30,8.0,2.0
2026-05-15,CAT-31,4.0,2.0
2026-05-15,CAT-32,6.0,6.0
2026-05-15,CAT-33,5.0,2.0
2026-05-15,CAT-34,8.0,2.0
2026-05-15,CAT-35,7.0,2.0
2026-05-15,CAT-36,4.0,2.0
2026-05-15,CAT-37,5.0,2.0
2026-05-15,CAT-38,5.0,2.0
2026-05-15,CAT-39,5.0,2.0
2026-05-15,CAT-40,6.0,2.0
2026-05-15,CAT-41,6.0,2.0
2026-05-15,CAT-42,5.0,2.0
2026-05-15,CAT-43,4.0,2.0
2026-05-15,CAT-44,6.0,2.0
2026-05-15,CAT-45,6.0,2.0
2026-05-15,CAT-46,5.0,2.0
2026-05-15,CAT-47,6.0,2.0
2026-05-15,CAT-48,3.0,2.0
2026-05-15,CAT-49,4.0,2.0
2026-05-16,CAT-01,4.0,2.0
2026-05-16,CAT-02,6.0,2.0
2026-05-16,CAT-03,6.0,2.0
2026-05-16,CAT-04,7.0,2.0
2026-05-16,CAT-05,4.0,2.0
2026-05-16,CAT-06,3.0,2.0
2026-05-16,CAT-07,7.0,2.0
2026-05-16,CAT-08,8.0,2.0
2026-05-16,CAT-09,6.0,2.0
2026-05-16,CAT-10,6.0,2.0
2026-05-16,CAT-11,3.0,2.0
2026-05-16,CAT-12,3.0,2.0
2026-05-16,CAT-13,5.0,2.0
2026-05-16,CAT-14,7.0,2.0
2026-05-16,CAT-15,4.0,2.0
2026-05-16,CAT-16,6.0,2.0
2026-05-16,CAT-17,7.0,6.0
2026-05-16,CAT-18,4.0,2.0
2026-05-16,CAT-19,7.0,6.0
2026-05-16,CAT-20,7.0,2.0
2026-05-16,CAT-21,4.0,2.0
2026-05-16,CAT-22,7.0,2.0
2026-05-16,CAT-23,7.0,2.0
2026-05-16,CAT-24,4.0,2.0
2026-05-16,CAT-25,8.0,2.0
2026-05-16,CAT-26,6.0,2.0
2026-05-16,CAT-27,6.0,2.0
2026-05-16,CAT-28,5.0,2.0
2026-05-16,CAT-29,7.0,2.0
2026-05-16,CAT-30,8.0,2.0
2026-05-16,CAT-31,4.0,2.0
2026-05-16,CAT-32,6.0,6.0
2026-05-16,CAT-33,5.0,2.0
2026-05-16,CAT-34,8.0,2.0
2026-05-16,CAT-35,7.0,2.0
2026-05-16,CAT-36,4.0,2.0
2026-05-16,CAT-37,5.0,2.0
2026-05-16,CAT-38,5.0,2.0
2026-05-16,CAT-39,5.0,2.0
2026-05-16,CAT-40,6.0,2.0
2026-05-16,CAT-41,6.0,2.0
2026-05-16,CAT-42,5.0,2.0
2026-05-16,CAT-43,4.0,2.0
2026-05-16,CAT-44,6.0,2.0
2026-05-16,CAT-45,6.0,2.0
2026-05-16,CAT-46,5.0,2.0
2026-05-16,CAT-47,6.0,2.0
2026-05-16,CAT-48,3.0,2.0
2026-05-16,CAT-49,4.0,2.0
2026-05-17,CAT-01,4.0,2.0
2026-05-17,CAT-02,6.0,2.0
2026-05-17,CAT-03,6.0,2.0
2026-05-17,CAT-04,7.0,2.0
2026-05-17,CAT-05,4.0,2.0
2026-05-17,CAT-06,3.0,2.0
2026-05-17,CAT-07,7.0,2.0
2026-05-17,CAT-08,8.0,2.0
2026-05-17,CAT-09,6.0,2.0
2026-05-17,CAT-10,6.0,2.0
2026-05-17,CAT-11,3.0,2.0
2026-05-17,CAT-12,3.0,2.0
2026-05-17,CAT-13,5.0,2.0
2026-05-17,CAT-14,7.0,2.0
2026-05-17,CAT-15,4.0,2.0
2026-05-17,CAT-16,6.0,2.0
2026-05-17,CAT-17,7.0,6.0
2026-05-17,CAT-18,4.0,2.0
2026-05-17,CAT-19,7.0,6.0
2026-05-17,CAT-20,7.0,2.0
2026-05-17,CAT-21,4.0,2.0
2026-05-17,CAT-22,7.0,2.0
2026-05-17,CAT-23,7.0,2.0
2026-05-17,CAT-24,4.0,2.0
2026-05-17,CAT-25,8.0,2.0
2026-05-17,CAT-26,6.0,2.0
2026-05-17,CAT-27,6.0,2.0
2026-05-17,CAT-28,5.0,2.0
2026-05-17,CAT-29,7.0,2.0
2026-05-17,CAT-30,8.0,2.0
2026-05-17,CAT-31,4.0,2.0
2026-05-17,CAT-32,6.0,6.0
2026-05-17,CAT-33,5.0,2.0
2026-05-17,CAT-34,8.0,2.0
2026-05-17,CAT-35,7.0,2.0
2026-05-17,CAT-36,4.0,2.0
2026-05-17,CAT-37,5.0,2.0
2026-05-17,CAT-38,5.0,2.0
2026-05-17,CAT-39,5.0,2.0
2026-05-17,CAT-40,6.0,2.0
2026-05-17,CAT-41,6.0,2.0
2026-05-17,CAT-42,5.0,2.0
2026-05-17,CAT-43,4.0,2.0
2026-05-17,CAT-44,6.0,2.0
2026-05-17,CAT-45,6.0,2.0
2026-05-17,CAT-46,5.0,2.0
2026-05-17,CAT-47,6.0,2.0
2026-05-17,CAT-48,3.0,2.0
2026-05-17,CAT-49,4.0,2.0
2026-05-18,CAT-01,4.0,2.0
2026-05-18,CAT-02,6.0,2.0
2026-05-18,CAT-03,6.0,2.0
2026-05-18,CAT-04,7.0,2.0
2026-05-18,CAT-05,4.0,2.0
2026-05-18,CAT-06,3.0,2.0
2026-05-18,CAT-07,7.0,2.0
2026-05-18,CAT-08,8.0,2.0
2026-05-18,CAT-09,6.0,2.0
2026-05-18,CAT-10,6.0,2.0
2026-05-18,CAT-11,3.0,2.0
2026-05-18,CAT-12,3.0,2.0
2026-05-18,CAT-13,5.0,2.0
2026-05-18,CAT-14,7.0,2.0
2026-05-18,CAT-15,4.0,2.0
2026-05-18,CAT-16,6.0,2.0
2026-05-18,CAT-17,7.0,6.0
2026-05-18,CAT-18,4.0,2.0
2026-05-18,CAT-19,7.0,6.0
2026-05-18,CAT-20,7.0,2.0
2026-05-18,CAT-21,4.0,2.0
2026-05-18,CAT-22,7.0,2.0
2026-05-18,CAT-23,7.0,2.0
2026-05-18,CAT-24,4.0,2.0
2026-05-18,CAT-25,8.0,2.0
2026-05-18,CAT-26,6.0,2.0
2026-05-18,CAT-27,6.0,2.0
2026-05-18,CAT-28,5.0,2.0
2026-05-18,CAT-29,7.0,2.0
2026-05-18,CAT-30,8.0,2.0
2026-05-18,CAT-31,4.0,2.0
2026-05-18,CAT-32,6.0,6.0
2026-05-18,CAT-33,5.0,2.0
2026-05-18,CAT-34,8.0,2.0
2026-05-18,CAT-35,7.0,2.0
2026-05-18,CAT-36,4.0,2.0
2026-05-18,CAT-37,5.0,2.0
2026-05-18,CAT-38,5.0,2.0
2026-05-18,CAT-39,5.0,2.0
2026-05-18,CAT-40,6.0,2.0
2026-05-18,CAT-41,6.0,2.0
2026-05-18,CAT-42,5.0,2.0
2026-05-18,CAT-43,4.0,2.0
2026-05-18,CAT-44,6.0,2.0
2026-05-18,CAT-45,6.0,2.0
2026-05-18,CAT-46,5.0,2.0
2026-05-18,CAT-47,6.0,2.0
2026-05-18,CAT-48,3.0,2.0
2026-05-18,CAT-49,4.0,2.0
2026-05-19,CAT-01,4.0,2.0
2026-05-19,CAT-02,6.0,2.0
2026-05-19,CAT-03,6.0,2.0
2026-05-19,CAT-04,7.0,2.0
2026-05-19,CAT-05,4.0,2.0
2026-05-19,CAT-06,3.0,2.0
2026-05-19,CAT-07,7.0,2.0
2026-05-19,CAT-08,8.0,2.0
2026-05-19,CAT-09,6.0,2.0
2026-05-19,CAT-10,6.0,2.0
2026-05-19,CAT-11,3.0,2.0
2026-05-19,CAT-12,3.0,2.0
2026-05-19,CAT-13,5.0,2.0
2026-05-19,CAT-14,7.0,2.0
2026-05-19,CAT-15,4.0,2.0
2026-05-19,CAT-16,6.0,2.0
2026-05-19,CAT-17,7.0,6.0
2026-05-19,CAT-18,4.0,2.0
2026-05-19,CAT-19,7.0,6.0
2026-05-19,CAT-20,7.0,2.0
2026-05-19,CAT-21,4.0,2.0
2026-05-19,CAT-22,7.0,2.0
2026-05-19,CAT-23,7.0,2.0
2026-05-19,CAT-24,4.0,2.0
2026-05-19,CAT-25,8.0,2.0
2026-05-19,CAT-26,6.0,2.0
2026-05-19,CAT-27,6.0,2.0
2026-05-19,CAT-28,5.0,2.0
2026-05-19,CAT-29,7.0,2.0
2026-05-19,CAT-30,8.0,2.0
2026-05-19,CAT-31,4.0,2.0
2026-05-19,CAT-32,6.0,6.0
2026-05-19,CAT-33,5.0,2.0
2026-05-19,CAT-34,8.0,2.0
2026-05-19,CAT-35,7.0,2.0
2026-05-19,CAT-36,4.0,2.0
2026-05-19,CAT-37,5.0,2.0
2026-05-19,CAT-38,5.0,2.0
2026-05-19,CAT-39,5.0,2.0
2026-05-19,CAT-40,6.0,2.0
2026-05-19,CAT-41,6.0,2.0
2026-05-19,CAT-42,5.0,2.0
2026-05-19,CAT-43,4.0,2.0
2026-05-19,CAT-44,6.0,2.0
2026-05-19,CAT-45,6.0,2.0
2026-05-19,CAT-46,5.0,2.0
2026-05-19,CAT-47,6.0,2.0
2026-05-19,CAT-48,3.0,2.0
2026-05-19,CAT-49,4.0,2.0
2026-05-20,CAT-01,4.0,2.0
2026-05-20,CAT-02,6.0,2.0
2026-05-20,CAT-03,6.0,2.0
2026-05-20,CAT-04,7.0,2.0
2026-05-20,CAT-05,4.0,2.0
2026-05-20,CAT-06,3.0,2.0
2026-05-20,CAT-07,7.0,2.0
2026-05-20,CAT-08,8.0,2.0
2026-05-20,CAT-09,6.0,2.0
2026-05-20,CAT-10,6.0,2.0
2026-05-20,CAT-11,3.0,2.0
2026-05-20,CAT-12,3.0,2.0
2026-05-20,CAT-13,5.0,2.0
2026-05-20,CAT-14,7.0,2.0
2026-05-20,CAT-15,4.0,2.0
2026-05-20,CAT-16,6.0,2.0
2026-05-20,CAT-17,5.0,2.0
2026-05-20,CAT-18,4.0,2.0
2026-05-20,CAT-19,5.0,2.0
2026-05-20,CAT-20,7.0,2.0
2026-05-20,CAT-21,4.0,2.0
2026-05-20,CAT-22,7.0,2.0
2026-05-20,CAT-23,7.0,2.0
2026-05-20,CAT-24,4.0,2.0
2026-05-20,CAT-25,8.0,2.0
2026-05-20,CAT-26,6.0,2.0
2026-05-20,CAT-27,6.0,2.0
2026-05-20,CAT-28,5.0,2.0
2026-05-20,CAT-29,7.0,2.0
2026-05-20,CAT-30,8.0,2.0
2026-05-20,CAT-31,4.0,2.0
2026-05-20,CAT-32,4.0,2.0
2026-05-20,CAT-33,5.0,2.0
2026-05-20,CAT-34,8.0,2.0
2026-05-20,CAT-35,7.0,2.0
2026-05-20,CAT-36,4.0,2.0
2026-05-20,CAT-37,5.0,2.0
2026-05-20,CAT-38,5.0,2.0
2026-05-20,CAT-39,5.0,2.0
2026-05-20,CAT-40,6.0,2.0
2026-05-20,CAT-41,6.0,2.0
2026-05-20,CAT-42,5.0,2.0
2026-05-20,CAT-43,4.0,2.0
2026-05-20,CAT-44,6.0,2.0
2026-05-20,CAT-45,6.0,2.0
2026-05-20,CAT-46,5.0,2.0
2026-05-20,CAT-47,6.0,2.0
2026-05-20,CAT-48,3.0,2.0
2026-05-20,CAT-49,4.0,2.0
2026-05-21,CAT-01,4.0,2.0
2026-05-21,CAT-02,6.0,2.0
2026-05-21,CAT-03,6.0,2.0
2026-05-21,CAT-04,7.0,2.0
2026-05-21,CAT-05,4.0,2.0
2026-05-21,CAT-06,3.0,2.0
2026-05-21,CAT-07,7.0,2.0
2026-05-21,CAT-08,8.0,2.0
2026-05-21,CAT-09,6.0,2.0
2026-05-21,CAT-10,6.0,2.0
2026-05-21,CAT-11,3.0,2.0
2026-05-21,CAT-12,3.0,2.0
2026-05-21,CAT-13,5.0,2.0
2026-05-21,CAT-14,7.0,2.0
2026-05-21,CAT-15,4.0,2.0
2026-05-21,CAT-16,6.0,2.0
2026-05-21,CAT-17,5.0,2.0
2026-05-21,CAT-18,4.0,2.0
2026-05-21,CAT-19,5.0,2.0
2026-05-21,CAT-20,7.0,2.0
2026-05-21,CAT-21,4.0,2.0
2026-05-21,CAT-22,7.0,2.0
2026-05-21,CAT-23,7.0,2.0
2026-05-21,CAT-24,4.0,2.0
2026-05-21,CAT-25,8.0,2.0
2026-05-21,CAT-26,6.0,2.0
2026-05-21,CAT-27,6.0,2.0
2026-05-21,CAT-28,5.0,2.0
2026-05-21,CAT-29,7.0,2.0
2026-05-21,CAT-30,8.0,2.0
2026-05-21,CAT-31,4.0,2.0
2026-05-21,CAT-32,4.0,2.0
2026-05-21,CAT-33,5.0,2.0
2026-05-21,CAT-34,8.0,2.0
2026-05-21,CAT-35,7.0,2.0
2026-05-21,CAT-36,4.0,2.0
2026-05-21,CAT-37,5.0,2.0
2026-05-21,CAT-38,5.0,2.0
2026-05-21,CAT-39,5.0,2.0
2026-05-21,CAT-40,6.0,2.0
2026-05-21,CAT-41,6.0,2.0
2026-05-21,CAT-42,5.0,2.0
2026-05-21,CAT-43,4.0,2.0
2026-05-21,CAT-44,6.0,2.0
2026-05-21,CAT-45,6.0,2.0
2026-05-21,CAT-46,5.0,2.0
2026-05-21,CAT-47,6.0,2.0
2026-05-21,CAT-48,3.0,2.0
2026-05-21,CAT-49,4.0,2.0
2026-05-22,CAT-01,4.0,2.0
2026-05-22,CAT-02,6.0,2.0
2026-05-22,CAT-03,6.0,2.0
2026-05-22,CAT-04,7.0,2.0
2026-05-22,CAT-05,4.0,2.0
2026-05-22,CAT-06,3.0,2.0
2026-05-22,CAT-07,7.0,2.0
2026-05-22,CAT-08,8.0,2.0
2026-05-22,CAT-09,6.0,2.0
2026-05-22,CAT-10,6.0,2.0
2026-05-22,CAT-11,3.0,2.0
2026-05-22,CAT-12,3.0,2.0
2026-05-22,CAT-13,5.0,2.0
2026-05-22,CAT-14,7.0,2.0
2026-05-22,CAT-15,4.0,2.0
2026-05-22,CAT-16,6.0,2.0
2026-05-22,CAT-17,5.0,2.0
2026-05-22,CAT-18,4.0,2.0
2026-05-22,CAT-19,5.0,2.0
2026-05-22,CAT-20,7.0,2.0
2026-05-22,CAT-21,4.0,2.0
2026-05-22,CAT-22,7.0,2.0
2026-05-22,CAT-23,7.0,2.0
2026-05-22,CAT-24,4.0,2.0
2026-05-22,CAT-25,8.0,2.0
2026-05-22,CAT-26,6.0,2.0
2026-05-22,CAT-27,6.0,2.0
2026-05-22,CAT-28,5.0,2.0
2026-05-22,CAT-29,7.0,2.0
2026-05-22,CAT-30,8.0,2.0
2026-05-22,CAT-31,4.0,2.0
2026-05-22,CAT-32,4.0,2.0
2026-05-22,CAT-33,5.0,2.0
2026-05-22,CAT-34,8.0,2.0
2026-05-22,CAT-35,7.0,2.0
2026-05-22,CAT-36,4.0,2.0
2026-05-22,CAT-37,5.0,2.0
2026-05-22,CAT-38,5.0,2.0
2026-05-22,CAT-39,5.0,2.0
2026-05-22,CAT-40,6.0,2.0
2026-05-22,CAT-41,6.0,2.0
2026-05-22,CAT-42,5.0,2.0
2026-05-22,CAT-43,4.0,2.0
2026-05-22,CAT-44,6.0,2.0
2026-05-22,CAT-45,6.0,2.0
2026-05-22,CAT-46,5.0,2.0
2026-05-22,CAT-47,6.0,2.0
2026-05-22,CAT-48,3.0,2.0
2026-05-22,CAT-49,4.0,2.0
2026-05-23,CAT-01,4.0,2.0
2026-05-23,CAT-02,6.0,2.0
2026-05-23,CAT-03,6.0,2.0
2026-05-23,CAT-04,7.0,2.0
2026-05-23,CAT-05,4.0,2.0
2026-05-23,CAT-06,3.0,2.0
2026-05-23,CAT-07,7.0,2.0
2026-05-23,CAT-08,8.0,2.0
2026-05-23,CAT-09,6.0,2.0
2026-05-23,CAT-10,6.0,2.0
2026-05-23,CAT-11,3.0,2.0
2026-05-23,CAT-12,3.0,2.0
2026-05-23,CAT-13,5.0,2.0
2026-05-23,CAT-14,7.0,2.0
2026-05-23,CAT-15,4.0,2.0
2026-05-23,CAT-16,6.0,2.0
2026-05-23,CAT-17,5.0,2.0
2026-05-23,CAT-18,4.0,2.0
2026-05-23,CAT-19,5.0,2.0
2026-05-23,CAT-20,7.0,2.0
2026-05-23,CAT-21,4.0,2.0
2026-05-23,CAT-22,7.0,2.0
2026-05-23,CAT-23,7.0,2.0
2026-05-23,CAT-24,4.0,2.0
2026-05-23,CAT-25,8.0,2.0
2026-05-23,CAT-26,6.0,2.0
2026-05-23,CAT-27,6.0,2.0
2026-05-23,CAT-28,5.0,2.0
2026-05-23,CAT-29,7.0,2.0
2026-05-23,CAT-30,8.0,2.0
2026-05-23,CAT-31,4.0,2.0
2026-05-23,CAT-32,4.0,2.0
2026-05-23,CAT-33,5.0,2.0
2026-05-23,CAT-34,8.0,2.0
2026-05-23,CAT-35,7.0,2.0
2026-05-23,CAT-36,4.0,2.0
2026-05-23,CAT-37,5.0,2.0
2026-05-23,CAT-38,5.0,2.0
2026-05-23,CAT-39,5.0,2.0
2026-05-23,CAT-40,6.0,2.0
2026-05-23,CAT-41,6.0,2.0
2026-05-23,CAT-42,5.0,2.0
2026-05-23,CAT-43,4.0,2.0
2026-05-23,CAT-44,6.0,2.0
2026-05-23,CAT-45,6.0,2.0
2026-05-23,CAT-46,5.0,2.0
2026-05-23,CAT-47,6.0,2.0
2026-05-23,CAT-48,3.0,2.0
2026-05-23,CAT-49,4.0,2.0
2026-05-24,CAT-01,4.0,2.0
2026-05-24,CAT-02,6.0,2.0
2026-05-24,CAT-03,6.0,2.0
2026-05-24,CAT-04,7.0,2.0
2026-05-24,CAT-05,4.0,2.0
2026-05-24,CAT-06,3.0,2.0
2026-05-24,CAT-07,7.0,2.0
2026-05-24,CAT-08,8.0,2.0
2026-05-24,CAT-09,6.0,2.0
2026-05-24,CAT-10,6.0,2.0
2026-05-24,CAT-11,3.0,2.0
2026-05-24,CAT-12,3.0,2.0
2026-05-24,CAT-13,5.0,2.0
2026-05-24,CAT-14,7.0,2.0
2026-05-24,CAT-15,4.0,2.0
2026-05-24,CAT-16,6.0,2.0
2026-05-24,CAT-17,5.0,2.0
2026-05-24,CAT-18,4.0,2.0
2026-05-24,CAT-19,5.0,2.0
2026-05-24,CAT-20,7.0,2.0
2026-05-24,CAT-21,4.0,2.0
2026-05-24,CAT-22,7.0,2.0
2026-05-24,CAT-23,7.0,2.0
2026-05-24,CAT-24,4.0,2.0
2026-05-24,CAT-25,8.0,2.0
2026-05-24,CAT-26,6.0,2.0
2026-05-24,CAT-27,6.0,2.0
2026-05-24,CAT-28,5.0,2.0
2026-05-24,CAT-29,7.0,2.0
2026-05-24,CAT-30,8.0,2.0
2026-05-24,CAT-31,4.0,2.0
2026-05-24,CAT-32,4.0,2.0
2026-05-24,CAT-33,5.0,2.0
2026-05-24,CAT-34,8.0,2.0
2026-05-24,CAT-35,7.0,2.0
2026-05-24,CAT-36,4.0,2.0
2026-05-24,CAT-37,5.0,2.0
2026-05-24,CAT-38,5.0,2.0
2026-05-24,CAT-39,5.0,2.0
2026-05-24,CAT-40,6.0,2.0
2026-05-24,CAT-41,6.0,2.0
2026-05-24,CAT-42,5.0,2.0
2026-05-24,CAT-43,4.0,2.0
2026-05-24,CAT-44,6.0,2.0
2026-05-24,CAT-45,6.0,2.0
2026-05-24,CAT-46,5.0,2.0
2026-05-24,CAT-47,6.0,2.0
2026-05-24,CAT-48,3.0,2.0
2026-05-24,CAT-49,4.0,2.0
2026-05-25,CAT-01,4.0,2.0
2026-05-25,CAT-02,6.0,2.0
2026-05-25,CAT-03,6.0,2.0
2026-05-25,CAT-04,7.0,2.0
2026-05-25,CAT-05,4.0,2.0
2026-05-25,CAT-06,3.0,2.0
2026-05-25,CAT-07,7.0,2.0
2026-05-25,CAT-08,8.0,2.0
2026-05-25,CAT-09,6.0,2.0
2026-05-25,CAT-10,6.0,2.0
2026-05-25,CAT-11,3.0,2.0
2026-05-25,CAT-12,3.0,2.0
2026-05-25,CAT-13,5.0,2.0
2026-05-25,CAT-14,7.0,2.0
2026-05-25,CAT-15,4.0,2.0
2026-05-25,CAT-16,6.0,2.0
2026-05-25,CAT-17,5.0,2.0
2026-05-25,CAT-18,4.0,2.0
2026-05-25,CAT-19,5.0,2.0
2026-05-25,CAT-20,7.0,2.0
2026-05-25,CAT-21,4.0,2.0
2026-05-25,CAT-22,7.0,2.0
2026-05-25,CAT-23,7.0,2.0
2026-05-25,CAT-24,4.0,2.0
2026-05-25,CAT-25,8.0,2.0
2026-05-25,CAT-26,6.0,2.0
2026-05-25,CAT-27,6.0,2.0
2026-05-25,CAT-28,5.0,2.0
2026-05-25,CAT-29,7.0,2.0
2026-05-25,CAT-30,8.0,2.0
2026-05-25,CAT-31,4.0,2.0
2026-05-25,CAT-32,4.0,2.0
2026-05-25,CAT-33,5.0,2.0
2026-05-25,CAT-34,8.0,2.0
2026-05-25,CAT-35,7.0,2.0
2026-05-25,CAT-36,4.0,2.0
2026-05-25,CAT-37,5.0,2.0
2026-05-25,CAT-38,5.0,2.0
2026-05-25,CAT-39,5.0,2.0
2026-05-25,CAT-40,6.0,2.0
2026-05-25,CAT-41,6.0,2.0
2026-05-25,CAT-42,5.0,2.0
2026-05-25,CAT-43,4.0,2.0
2026-05-25,CAT-44,6.0,2.0
2026-05-25,CAT-45,6.0,2.0
2026-05-25,CAT-46,5.0,2.0
2026-05-25,CAT-47,6.0,2.0
2026-05-25,CAT-48,3.0,2.0
2026-05-25,CAT-49,4.0,2.0
2026-05-26,CAT-01,4.0,2.0
2026-05-26,CAT-02,6.0,2.0
2026-05-26,CAT-03,6.0,2.0
2026-05-26,CAT-04,7.0,2.0
2026-05-26,CAT-05,4.0,2.0
2026-05-26,CAT-06,3.0,2.0
2026-05-26,CAT-07,7.0,2.0
2026-05-26,CAT-08,8.0,2.0
2026-05-26,CAT-09,6.0,2.0
2026-05-26,CAT-10,6.0,2.0
2026-05-26,CAT-11,3.0,2.0
2026-05-26,CAT-12,3.0,2.0
2026-05-26,CAT-13,5.0,2.0
2026-05-26,CAT-14,7.0,2.0
2026-05-26,CAT-15,4.0,2.0
2026-05-26,CAT-16,6.0,2.0
2026-05-26,CAT-17,5.0,2.0
2026-05-26,CAT-18,4.0,2.0
2026-05-26,CAT-19,5.0,2.0
2026-05-26,CAT-20,7.0,2.0
2026-05-26,CAT-21,4.0,2.0
2026-05-26,CAT-22,7.0,2.0
2026-05-26,CAT-23,7.0,2.0
2026-05-26,CAT-24,4.0,2.0
2026-05-26,CAT-25,8.0,2.0
2026-05-26,CAT-26,6.0,2.0
2026-05-26,CAT-27,6.0,2.0
2026-05-26,CAT-28,5.0,2.0
2026-05-26,CAT-29,7.0,2.0
2026-05-26,CAT-30,8.0,2.0
2026-05-26,CAT-31,4.0,2.0
2026-05-26,CAT-32,4.0,2.0
2026-05-26,CAT-33,5.0,2.0
2026-05-26,CAT-34,8.0,2.0
2026-05-26,CAT-35,7.0,2.0
2026-05-26,CAT-36,4.0,2.0
2026-05-26,CAT-37,5.0,2.0
2026-05-26,CAT-38,5.0,2.0
2026-05-26,CAT-39,5.0,2.0
2026-05-26,CAT-40,6.0,2.0
2026-05-26,CAT-41,6.0,2.0
2026-05-26,CAT-42,5.0,2.0
2026-05-26,CAT-43,4.0,2.0
2026-05-26,CAT-44,6.0,2.0
2026-05-26,CAT-45,6.0,2.0
2026-05-26,CAT-46,5.0,2.0
2026-05-26,CAT-47,6.0,2.0
2026-05-26,CAT-48,3.0,2.0
2026-05-26,CAT-49,4.0,2.0
2026-05-27,CAT-01,4.0,2.0
2026-05-27,CAT-02,6.0,2.0
2026-05-27,CAT-03,6.0,2.0
2026-05-27,CAT-04,7.0,2.0
2026-05-27,CAT-05,4.0,2.0
2026-05-27,CAT-06,3.0,2.0
2026-05-27,CAT-07,7.0,2.0
2026-05-27,CAT-08,8.0,2.0
2026-05-27,CAT-09,6.0,2.0
2026-05-27,CAT-10,6.0,2.0
2026-05-27,CAT-11,3.0,2.0
2026-05-27,CAT-12,3.0,2.0
2026-05-27,CAT-13,5.0,2.0
2026-05-27,CAT-14,7.0,2.0
2026-05-27,CAT-15,4.0,2.0
2026-05-27,CAT-16,6.0,2.0
2026-05-27,CAT-17,5.0,2.0
2026-05-27,CAT-18,4.0,2.0
2026-05-27,CAT-19,5.0,2.0
2026-05-27,CAT-20,7.0,2.0
2026-05-27,CAT-21,4.0,2.0
2026-05-27,CAT-22,7.0,2.0
2026-05-27,CAT-23,7.0,2.0
2026-05-27,CAT-24,4.0,2.0
2026-05-27,CAT-25,8.0,2.0
2026-05-27,CAT-26,6.0,2.0
2026-05-27,CAT-27,6.0,2.0
2026-05-27,CAT-28,5.0,2.0
2026-05-27,CAT-29,7.0,2.0
2026-05-27,CAT-30,8.0,2.0
2026-05-27,CAT-31,4.0,2.0
2026-05-27,CAT-32,4.0,2.0
2026-05-27,CAT-33,5.0,2.0
2026-05-27,CAT-34,8.0,2.0
2026-05-27,CAT-35,7.0,2.0
2026-05-27,CAT-36,4.0,2.0
2026-05-27,CAT-37,5.0,2.0
2026-05-27,CAT-38,5.0,2.0
2026-05-27,CAT-39,5.0,2.0
2026-05-27,CAT-40,6.0,2.0
2026-05-27,CAT-41,6.0,2.0
2026-05-27,CAT-42,5.0,2.0
2026-05-27,CAT-43,4.0,2.0
2026-05-27,CAT-44,6.0,2.0
2026-05-27,CAT-45,6.0,2.0
2026-05-27,CAT-46,5.0,2.0
2026-05-27,CAT-47,6.0,2.0
2026-05-27,CAT-48,3.0,2.0
2026-05-27,CAT-49,4.0,2.0
2026-05-28,CAT-01,4.0,2.0
2026-05-28,CAT-02,6.0,2.0
2026-05-28,CAT-03,6.0,2.0
2026-05-28,CAT-04,7.0,2.0
2026-05-28,CAT-05,4.0,2.0
2026-05-28,CAT-06,3.0,2.0
2026-05-28,CAT-07,7.0,2.0
2026-05-28,CAT-08,8.0,2.0
2026-05-28,CAT-09,6.0,2.0
2026-05-28,CAT-10,6.0,2.0
2026-05-28,CAT-11,3.0,2.0
2026-05-28,CAT-12,3.0,2.0
2026-05-28,CAT-13,5.0,2.0
2026-05-28,CAT-14,7.0,2.0
2026-05-28,CAT-15,4.0,2.0
2026-05-28,CAT-16,6.0,2.0
2026-05-28,CAT-17,5.0,2.0
2026-05-28,CAT-18,4.0,2.0
2026-05-28,CAT-19,5.0,2.0
2026-05-28,CAT-20,7.0,2.0
2026-05-28,CAT-21,4.0,2.0
2026-05-28,CAT-22,7.0,2.0
2026-05-28,CAT-23,7.0,2.0
2026-05-28,CAT-24,4.0,2.0
2026-05-28,CAT-25,8.0,2.0
2026-05-28,CAT-26,6.0,2.0
2026-05-28,CAT-27,6.0,2.0
2026-05-28,CAT-28,5.0,2.0
2026-05-28,CAT-29,7.0,2.0
2026-05-28,CAT-30,8.0,2.0
2026-05-28,CAT-31,4.0,2.0
2026-05-28,CAT-32,4.0,2.0
2026-05-28,CAT-33,5.0,2.0
2026-05-28,CAT-34,8.0,2.0
2026-05-28,CAT-35,7.0,2.0
2026-05-28,CAT-36,4.0,2.0
2026-05-28,CAT-37,5.0,2.0
2026-05-28,CAT-38,5.0,2.0
2026-05-28,CAT-39,5.0,2.0
2026-05-28,CAT-40,6.0,2.0
2026-05-28,CAT-41,6.0,2.0
2026-05-28,CAT-42,5.0,2.0
2026-05-28,CAT-43,4.0,2.0
2026-05-28,CAT-44,6.0,2.0
2026-05-28,CAT-45,6.0,2.0
2026-05-28,CAT-46,5.0,2.0
2026-05-28,CAT-47,6.0,2.0
2026-05-28,CAT-48,3.0,2.0
2026-05-28,CAT-49,4.0,2.0
2026-05-29,CAT-01,4.0,2.0
2026-05-29,CAT-02,6.0,2.0
2026-05-29,CAT-03,6.0,2.0
2026-05-29,CAT-04,7.0,2.0
2026-05-29,CAT-05,4.0,2.0
2026-05-29,CAT-06,3.0,2.0
2026-05-29,CAT-07,7.0,2.0
2026-05-29,CAT-08,8.0,2.0
2026-05-29,CAT-09,6.0,2.0
2026-05-29,CAT-10,6.0,2.0
2026-05-29,CAT-11,3.0,2.0
2026-05-29,CAT-12,3.0,2.0
2026-05-29,CAT-13,5.0,2.0
2026-05-29,CAT-14,7.0,2.0
2026-05-29,CAT-15,4.0,2.0
2026-05-29,CAT-16,6.0,2.0
2026-05-29,CAT-17,5.0,2.0
2026-05-29,CAT-18,4.0,2.0
2026-05-29,CAT-19,5.0,2.0
2026-05-29,CAT-20,7.0,2.0
2026-05-29,CAT-21,4.0,2.0
2026-05-29,CAT-22,7.0,2.0
2026-05-29,CAT-23,7.0,2.0
2026-05-29,CAT-24,4.0,2.0
2026-05-29,CAT-25,8.0,2.0
2026-05-29,CAT-26,6.0,2.0
2026-05-29,CAT-27,6.0,2.0
2026-05-29,CAT-28,5.0,2.0
2026-05-29,CAT-29,7.0,2.0
2026-05-29,CAT-30,8.0,2.0
2026-05-29,CAT-31,4.0,2.0
2026-05-29,CAT-32,4.0,2.0
2026-05-29,CAT-33,5.0,2.0
2026-05-29,CAT-34,8.0,2.0
2026-05-29,CAT-35,7.0,2.0
2026-05-29,CAT-36,4.0,2.0
2026-05-29,CAT-37,5.0,2.0
2026-05-29,CAT-38,5.0,2.0
2026-05-29,CAT-39,5.0,2.0
2026-05-29,CAT-40,6.0,2.0
2026-05-29,CAT-41,6.0,2.0
2026-05-29,CAT-42,5.0,2.0
2026-05-29,CAT-43,4.0,2.0
2026-05-29,CAT-44,6.0,2.0
2026-05-29,CAT-45,6.0,2.0
2026-05-29,CAT-46,5.0,2.0
2026-05-29,CAT-47,6.0,2.0
2026-05-29,CAT-48,3.0,2.0
2026-05-29,CAT-49,4.0,2.0
2026-05-30,CAT-01,4.0,2.0
2026-05-30,CAT-02,6.0,2.0
2026-05-30,CAT-03,6.0,2.0
2026-05-30,CAT-04,7.0,2.0
2026-05-30,CAT-05,4.0,2.0
2026-05-30,CAT-06,3.0,2.0
2026-05-30,CAT-07,7.0,2.0
2026-05-30,CAT-08,8.0,2.0
2026-05-30,CAT-09,6.0,2.0
2026-05-30,CAT-10,6.0,2.0
2026-05-30,CAT-11,3.0,2.0
2026-05-30,CAT-12,3.0,2.0
2026-05-30,CAT-13,5.0,2.0
2026-05-30,CAT-14,7.0,2.0
2026-05-30,CAT-15,4.0,2.0
2026-05-30,CAT-16,6.0,2.0
2026-05-30,CAT-17,5.0,2.0
2026-05-30,CAT-18,4.0,2.0
2026-05-30,CAT-19,5.0,2.0
2026-05-30,CAT-20,7.0,2.0
2026-05-30,CAT-21,4.0,2.0
2026-05-30,CAT-22,7.0,2.0
2026-05-30,CAT-23,7.0,2.0
2026-05-30,CAT-24,4.0,2.0
2026-05-30,CAT-25,8.0,2.0
2026-05-30,CAT-26,6.0,2.0
2026-05-30,CAT-27,6.0,2.0
2026-05-30,CAT-28,5.0,2.0
2026-05-30,CAT-29,7.0,2.0
2026-05-30,CAT-30,8.0,2.0
2026-05-30,CAT-31,4.0,2.0
2026-05-30,CAT-32,4.0,2.0
2026-05-30,CAT-33,5.0,2.0
2026-05-30,CAT-34,8.0,2.0
2026-05-30,CAT-35,7.0,2.0
2026-05-30,CAT-36,4.0,2.0
2026-05-30,CAT-37,5.0,2.0
2026-05-30,CAT-38,5.0,2.0
2026-05-30,CAT-39,5.0,2.0
2026-05-30,CAT-40,6.0,2.0
2026-05-30,CAT-41,6.0,2.0
2026-05-30,CAT-42,5.0,2.0
2026-05-30,CAT-43,4.0,2.0
2026-05-30,CAT-44,6.0,2.0
2026-05-30,CAT-45,6.0,2.0
2026-05-30,CAT-46,5.0,2.0
2026-05-30,CAT-47,6.0,2.0
2026-05-30,CAT-48,3.0,2.0
2026-05-30,CAT-49,4.0,2.0
2026-05-31,CAT-01,4.0,4.0
2026-05-31,CAT-02,6.0,4.0
2026-05-31,CAT-03,6.0,4.0
2026-05-31,CAT-04,7.0,4.0
2026-05-31,CAT-05,4.0,4.0
2026-05-31,CAT-06,3.0,4.0
2026-05-31,CAT-07,7.0,4.0
2026-05-31,CAT-08,8.0,4.0
2026-05-31,CAT-09,6.0,4.0
2026-05-31,CAT-10,6.0,4.0
2026-05-31,CAT-11,3.0,4.0
2026-05-31,CAT-12,3.0,4.0
2026-05-31,CAT-13,5.0,4.0
2026-05-31,CAT-14,7.0,4.0
2026-05-31,CAT-15,4.0,4.0
2026-05-31,CAT-16,6.0,4.0
2026-05-31,CAT-17,5.0,4.0
2026-05-31,CAT-18,4.0,4.0
2026-05-31,CAT-19,5.0,4.0
2026-05-31,CAT-20,7.0,4.0
2026-05-31,CAT-21,4.0,4.0
2026-05-31,CAT-22,7.0,4.0
2026-05-31,CAT-23,7.0,4.0
2026-05-31,CAT-24,4.0,4.0
2026-05-31,CAT-25,8.0,4.0
2026-05-31,CAT-26,6.0,4.0
2026-05-31,CAT-27,6.0,4.0
2026-05-31,CAT-28,5.0,4.0
2026-05-31,CAT-29,7.0,4.0
2026-05-31,CAT-30,8.0,4.0
2026-05-31,CAT-31,4.0,4.0
2026-05-31,CAT-32,4.0,4.0
2026-05-31,CAT-33,5.0,4.0
2026-05-31,CAT-34,8.0,4.0
2026-05-31,CAT-35,7.0,4.0
2026-05-31,CAT-36,4.0,4.0
2026-05-31,CAT-37,5.0,4.0
2026-05-31,CAT-38,5.0,4.0
2026-05-31,CAT-39,5.0,4.0
2026-05-31,CAT-40,6.0,4.0
2026-05-31,CAT-41,6.0,4.0
2026-05-31,CAT-42,5.0,4.0
2026-05-31,CAT-43,4.0,4.0
2026-05-31,CAT-44,6.0,4.0
2026-05-31,CAT-45,6.0,4.0
2026-05-31,CAT-46,5.0,4.0
2026-05-31,CAT-47,6.0,4.0
2026-05-31,CAT-48,3.0,4.0
2026-05-31,CAT-49,4.0,4.0
2026-06-01,CAT-01,4.0,2.0
2026-06-01,CAT-02,6.0,2.0
2026-06-01,CAT-03,6.0,2.0
2026-06-01,CAT-04,7.0,2.0
2026-06-01,CAT-05,4.0,2.0
2026-06-01,CAT-06,3.0,2.0
2026-06-01,CAT-07,7.0,2.0
2026-06-01,CAT-08,8.0,2.0
2026-06-01,CAT-09,6.0,2.0
2026-06-01,CAT-10,6.0,2.0
2026-06-01,CAT-11,3.0,2.0
2026-06-01,CAT-12,3.0,2.0
2026-06-01,CAT-13,5.0,2.0
2026-06-01,CAT-14,7.0,2.0
2026-06-01,CAT-15,4.0,2.0
2026-06-01,CAT-16,6.0,2.0
2026-06-01,CAT-17,5.0,2.0
2026-06-01,CAT-18,4.0,2.0
2026-06-01,CAT-19,5.0,2.0
2026-06-01,CAT-20,7.0,2.0
2026-06-01,CAT-21,4.0,2.0
2026-06-01,CAT-22,7.0,2.0
2026-06-01,CAT-23,7.0,2.0
2026-06-01,CAT-24,4.0,2.0
2026-06-01,CAT-25,8.0,2.0
2026-06-01,CAT-26,6.0,2.0
2026-06-01,CAT-27,6.0,2.0
2026-06-01,CAT-28,5.0,2.0
2026-06-01,CAT-29,7.0,2.0
2026-06-01,CAT-30,8.0,2.0
2026-06-01,CAT-31,4.0,2.0
2026-06-01,CAT-32,4.0,2.0
2026-06-01,CAT-33,5.0,2.0
2026-06-01,CAT-34,8.0,2.0
2026-06-01,CAT-35,7.0,2.0
2026-06-01,CAT-36,4.0,2.0
2026-06-01,CAT-37,5.0,2.0
2026-06-01,CAT-38,5.0,2.0
2026-06-01,CAT-39,5.0,2.0
2026-06-01,CAT-40,6.0,2.0
2026-06-01,CAT-41,6.0,2.0
2026-06-01,CAT-42,5.0,2.0
2026-06-01,CAT-43,4.0,2.0
2026-06-01,CAT-44,6.0,2.0
2026-06-01,CAT-45,6.0,2.0
2026-06-01,CAT-46,5.0,2.0
2026-06-01,CAT-47,6.0,2.0
2026-06-01,CAT-48,3.0,2.0
2026-06-01,CAT-49,4.0,2.0
2026-06-02,CAT-01,4.0,2.0
2026-06-02,CAT-02,6.0,2.0
2026-06-02,CAT-03,6.0,2.0
2026-06-02,CAT-04,7.0,2.0
2026-06-02,CAT-05,4.0,2.0
2026-06-02,CAT-06,3.0,2.0
2026-06-02,CAT-07,7.0,2.0
2026-06-02,CAT-08,8.0,2.0
2026-06-02,CAT-09,6.0,2.0
2026-06-02,CAT-10,6.0,2.0
2026-06-02,CAT-11,3.0,2.0
2026-06-02,CAT-12,3.0,2.0
2026-06-02,CAT-13,5.0,2.0
2026-06-02,CAT-14,7.0,2.0
2026-06-02,CAT-15,4.0,2.0
2026-06-02,CAT-16,6.0,2.0
2026-06-02,CAT-17,5.0,2.0
2026-06-02,CAT-18,4.0,2.0
2026-06-02,CAT-19,5.0,2.0
2026-06-02,CAT-20,7.0,2.0
2026-06-02,CAT-21,4.0,2.0
2026-06-02,CAT-22,7.0,2.0
2026-06-02,CAT-23,7.0,2.0
2026-06-02,CAT-24,4.0,2.0
2026-06-02,CAT-25,8.0,2.0
2026-06-02,CAT-26,6.0,2.0
2026-06-02,CAT-27,6.0,2.0
2026-06-02,CAT-28,5.0,2.0
2026-06-02,CAT-29,7.0,2.0
2026-06-02,CAT-30,8.0,2.0
2026-06-02,CAT-31,4.0,2.0
2026-06-02,CAT-32,4.0,2.0
2026-06-02,CAT-33,5.0,2.0
2026-06-02,CAT-34,8.0,2.0
2026-06-02,CAT-35,7.0,2.0
2026-06-02,CAT-36,4.0,2.0
2026-06-02,CAT-37,5.0,2.0
2026-06-02,CAT-38,5.0,2.0
2026-06-02,CAT-39,5.0,2.0
2026-06-02,CAT-40,6.0,2.0
2026-06-02,CAT-41,6.0,2.0
2026-06-02,CAT-42,5.0,2.0
2026-06-02,CAT-43,4.0,2.0
2026-06-02,CAT-44,6.0,2.0
2026-06-02,CAT-45,6.0,2.0
2026-06-02,CAT-46,5.0,2.0
2026-06-02,CAT-47,6.0,2.0
2026-06-02,CAT-48,3.0,2.0
2026-06-02,CAT-49,4.0,2.0
2026-06-03,CAT-01,4.0,2.0
2026-06-03,CAT-02,6.0,2.0
2026-06-03,CAT-03,6.0,2.0
2026-06-03,CAT-04,7.0,2.0
2026-06-03,CAT-05,4.0,2.0
2026-06-03,CAT-06,3.0,2.0
2026-06-03,CAT-07,7.0,2.0
2026-06-03,CAT-08,8.0,2.0
2026-06-03,CAT-09,6.0,2.0
2026-06-03,CAT-10,6.0,2.0
2026-06-03,CAT-11,3.0,2.0
2026-06-03,CAT-12,3.0,2.0
2026-06-03,CAT-13,5.0,2.0
2026-06-03,CAT-14,7.0,2.0
2026-06-03,CAT-15,4.0,2.0
2026-06-03,CAT-16,6.0,2.0
2026-06-03,CAT-17,5.0,2.0
2026-06-03,CAT-18,4.0,2.0
2026-06-03,CAT-19,5.0,2.0
2026-06-03,CAT-20,7.0,2.0
2026-06-03,CAT-21,4.0,2.0
2026-06-03,CAT-22,7.0,2.0
2026-06-03,CAT-23,7.0,2.0
2026-06-03,CAT-24,4.0,2.0
2026-06-03,CAT-25,8.0,2.0
2026-06-03,CAT-26,6.0,2.0
2026-06-03,CAT-27,6.0,2.0
2026-06-03,CAT-28,5.0,2.0
2026-06-03,CAT-29,7.0,2.0
2026-06-03,CAT-30,8.0,2.0
2026-06-03,CAT-31,4.0,2.0
2026-06-03,CAT-32,4.0,2.0
2026-06-03,CAT-33,5.0,2.0
2026-06-03,CAT-34,8.0,2.0
2026-06-03,CAT-35,7.0,2.0
2026-06-03,CAT-36,4.0,2.0
2026-06-03,CAT-37,5.0,2.0
2026-06-03,CAT-38,5.0,2.0
2026-06-03,CAT-39,5.0,2.0
2026-06-03,CAT-40,6.0,2.0
2026-06-03,CAT-41,6.0,2.0
2026-06-03,CAT-42,5.0,2.0
2026-06-03,CAT-43,4.0,2.0
2026-06-03,CAT-44,6.0,2.0
2026-06-03,CAT-45,6.0,2.0
2026-06-03,CAT-46,5.0,2.0
2026-06-03,CAT-47,6.0,2.0
2026-06-03,CAT-48,3.0,2.0
2026-06-03,CAT-49,4.0,2.0
2026-06-04,CAT-01,4.0,2.0
2026-06-04,CAT-02,6.0,2.0
2026-06-04,CAT-03,6.0,2.0
2026-06-04,CAT-04,7.0,2.0
2026-06-04,CAT-05,4.0,2.0
2026-06-04,CAT-06,3.0,2.0
2026-06-04,CAT-07,7.0,2.0
2026-06-04,CAT-08,8.0,2.0
2026-06-04,CAT-09,6.0,2.0
2026-06-04,CAT-10,6.0,2.0
2026-06-04,CAT-11,3.0,2.0
2026-06-04,CAT-12,3.0,2.0
2026-06-04,CAT-13,5.0,2.0
2026-06-04,CAT-14,7.0,2.0
2026-06-04,CAT-15,4.0,2.0
2026-06-04,CAT-16,6.0,2.0
2026-06-04,CAT-17,5.0,2.0
2026-06-04,CAT-18,4.0,2.0
2026-06-04,CAT-19,5.0,2.0
2026-06-04,CAT-20,7.0,2.0
2026-06-04,CAT-21,4.0,2.0
2026-06-04,CAT-22,7.0,2.0
2026-06-04,CAT-23,7.0,2.0
2026-06-04,CAT-24,4.0,2.0
2026-06-04,CAT-25,8.0,2.0
2026-06-04,CAT-26,6.0,2.0
2026-06-04,CAT-27,6.0,2.0
2026-06-04,CAT-28,5.0,2.0
2026-06-04,CAT-29,7.0,2.0
2026-06-04,CAT-30,8.0,2.0
2026-06-04,CAT-31,4.0,2.0
2026-06-04,CAT-32,4.0,2.0
2026-06-04,CAT-33,5.0,2.0
2026-06-04,CAT-34,8.0,2.0
2026-06-04,CAT-35,7.0,2.0
2026-06-04,CAT-36,4.0,2.0
2026-06-04,CAT-37,5.0,2.0
2026-06-04,CAT-38,5.0,2.0
2026-06-04,CAT-39,5.0,2.0
2026-06-04,CAT-40,6.0,2.0
2026-06-04,CAT-41,6.0,2.0
2026-06-04,CAT-42,5.0,2.0
2026-06-04,CAT-43,4.0,2.0
2026-06-04,CAT-44,6.0,2.0
2026-06-04,CAT-45,6.0,2.0
2026-06-04,CAT-46,5.0,2.0
2026-06-04,CAT-47,6.0,2.0
2026-06-04,CAT-48,3.0,2.0
2026-06-04,CAT-49,4.0,2.0
2026-06-05,CAT-01,4.0,2.0
2026-06-05,CAT-02,6.0,2.0
2026-06-05,CAT-03,6.0,2.0
2026-06-05,CAT-04,7.0,2.0
2026-06-05,CAT-05,4.0,2.0
2026-06-05,CAT-06,3.0,2.0
2026-06-05,CAT-07,7.0,2.0
2026-06-05,CAT-08,8.0,2.0
2026-06-05,CAT-09,6.0,2.0
2026-06-05,CAT-10,6.0,2.0
2026-06-05,CAT-11,3.0,2.0
2026-06-05,CAT-12,3.0,2.0
2026-06-05,CAT-13,5.0,2.0
2026-06-05,CAT-14,7.0,2.0
2026-06-05,CAT-15,4.0,2.0
2026-06-05,CAT-16,6.0,2.0
2026-06-05,CAT-17,5.0,2.0
2026-06-05,CAT-18,4.0,2.0
2026-06-05,CAT-19,5.0,2.0
2026-06-05,CAT-20,7.0,2.0
2026-06-05,CAT-21,4.0,2.0
2026-06-05,CAT-22,7.0,2.0
2026-06-05,CAT-23,7.0,2.0
2026-06-05,CAT-24,4.0,2.0
2026-06-05,CAT-25,8.0,2.0
2026-06-05,CAT-26,6.0,2.0
2026-06-05,CAT-27,6.0,2.0
2026-06-05,CAT-28,5.0,2.0
2026-06-05,CAT-29,7.0,2.0
2026-06-05,CAT-30,8.0,2.0
2026-06-05,CAT-31,4.0,2.0
2026-06-05,CAT-32,4.0,2.0
2026-06-05,CAT-33,5.0,2.0
2026-06-05,CAT-34,8.0,2.0
2026-06-05,CAT-35,7.0,2.0
2026-06-05,CAT-36,4.0,2.0
2026-06-05,CAT-37,5.0,2.0
2026-06-05,CAT-38,5.0,2.0
2026-06-05,CAT-39,5.0,2.0
2026-06-05,CAT-40,6.0,2.0
2026-06-05,CAT-41,6.0,2.0
2026-06-05,CAT-42,5.0,2.0
2026-06-05,CAT-43,4.0,2.0
2026-06-05,CAT-44,6.0,2.0
2026-06-05,CAT-45,6.0,2.0
2026-06-05,CAT-46,5.0,2.0
2026-06-05,CAT-47,6.0,2.0
2026-06-05,CAT-48,3.0,2.0
2026-06-05,CAT-49,4.0,2.0
2026-06-06,CAT-01,4.0,2.0
2026-06-06,CAT-02,6.0,2.0
2026-06-06,CAT-03,6.0,2.0
2026-06-06,CAT-04,7.0,2.0
2026-06-06,CAT-05,4.0,2.0
2026-06-06,CAT-06,3.0,2.0
2026-06-06,CAT-07,7.0,2.0
2026-06-06,CAT-08,8.0,2.0
2026-06-06,CAT-09,6.0,2.0
2026-06-06,CAT-10,6.0,2.0
2026-06-06,CAT-11,3.0,2.0
2026-06-06,CAT-12,3.0,2.0
2026-06-06,CAT-13,5.0,2.0
2026-06-06,CAT-14,7.0,2.0
2026-06-06,CAT-15,4.0,2.0
2026-06-06,CAT-16,6.0,2.0
2026-06-06,CAT-17,5.0,2.0
2026-06-06,CAT-18,4.0,2.0
2026-06-06,CAT-19,5.0,2.0
2026-06-06,CAT-20,7.0,2.0
2026-06-06,CAT-21,4.0,2.0
2026-06-06,CAT-22,7.0,2.0
2026-06-06,CAT-23,7.0,2.0
2026-06-06,CAT-24,4.0,2.0
2026-06-06,CAT-25,8.0,2.0
2026-06-06,CAT-26,6.0,2.0
2026-06-06,CAT-27,6.0,2.0
2026-06-06,CAT-28,5.0,2.0
2026-06-06,CAT-29,7.0,2.0
2026-06-06,CAT-30,8.0,2.0
2026-06-06,CAT-31,4.0,2.0
2026-06-06,CAT-32,4.0,2.0
2026-06-06,CAT-33,5.0,2.0
2026-06-06,CAT-34,8.0,2.0
2026-06-06,CAT-35,7.0,2.0
2026-06-06,CAT-36,4.0,2.0
2026-06-06,CAT-37,5.0,2.0
2026-06-06,CAT-38,5.0,2.0
2026-06-06,CAT-39,5.0,2.0
2026-06-06,CAT-40,6.0,2.0
2026-06-06,CAT-41,6.0,2.0
2026-06-06,CAT-42,5.0,2.0
2026-06-06,CAT-43,4.0,2.0
2026-06-06,CAT-44,6.0,2.0
2026-06-06,CAT-45,6.0,2.0
2026-06-06,CAT-46,5.0,2.0
2026-06-06,CAT-47,6.0,2.0
2026-06-06,CAT-48,3.0,2.0
2026-06-06,CAT-49,4.0,2.0
2026-06-07,CAT-01,4.0,2.0
2026-06-07,CAT-02,6.0,2.0
2026-06-07,CAT-03,6.0,2.0
2026-06-07,CAT-04,7.0,2.0
2026-06-07,CAT-05,4.0,2.0
2026-06-07,CAT-06,3.0,2.0
2026-06-07,CAT-07,7.0,2.0
2026-06-07,CAT-08,8.0,2.0
2026-06-07,CAT-09,6.0,2.0
2026-06-07,CAT-10,6.0,2.0
2026-06-07,CAT-11,3.0,2.0
2026-06-07,CAT-12,3.0,2.0
2026-06-07,CAT-13,5.0,2.0
2026-06-07,CAT-14,7.0,2.0
2026-06-07,CAT-15,4.0,2.0
2026-06-07,CAT-16,6.0,2.0
2026-06-07,CAT-17,5.0,2.0
2026-06-07,CAT-18,4.0,2.0
2026-06-07,CAT-19,5.0,2.0
2026-06-07,CAT-20,7.0,2.0
2026-06-07,CAT-21,4.0,2.0
2026-06-07,CAT-22,7.0,2.0
2026-06-07,CAT-23,7.0,2.0
2026-06-07,CAT-24,4.0,2.0
2026-06-07,CAT-25,8.0,2.0
2026-06-07,CAT-26,6.0,2.0
2026-06-07,CAT-27,6.0,2.0
2026-06-07,CAT-28,5.0,2.0
2026-06-07,CAT-29,7.0,2.0
2026-06-07,CAT-30,8.0,2.0
2026-06-07,CAT-31,4.0,2.0
2026-06-07,CAT-32,4.0,2.0
2026-06-07,CAT-33,5.0,2.0
2026-06-07,CAT-34,8.0,2.0
2026-06-07,CAT-35,7.0,2.0
2026-06-07,CAT-36,4.0,2.0
2026-06-07,CAT-37,5.0,2.0
2026-06-07,CAT-38,5.0,2.0
2026-06-07,CAT-39,5.0,2.0
2026-06-07,CAT-40,6.0,2.0
2026-06-07,CAT-41,6.0,2.0
2026-06-07,CAT-42,5.0,2.0
2026-06-07,CAT-43,4.0,2.0
2026-06-07,CAT-44,6.0,2.0
2026-06-07,CAT-45,6.0,2.0
2026-06-07,CAT-46,5.0,2.0
2026-06-07,CAT-47,6.0,2.0
2026-06-07,CAT-48,3.0,2.0
2026-06-07,CAT-49,4.0,2.0
2026-06-08,CAT-01,4.0,2.0
2026-06-08,CAT-02,6.0,2.0
2026-06-08,CAT-03,6.0,2.0
2026-06-08,CAT-04,7.0,2.0
2026-06-08,CAT-05,4.0,2.0
2026-06-08,CAT-06,3.0,2.0
2026-06-08,CAT-07,7.0,2.0
2026-06-08,CAT-08,8.0,2.0
2026-06-08,CAT-09,6.0,2.0
2026-06-08,CAT-10,6.0,2.0
2026-06-08,CAT-11,3.0,2.0
2026-06-08,CAT-12,3.0,2.0
2026-06-08,CAT-13,5.0,2.0
2026-06-08,CAT-14,7.0,2.0
2026-06-08,CAT-15,4.0,2.0
2026-06-08,CAT-16,6.0,2.0
2026-06-08,CAT-17,5.0,2.0
2026-06-08,CAT-18,4.0,2.0
2026-06-08,CAT-19,5.0,2.0
2026-06-08,CAT-20,7.0,2.0
2026-06-08,CAT-21,4.0,2.0
2026-06-08,CAT-22,7.0,2.0
2026-06-08,CAT-23,7.0,2.0
2026-06-08,CAT-24,4.0,2.0
2026-06-08,CAT-25,8.0,2.0
2026-06-08,CAT-26,6.0,2.0
2026-06-08,CAT-27,6.0,2.0
2026-06-08,CAT-28,5.0,2.0
2026-06-08,CAT-29,7.0,2.0
2026-06-08,CAT-30,8.0,2.0
2026-06-08,CAT-31,4.0,2.0
2026-06-08,CAT-32,4.0,2.0
2026-06-08,CAT-33,5.0,2.0
2026-06-08,CAT-34,8.0,2.0
2026-06-08,CAT-35,7.0,2.0
2026-06-08,CAT-36,4.0,2.0
2026-06-08,CAT-37,5.0,2.0
2026-06-08,CAT-38,5.0,2.0
2026-06-08,CAT-39,5.0,2.0
2026-06-08,CAT-40,6.0,2.0
2026-06-08,CAT-41,6.0,2.0
2026-06-08,CAT-42,5.0,2.0
2026-06-08,CAT-43,4.0,2.0
2026-06-08,CAT-44,6.0,2.0
2026-06-08,CAT-45,6.0,2.0
2026-06-08,CAT-46,5.0,2.0
2026-06-08,CAT-47,6.0,2.0
2026-06-08,CAT-48,3.0,2.0
2026-06-08,CAT-49,4.0,2.0
2026-06-09,CAT-01,4.0,2.0
2026-06-09,CAT-02,6.0,2.0
2026-06-09,CAT-03,6.0,2.0
2026-06-09,CAT-04,7.0,2.0
2026-06-09,CAT-05,4.0,2.0
2026-06-09,CAT-06,3.0,2.0
2026-06-09,CAT-07,7.0,2.0
2026-06-09,CAT-08,8.0,2.0
2026-06-09,CAT-09,6.0,2.0
2026-06-09,CAT-10,6.0,2.0
2026-06-09,CAT-11,3.0,2.0
2026-06-09,CAT-12,3.0,2.0
2026-06-09,CAT-13,5.0,2.0
2026-06-09,CAT-14,7.0,2.0
2026-06-09,CAT-15,4.0,2.0
2026-06-09,CAT-16,6.0,2.0
2026-06-09,CAT-17,5.0,2.0
2026-06-09,CAT-18,4.0,2.0
2026-06-09,CAT-19,5.0,2.0
2026-06-09,CAT-20,7.0,2.0
2026-06-09,CAT-21,4.0,2.0
2026-06-09,CAT-22,7.0,2.0
2026-06-09,CAT-23,7.0,2.0
2026-06-09,CAT-24,4.0,2.0
2026-06-09,CAT-25,8.0,2.0
2026-06-09,CAT-26,6.0,2.0
2026-06-09,CAT-27,6.0,2.0
2026-06-09,CAT-28,5.0,2.0
2026-06-09,CAT-29,7.0,2.0
2026-06-09,CAT-30,8.0,2.0
2026-06-09,CAT-31,4.0,2.0
2026-06-09,CAT-32,4.0,2.0
2026-06-09,CAT-33,5.0,2.0
2026-06-09,CAT-34,8.0,2.0
2026-06-09,CAT-35,7.0,2.0
2026-06-09,CAT-36,4.0,2.0
2026-06-09,CAT-37,5.0,2.0
2026-06-09,CAT-38,5.0,2.0
2026-06-09,CAT-39,5.0,2.0
2026-06-09,CAT-40,6.0,2.0
2026-06-09,CAT-41,6.0,2.0
2026-06-09,CAT-42,5.0,2.0
2026-06-09,CAT-43,4.0,2.0
2026-06-09,CAT-44,6.0,2.0
2026-06-09,CAT-45,6.0,2.0
2026-06-09,CAT-46,5.0,2.0
2026-06-09,CAT-47,6.0,2.0
2026-06-09,CAT-48,3.0,2.0
2026-06-09,CAT-49,4.0,2.0
2026-06-10,CAT-01,4.0,4.0
2026-06-10,CAT-02,6.0,4.0
2026-06-10,CAT-03,6.0,4.0
2026-06-10,CAT-04,7.0,4.0
2026-06-10,CAT-05,4.0,4.0
2026-06-10,CAT-06,3.0,4.0
2026-06-10,CAT-07,7.0,4.0
2026-06-10,CAT-08,8.0,4.0
2026-06-10,CAT-09,6.0,4.0
2026-06-10,CAT-10,6.0,4.0
2026-06-10,CAT-11,3.0,4.0
2026-06-10,CAT-12,3.0,4.0
2026-06-10,CAT-13,5.0,4.0
2026-06-10,CAT-14,7.0,4.0
2026-06-10,CAT-15,4.0,4.0
2026-06-10,CAT-16,6.0,4.0
2026-06-10,CAT-17,5.0,4.0
2026-06-10,CAT-18,4.0,4.0
2026-06-10,CAT-19,5.0,4.0
2026-06-10,CAT-20,7.0,4.0
2026-06-10,CAT-21,4.0,4.0
2026-06-10,CAT-22,7.0,4.0
2026-06-10,CAT-23,7.0,4.0
2026-06-10,CAT-24,4.0,4.0
2026-06-10,CAT-25,8.0,4.0
2026-06-10,CAT-26,6.0,4.0
2026-06-10,CAT-27,6.0,4.0
2026-06-10,CAT-28,5.0,4.0
2026-06-10,CAT-29,7.0,4.0
2026-06-10,CAT-30,8.0,4.0
2026-06-10,CAT-31,4.0,4.0
2026-06-10,CAT-32,4.0,4.0
2026-06-10,CAT-33,5.0,4.0
2026-06-10,CAT-34,8.0,4.0
2026-06-10,CAT-35,7.0,4.0
2026-06-10,CAT-36,4.0,4.0
2026-06-10,CAT-37,5.0,4.0
2026-06-10,CAT-38,5.0,4.0
2026-06-10,CAT-39,5.0,4.0
2026-06-10,CAT-40,6.0,4.0
2026-06-10,CAT-41,6.0,4.0
2026-06-10,CAT-42,5.0,4.0
2026-06-10,CAT-43,4.0,4.0
2026-06-10,CAT-44,6.0,4.0
2026-06-10,CAT-45,6.0,4.0
2026-06-10,CAT-46,5.0,4.0
2026-06-10,CAT-47,6.0,4.0
2026-06-10,CAT-48,3.0,4.0
2026-06-10,CAT-49,4.0,4.0
2026-06-11,CAT-01,4.0,2.0
2026-06-11,CAT-02,6.0,2.0
2026-06-11,CAT-03,6.0,2.0
2026-06-11,CAT-04,7.0,2.0
2026-06-11,CAT-05,4.0,2.0
2026-06-11,CAT-06,3.0,2.0
2026-06-11,CAT-07,7.0,2.0
2026-06-11,CAT-08,8.0,2.0
2026-06-11,CAT-09,6.0,2.0
2026-06-11,CAT-10,6.0,2.0
2026-06-11,CAT-11,3.0,2.0
2026-06-11,CAT-12,3.0,2.0
2026-06-11,CAT-13,5.0,2.0
2026-06-11,CAT-14,7.0,2.0
2026-06-11,CAT-15,4.0,2.0
2026-06-11,CAT-16,6.0,2.0
2026-06-11,CAT-17,5.0,2.0
2026-06-11,CAT-18,4.0,2.0
2026-06-11,CAT-19,5.0,2.0
2026-06-11,CAT-20,7.0,2.0
2026-06-11,CAT-21,4.0,2.0
2026-06-11,CAT-22,7.0,2.0
2026-06-11,CAT-23,7.0,2.0
2026-06-11,CAT-24,4.0,2.0
2026-06-11,CAT-25,8.0,2.0
2026-06-11,CAT-26,6.0,2.0
2026-06-11,CAT-27,6.0,2.0
2026-06-11,CAT-28,5.0,2.0
2026-06-11,CAT-29,7.0,2.0
2026-06-11,CAT-30,8.0,2.0
2026-06-11,CAT-31,4.0,2.0
2026-06-11,CAT-32,4.0,2.0
2026-06-11,CAT-33,5.0,2.0
2026-06-11,CAT-34,8.0,2.0
2026-06-11,CAT-35,7.0,2.0
2026-06-11,CAT-36,4.0,2.0
2026-06-11,CAT-37,5.0,2.0
2026-06-11,CAT-38,5.0,2.0
2026-06-11,CAT-39,5.0,2.0
2026-06-11,CAT-40,6.0,2.0
2026-06-11,CAT-41,6.0,2.0
2026-06-11,CAT-42,5.0,2.0
2026-06-11,CAT-43,4.0,2.0
2026-06-11,CAT-44,6.0,2.0
2026-06-11,CAT-45,6.0,2.0
2026-06-11,CAT-46,5.0,2.0
2026-06-11,CAT-47,6.0,2.0
2026-06-11,CAT-48,3.0,2.0
2026-06-11,CAT-49,4.0,2.0
2026-06-12,CAT-01,4.0,2.0
2026-06-12,CAT-02,6.0,2.0
2026-06-12,CAT-03,6.0,2.0
2026-06-12,CAT-04,7.0,2.0
2026-06-12,CAT-05,4.0,2.0
2026-06-12,CAT-06,3.0,2.0
2026-06-12,CAT-07,7.0,2.0
2026-06-12,CAT-08,8.0,2.0
2026-06-12,CAT-09,6.0,2.0
2026-06-12,CAT-10,6.0,2.0
2026-06-12,CAT-11,3.0,2.0
2026-06-12,CAT-12,3.0,2.0
2026-06-12,CAT-13,5.0,2.0
2026-06-12,CAT-14,7.0,2.0
2026-06-12,CAT-15,4.0,2.0
2026-06-12,CAT-16,6.0,2.0
2026-06-12,CAT-17,5.0,2.0
2026-06-12,CAT-18,4.0,2.0
2026-06-12,CAT-19,5.0,2.0
2026-06-12,CAT-20,7.0,2.0
2026-06-12,CAT-21,4.0,2.0
2026-06-12,CAT-22,7.0,2.0
2026-06-12,CAT-23,7.0,2.0
2026-06-12,CAT-24,4.0,2.0
2026-06-12,CAT-25,8.0,2.0
2026-06-12,CAT-26,6.0,2.0
2026-06-12,CAT-27,6.0,2.0
2026-06-12,CAT-28,5.0,2.0
2026-06-12,CAT-29,7.0,2.0
2026-06-12,CAT-30,8.0,2.0
2026-06-12,CAT-31,4.0,2.0
2026-06-12,CAT-32,4.0,2.0
2026-06-12,CAT-33,5.0,2.0
2026-06-12,CAT-34,8.0,2.0
2026-06-12,CAT-35,7.0,2.0
2026-06-12,CAT-36,4.0,2.0
2026-06-12,CAT-37,5.0,2.0
2026-06-12,CAT-38,5.0,2.0
2026-06-12,CAT-39,5.0,2.0
2026-06-12,CAT-40,6.0,2.0
2026-06-12,CAT-41,6.0,2.0
2026-06-12,CAT-42,5.0,2.0
2026-06-12,CAT-43,4.0,2.0
2026-06-12,CAT-44,6.0,2.0
2026-06-12,CAT-45,6.0,2.0
2026-06-12,CAT-46,5.0,2.0
2026-06-12,CAT-47,6.0,2.0
2026-06-12,CAT-48,3.0,2.0
2026-06-12,CAT-49,4.0,2.0
2026-06-13,CAT-01,4.0,2.0
2026-06-13,CAT-02,6.0,2.0
2026-06-13,CAT-03,6.0,2.0
2026-06-13,CAT-04,7.0,2.0
2026-06-13,CAT-05,4.0,2.0
2026-06-13,CAT-06,3.0,2.0
2026-06-13,CAT-07,7.0,2.0
2026-06-13,CAT-08,8.0,2.0
2026-06-13,CAT-09,6.0,2.0
2026-06-13,CAT-10,6.0,2.0
2026-06-13,CAT-11,3.0,2.0
2026-06-13,CAT-12,3.0,2.0
2026-06-13,CAT-13,5.0,2.0
2026-06-13,CAT-14,7.0,2.0
2026-06-13,CAT-15,4.0,2.0
2026-06-13,CAT-16,6.0,2.0
2026-06-13,CAT-17,5.0,2.0
2026-06-13,CAT-18,4.0,2.0
2026-06-13,CAT-19,5.0,2.0
2026-06-13,CAT-20,7.0,2.0
2026-06-13,CAT-21,4.0,2.0
2026-06-13,CAT-22,7.0,2.0
2026-06-13,CAT-23,7.0,2.0
2026-06-13,CAT-24,4.0,2.0
2026-06-13,CAT-25,8.0,2.0
2026-06-13,CAT-26,6.0,2.0
2026-06-13,CAT-27,6.0,2.0
2026-06-13,CAT-28,5.0,2.0
2026-06-13,CAT-29,7.0,2.0
2026-06-13,CAT-30,8.0,2.0
2026-06-13,CAT-31,4.0,2.0
2026-06-13,CAT-32,4.0,2.0
2026-06-13,CAT-33,5.0,2.0
2026-06-13,CAT-34,8.0,2.0
2026-06-13,CAT-35,7.0,2.0
2026-06-13,CAT-36,4.0,2.0
2026-06-13,CAT-37,5.0,2.0
2026-06-13,CAT-38,5.0,2.0
2026-06-13,CAT-39,5.0,2.0
2026-06-13,CAT-40,6.0,2.0
2026-06-13,CAT-41,6.0,2.0
2026-06-13,CAT-42,5.0,2.0
2026-06-13,CAT-43,4.0,2.0
2026-06-13,CAT-44,6.0,2.0
2026-06-13,CAT-45,6.0,2.0
2026-06-13,CAT-46,5.0,2.0
2026-06-13,CAT-47,6.0,2.0
2026-06-13,CAT-48,3.0,2.0
2026-06-13,CAT-49,4.0,2.0
2026-06-14,CAT-01,4.0,2.0
2026-06-14,CAT-02,6.0,2.0
2026-06-14,CAT-03,6.0,2.0
2026-06-14,CAT-04,7.0,2.0
2026-06-14,CAT-05,4.0,2.0
2026-06-14,CAT-06,3.0,2.0
2026-06-14,CAT-07,7.0,2.0
2026-06-14,CAT-08,8.0,2.0
2026-06-14,CAT-09,6.0,2.0
2026-06-14,CAT-10,6.0,2.0
2026-06-14,CAT-11,3.0,2.0
2026-06-14,CAT-12,3.0,2.0
2026-06-14,CAT-13,5.0,2.0
2026-06-14,CAT-14,7.0,2.0
2026-06-14,CAT-15,4.0,2.0
2026-06-14,CAT-16,6.0,2.0
2026-06-14,CAT-17,5.0,2.0
2026-06-14,CAT-18,4.0,2.0
2026-06-14,CAT-19,5.0,2.0
2026-06-14,CAT-20,7.0,2.0
2026-06-14,CAT-21,4.0,2.0
2026-06-14,CAT-22,7.0,2.0
2026-06-14,CAT-23,7.0,2.0
2026-06-14,CAT-24,4.0,2.0
2026-06-14,CAT-25,8.0,2.0
2026-06-14,CAT-26,6.0,2.0
2026-06-14,CAT-27,6.0,2.0
2026-06-14,CAT-28,5.0,2.0
2026-06-14,CAT-29,7.0,2.0
2026-06-14,CAT-30,8.0,2.0
2026-06-14,CAT-31,4.0,2.0
2026-06-14,CAT-32,4.0,2.0
2026-06-14,CAT-33,5.0,2.0
2026-06-14,CAT-34,8.0,2.0
2026-06-14,CAT-35,7.0,2.0
2026-06-14,CAT-36,4.0,2.0
2026-06-14,CAT-37,5.0,2.0
2026-06-14,CAT-38,5.0,2.0
2026-06-14,CAT-39,5.0,2.0
2026-06-14,CAT-40,6.0,2.0
2026-06-14,CAT-41,6.0,2.0
2026-06-14,CAT-42,5.0,2.0
2026-06-14,CAT-43,4.0,2.0
2026-06-14,CAT-44,6.0,2.0
2026-06-14,CAT-45,6.0,2.0
2026-06-14,CAT-46,5.0,2.0
2026-06-14,CAT-47,6.0,2.0
2026-06-14,CAT-48,3.0,2.0
2026-06-14,CAT-49,4.0,2.0
2026-06-15,CAT-01,4.0,2.0
2026-06-15,CAT-02,6.0,2.0
2026-06-15,CAT-03,6.0,2.0
2026-06-15,CAT-04,7.0,2.0
2026-06-15,CAT-05,4.0,2.0
2026-06-15,CAT-06,3.0,2.0
2026-06-15,CAT-07,7.0,2.0
2026-06-15,CAT-08,8.0,2.0
2026-06-15,CAT-09,6.0,2.0
2026-06-15,CAT-10,6.0,2.0
2026-06-15,CAT-11,3.0,2.0
2026-06-15,CAT-12,3.0,2.0
2026-06-15,CAT-13,5.0,2.0
2026-06-15,CAT-14,7.0,2.0
2026-06-15,CAT-15,4.0,2.0
2026-06-15,CAT-16,6.0,2.0
2026-06-15,CAT-17,5.0,2.0
2026-06-15,CAT-18,4.0,2.0
2026-06-15,CAT-19,5.0,2.0
2026-06-15,CAT-20,7.0,2.0
2026-06-15,CAT-21,4.0,2.0
2026-06-15,CAT-22,7.0,2.0
2026-06-15,CAT-23,7.0,2.0
2026-06-15,CAT-24,4.0,2.0
2026-06-15,CAT-25,8.0,2.0
2026-06-15,CAT-26,6.0,2.0
2026-06-15,CAT-27,6.0,2.0
2026-06-15,CAT-28,5.0,2.0
2026-06-15,CAT-29,7.0,2.0
2026-06-15,CAT-30,8.0,2.0
2026-06-15,CAT-31,4.0,2.0
2026-06-15,CAT-32,4.0,2.0
2026-06-15,CAT-33,5.0,2.0
2026-06-15,CAT-34,8.0,2.0
2026-06-15,CAT-35,7.0,2.0
2026-06-15,CAT-36,4.0,2.0
2026-06-15,CAT-37,5.0,2.0
2026-06-15,CAT-38,5.0,2.0
2026-06-15,CAT-39,5.0,2.0
2026-06-15,CAT-40,6.0,2.0
2026-06-15,CAT-41,6.0,2.0
2026-06-15,CAT-42,5.0,2.0
2026-06-15,CAT-43,4.0,2.0
2026-06-15,CAT-44,6.0,2.0
2026-06-15,CAT-45,6.0,2.0
2026-06-15,CAT-46,5.0,2.0
2026-06-15,CAT-47,6.0,2.0
2026-06-15,CAT-48,3.0,2.0
2026-06-15,CAT-49,4.0,2.0
2026-06-16,CAT-01,4.0,2.0
2026-06-16,CAT-02,6.0,2.0
2026-06-16,CAT-03,6.0,2.0
2026-06-16,CAT-04,7.0,2.0
2026-06-16,CAT-05,4.0,2.0
2026-06-16,CAT-06,3.0,2.0
2026-06-16,CAT-07,7.0,2.0
2026-06-16,CAT-08,8.0,2.0
2026-06-16,CAT-09,6.0,2.0
2026-06-16,CAT-10,6.0,2.0
2026-06-16,CAT-11,3.0,2.0
2026-06-16,CAT-12,3.0,2.0
2026-06-16,CAT-13,5.0,2.0
2026-06-16,CAT-14,7.0,2.0
2026-06-16,CAT-15,4.0,2.0
2026-06-16,CAT-16,6.0,2.0
2026-06-16,CAT-17,5.0,2.0
2026-06-16,CAT-18,4.0,2.0
2026-06-16,CAT-19,5.0,2.0
2026-06-16,CAT-20,7.0,2.0
2026-06-16,CAT-21,4.0,2.0
2026-06-16,CAT-22,7.0,2.0
2026-06-16,CAT-23,7.0,2.0
2026-06-16,CAT-24,4.0,2.0
2026-06-16,CAT-25,8.0,2.0
2026-06-16,CAT-26,6.0,2.0
2026-06-16,CAT-27,6.0,2.0
2026-06-16,CAT-28,5.0,2.0
2026-06-16,CAT-29,7.0,2.0
2026-06-16,CAT-30,8.0,2.0
2026-06-16,CAT-31,4.0,2.0
2026-06-16,CAT-32,4.0,2.0
2026-06-16,CAT-33,5.0,2.0
2026-06-16,CAT-34,8.0,2.0
2026-06-16,CAT-35,7.0,2.0
2026-06-16,CAT-36,4.0,2.0
2026-06-16,CAT-37,5.0,2.0
2026-06-16,CAT-38,5.0,2.0
2026-06-16,CAT-39,5.0,2.0
2026-06-16,CAT-40,6.0,2.0
2026-06-16,CAT-41,6.0,2.0
2026-06-16,CAT-42,5.0,2.0
2026-06-16,CAT-43,4.0,2.0
2026-06-16,CAT-44,6.0,2.0
2026-06-16,CAT-45,6.0,2.0
2026-06-16,CAT-46,5.0,2.0
2026-06-16,CAT-47,6.0,2.0
2026-06-16,CAT-48,3.0,2.0
2026-06-16,CAT-49,4.0,2.0
2026-06-17,CAT-01,4.0,2.0
2026-06-17,CAT-02,6.0,2.0
2026-06-17,CAT-03,6.0,2.0
2026-06-17,CAT-04,7.0,2.0
2026-06-17,CAT-05,4.0,2.0
2026-06-17,CAT-06,3.0,2.0
2026-06-17,CAT-07,7.0,2.0
2026-06-17,CAT-08,8.0,2.0
2026-06-17,CAT-09,6.0,2.0
2026-06-17,CAT-10,6.0,2.0
2026-06-17,CAT-11,3.0,2.0
2026-06-17,CAT-12,3.0,2.0
2026-06-17,CAT-13,5.0,2.0
2026-06-17,CAT-14,7.0,2.0
2026-06-17,CAT-15,4.0,2.0
2026-06-17,CAT-16,6.0,2.0
2026-06-17,CAT-17,5.0,2.0
2026-06-17,CAT-18,4.0,2.0
2026-06-17,CAT-19,5.0,2.0
2026-06-17,CAT-20,7.0,2.0
2026-06-17,CAT-21,4.0,2.0
2026-06-17,CAT-22,7.0,2.0
2026-06-17,CAT-23,7.0,2.0
2026-06-17,CAT-24,4.0,2.0
2026-06-17,CAT-25,8.0,2.0
2026-06-17,CAT-26,6.0,2.0
2026-06-17,CAT-27,6.0,2.0
2026-06-17,CAT-28,5.0,2.0
2026-06-17,CAT-29,7.0,2.0
2026-06-17,CAT-30,8.0,2.0
2026-06-17,CAT-31,4.0,2.0
2026-06-17,CAT-32,4.0,2.0
2026-06-17,CAT-33,5.0,2.0
2026-06-17,CAT-34,8.0,2.0
2026-06-17,CAT-35,7.0,2.0
2026-06-17,CAT-36,4.0,2.0
2026-06-17,CAT-37,5.0,2.0
2026-06-17,CAT-38,5.0,2.0
2026-06-17,CAT-39,5.0,2.0
2026-06-17,CAT-40,6.0,2.0
2026-06-17,CAT-41,6.0,2.0
2026-06-17,CAT-42,5.0,2.0
2026-06-17,CAT-43,4.0,2.0
2026-06-17,CAT-44,6.0,2.0
2026-06-17,CAT-45,6.0,2.0
2026-06-17,CAT-46,5.0,2.0
2026-06-17,CAT-47,6.0,2.0
2026-06-17,CAT-48,3.0,2.0
2026-06-17,CAT-49,4.0,2.0
2026-06-18,CAT-01,4.0,2.0
2026-06-18,CAT-02,6.0,2.0
2026-06-18,CAT-03,6.0,2.0
2026-06-18,CAT-04,7.0,2.0
2026-06-18,CAT-05,4.0,2.0
2026-06-18,CAT-06,3.0,2.0
2026-06-18,CAT-07,7.0,2.0
2026-06-18,CAT-08,8.0,2.0
2026-06-18,CAT-09,6.0,2.0
2026-06-18,CAT-10,6.0,2.0
2026-06-18,CAT-11,3.0,2.0
2026-06-18,CAT-12,3.0,2.0
2026-06-18,CAT-13,5.0,2.0
2026-06-18,CAT-14,7.0,2.0
2026-06-18,CAT-15,4.0,2.0
2026-06-18,CAT-16,6.0,2.0
2026-06-18,CAT-17,5.0,2.0
2026-06-18,CAT-18,4.0,2.0
2026-06-18,CAT-19,5.0,2.0
2026-06-18,CAT-20,7.0,2.0
2026-06-18,CAT-21,4.0,2.0
2026-06-18,CAT-22,7.0,2.0
2026-06-18,CAT-23,7.0,2.0
2026-06-18,CAT-24,4.0,2.0
2026-06-18,CAT-25,8.0,2.0
2026-06-18,CAT-26,6.0,2.0
2026-06-18,CAT-27,6.0,2.0
2026-06-18,CAT-28,5.0,2.0
2026-06-18,CAT-29,7.0,2.0
2026-06-18,CAT-30,8.0,2.0
2026-06-18,CAT-31,4.0,2.0
2026-06-18,CAT-32,4.0,2.0
2026-06-18,CAT-33,5.0,2.0
2026-06-18,CAT-34,8.0,2.0
2026-06-18,CAT-35,7.0,2.0
2026-06-18,CAT-36,4.0,2.0
2026-06-18,CAT-37,5.0,2.0
2026-06-18,CAT-38,5.0,2.0
2026-06-18,CAT-39,5.0,2.0
2026-06-18,CAT-40,6.0,2.0
2026-06-18,CAT-41,6.0,2.0
2026-06-18,CAT-42,5.0,2.0
2026-06-18,CAT-43,4.0,2.0
2026-06-18,CAT-44,6.0,2.0
2026-06-18,CAT-45,6.0,2.0
2026-06-18,CAT-46,5.0,2.0
2026-06-18,CAT-47,6.0,2.0
2026-06-18,CAT-48,3.0,2.0
2026-06-18,CAT-49,4.0,2.0
2026-06-19,CAT-01,4.0,3.0
2026-06-19,CAT-02,6.0,3.0
2026-06-19,CAT-03,6.0,3.0
2026-06-19,CAT-04,7.0,3.0
2026-06-19,CAT-05,4.0,3.0
2026-06-19,CAT-06,3.0,3.0
2026-06-19,CAT-07,7.0,3.0
2026-06-19,CAT-08,8.0,3.0
2026-06-19,CAT-09,6.0,3.0
2026-06-19,CAT-10,6.0,3.0
2026-06-19,CAT-11,3.0,3.0
2026-06-19,CAT-12,3.0,3.0
2026-06-19,CAT-13,5.0,3.0
2026-06-19,CAT-14,7.0,3.0
2026-06-19,CAT-15,4.0,3.0
2026-06-19,CAT-16,6.0,3.0
2026-06-19,CAT-17,5.0,3.0
2026-06-19,CAT-18,4.0,3.0
2026-06-19,CAT-19,5.0,3.0
2026-06-19,CAT-20,7.0,3.0
2026-06-19,CAT-21,4.0,3.0
2026-06-19,CAT-22,7.0,3.0
2026-06-19,CAT-23,7.0,3.0
2026-06-19,CAT-24,4.0,3.0
2026-06-19,CAT-25,8.0,3.0
2026-06-19,CAT-26,6.0,3.0
2026-06-19,CAT-27,6.0,3.0
2026-06-19,CAT-28,5.0,3.0
2026-06-19,CAT-29,7.0,3.0
2026-06-19,CAT-30,8.0,3.0
2026-06-19,CAT-31,4.0,3.0
2026-06-19,CAT-32,4.0,3.0
2026-06-19,CAT-33,5.0,3.0
2026-06-19,CAT-34,8.0,3.0
2026-06-19,CAT-35,7.0,3.0
2026-06-19,CAT-36,4.0,3.0
2026-06-19,CAT-37,5.0,3.0
2026-06-19,CAT-38,5.0,3.0
2026-06-19,CAT-39,5.0,3.0
2026-06-19,CAT-40,6.0,3.0
2026-06-19,CAT-41,6.0,3.0
2026-06-19,CAT-42,5.0,3.0
2026-06-19,CAT-43,4.0,3.0
2026-06-19,CAT-44,6.0,3.0
2026-06-19,CAT-45,6.0,3.0
2026-06-19,CAT-46,5.0,3.0
2026-06-19,CAT-47,6.0,3.0
2026-06-19,CAT-48,3.0,3.0
2026-06-19,CAT-49,4.0,3.0
2026-06-20,CAT-01,4.0,2.0
2026-06-20,CAT-02,6.0,2.0
2026-06-20,CAT-03,6.0,2.0
2026-06-20,CAT-04,7.0,2.0
2026-06-20,CAT-05,4.0,2.0
2026-06-20,CAT-06,3.0,2.0
2026-06-20,CAT-07,7.0,2.0
2026-06-20,CAT-08,8.0,2.0
2026-06-20,CAT-09,6.0,2.0
2026-06-20,CAT-10,6.0,2.0
2026-06-20,CAT-11,3.0,2.0
2026-06-20,CAT-12,3.0,2.0
2026-06-20,CAT-13,5.0,2.0
2026-06-20,CAT-14,7.0,2.0
2026-06-20,CAT-15,4.0,2.0
2026-06-20,CAT-16,6.0,2.0
2026-06-20,CAT-17,5.0,2.0
2026-06-20,CAT-18,4.0,2.0
2026-06-20,CAT-19,5.0,2.0
2026-06-20,CAT-20,7.0,2.0
2026-06-20,CAT-21,4.0,2.0
2026-06-20,CAT-22,7.0,2.0
2026-06-20,CAT-23,7.0,2.0
2026-06-20,CAT-24,4.0,2.0
2026-06-20,CAT-25,8.0,2.0
2026-06-20,CAT-26,6.0,2.0
2026-06-20,CAT-27,6.0,2.0
2026-06-20,CAT-28,5.0,2.0
2026-06-20,CAT-29,7.0,2.0
2026-06-20,CAT-30,8.0,2.0
2026-06-20,CAT-31,4.0,2.0
2026-06-20,CAT-32,4.0,2.0
2026-06-20,CAT-33,5.0,2.0
2026-06-20,CAT-34,8.0,2.0
2026-06-20,CAT-35,7.0,2.0
2026-06-20,CAT-36,4.0,2.0
2026-06-20,CAT-37,5.0,2.0
2026-06-20,CAT-38,5.0,2.0
2026-06-20,CAT-39,5.0,2.0
2026-06-20,CAT-40,6.0,2.0
2026-06-20,CAT-41,6.0,2.0
2026-06-20,CAT-42,5.0,2.0
2026-06-20,CAT-43,4.0,2.0
2026-06-20,CAT-44,6.0,2.0
2026-06-20,CAT-45,6.0,2.0
2026-06-20,CAT-46,5.0,2.0
2026-06-20,CAT-47,6.0,2.0
2026-06-20,CAT-48,3.0,2.0
2026-06-20,CAT-49,4.0,2.0
2026-06-21,CAT-01,4.0,2.0
2026-06-21,CAT-02,6.0,2.0
2026-06-21,CAT-03,6.0,2.0
2026-06-21,CAT-04,7.0,2.0
2026-06-21,CAT-05,4.0,2.0
2026-06-21,CAT-06,3.0,2.0
2026-06-21,CAT-07,7.0,2.0
2026-06-21,CAT-08,8.0,2.0
2026-06-21,CAT-09,6.0,2.0
2026-06-21,CAT-10,6.0,2.0
2026-06-21,CAT-11,3.0,2.0
2026-06-21,CAT-12,3.0,2.0
2026-06-21,CAT-13,5.0,2.0
2026-06-21,CAT-14,7.0,2.0
2026-06-21,CAT-15,4.0,2.0
2026-06-21,CAT-16,6.0,2.0
2026-06-21,CAT-17,5.0,2.0
2026-06-21,CAT-18,4.0,2.0
2026-06-21,CAT-19,5.0,2.0
2026-06-21,CAT-20,7.0,2.0
2026-06-21,CAT-21,4.0,2.0
2026-06-21,CAT-22,7.0,2.0
2026-06-21,CAT-23,7.0,2.0
2026-06-21,CAT-24,4.0,2.0
2026-06-21,CAT-25,8.0,2.0
2026-06-21,CAT-26,6.0,2.0
2026-06-21,CAT-27,6.0,2.0
2026-06-21,CAT-28,5.0,2.0
2026-06-21,CAT-29,7.0,2.0
2026-06-21,CAT-30,8.0,2.0
2026-06-21,CAT-31,4.0,2.0
2026-06-21,CAT-32,4.0,2.0
2026-06-21,CAT-33,5.0,2.0
2026-06-21,CAT-34,8.0,2.0
2026-06-21,CAT-35,7.0,2.0
2026-06-21,CAT-36,4.0,2.0
2026-06-21,CAT-37,5.0,2.0
2026-06-21,CAT-38,5.0,2.0
2026-06-21,CAT-39,5.0,2.0
2026-06-21,CAT-40,6.0,2.0
2026-06-21,CAT-41,6.0,2.0
2026-06-21,CAT-42,5.0,2.0
2026-06-21,CAT-43,4.0,2.0
2026-06-21,CAT-44,6.0,2.0
2026-06-21,CAT-45,6.0,2.0
2026-06-21,CAT-46,5.0,2.0
2026-06-21,CAT-47,6.0,2.0
2026-06-21,CAT-48,3.0,2.0
2026-06-21,CAT-49,4.0,2.0
2026-06-22,CAT-01,4.0,2.0
2026-06-22,CAT-02,6.0,2.0
2026-06-22,CAT-03,6.0,2.0
2026-06-22,CAT-04,7.0,2.0
2026-06-22,CAT-05,4.0,2.0
2026-06-22,CAT-06,3.0,2.0
2026-06-22,CAT-07,7.0,2.0
2026-06-22,CAT-08,8.0,2.0
2026-06-22,CAT-09,6.0,2.0
2026-06-22,CAT-10,6.0,2.0
2026-06-22,CAT-11,3.0,2.0
2026-06-22,CAT-12,3.0,2.0
2026-06-22,CAT-13,5.0,2.0
2026-06-22,CAT-14,7.0,2.0
2026-06-22,CAT-15,4.0,2.0
2026-06-22,CAT-16,6.0,2.0
2026-06-22,CAT-17,5.0,2.0
2026-06-22,CAT-18,4.0,2.0
2026-06-22,CAT-19,5.0,2.0
2026-06-22,CAT-20,7.0,2.0
2026-06-22,CAT-21,4.0,2.0
2026-06-22,CAT-22,7.0,2.0
2026-06-22,CAT-23,7.0,2.0
2026-06-22,CAT-24,4.0,2.0
2026-06-22,CAT-25,8.0,2.0
2026-06-22,CAT-26,6.0,2.0
2026-06-22,CAT-27,6.0,2.0
2026-06-22,CAT-28,5.0,2.0
2026-06-22,CAT-29,7.0,2.0
2026-06-22,CAT-30,8.0,2.0
2026-06-22,CAT-31,4.0,2.0
2026-06-22,CAT-32,4.0,2.0
2026-06-22,CAT-33,5.0,2.0
2026-06-22,CAT-34,8.0,2.0
2026-06-22,CAT-35,7.0,2.0
2026-06-22,CAT-36,4.0,2.0
2026-06-22,CAT-37,5.0,2.0
2026-06-22,CAT-38,5.0,2.0
2026-06-22,CAT-39,5.0,2.0
2026-06-22,CAT-40,6.0,2.0
2026-06-22,CAT-41,6.0,2.0
2026-06-22,CAT-42,5.0,2.0
2026-06-22,CAT-43,4.0,2.0
2026-06-22,CAT-44,6.0,2.0
2026-06-22,CAT-45,6.0,2.0
2026-06-22,CAT-46,5.0,2.0
2026-06-22,CAT-47,6.0,2.0
2026-06-22,CAT-48,3.0,2.0
2026-06-22,CAT-49,4.0,2.0
2026-06-23,CAT-01,4.0,2.0
2026-06-23,CAT-02,6.0,2.0
2026-06-23,CAT-03,6.0,2.0
2026-06-23,CAT-04,7.0,2.0
2026-06-23,CAT-05,4.0,2.0
2026-06-23,CAT-06,3.0,2.0
2026-06-23,CAT-07,7.0,2.0
2026-06-23,CAT-08,8.0,2.0
2026-06-23,CAT-09,6.0,2.0
2026-06-23,CAT-10,6.0,2.0
2026-06-23,CAT-11,3.0,2.0
2026-06-23,CAT-12,3.0,2.0
2026-06-23,CAT-13,5.0,2.0
2026-06-23,CAT-14,7.0,2.0
2026-06-23,CAT-15,4.0,2.0
2026-06-23,CAT-16,6.0,2.0
2026-06-23,CAT-17,5.0,2.0
2026-06-23,CAT-18,4.0,2.0
2026-06-23,CAT-19,5.0,2.0
2026-06-23,CAT-20,7.0,2.0
2026-06-23,CAT-21,4.0,2.0
2026-06-23,CAT-22,7.0,2.0
2026-06-23,CAT-23,7.0,2.0
2026-06-23,CAT-24,4.0,2.0
2026-06-23,CAT-25,8.0,2.0
2026-06-23,CAT-26,6.0,2.0
2026-06-23,CAT-27,6.0,2.0
2026-06-23,CAT-28,5.0,2.0
2026-06-23,CAT-29,7.0,2.0
2026-06-23,CAT-30,8.0,2.0
2026-06-23,CAT-31,4.0,2.0
2026-06-23,CAT-32,4.0,2.0
2026-06-23,CAT-33,5.0,2.0
2026-06-23,CAT-34,8.0,2.0
2026-06-23,CAT-35,7.0,2.0
2026-06-23,CAT-36,4.0,2.0
2026-06-23,CAT-37,5.0,2.0
2026-06-23,CAT-38,5.0,2.0
2026-06-23,CAT-39,5.0,2.0
2026-06-23,CAT-40,6.0,2.0
2026-06-23,CAT-41,6.0,2.0
2026-06-23,CAT-42,5.0,2.0
2026-06-23,CAT-43,4.0,2.0
2026-06-23,CAT-44,6.0,2.0
2026-06-23,CAT-45,6.0,2.0
2026-06-23,CAT-46,5.0,2.0
2026-06-23,CAT-47,6.0,2.0
2026-06-23,CAT-48,3.0,2.0
2026-06-23,CAT-49,4.0,2.0
2026-06-24,CAT-01,4.0,2.0
2026-06-24,CAT-02,6.0,2.0
2026-06-24,CAT-03,6.0,2.0
2026-06-24,CAT-04,7.0,2.0
2026-06-24,CAT-05,4.0,2.0
2026-06-24,CAT-06,3.0,2.0
2026-06-24,CAT-07,7.0,2.0
2026-06-24,CAT-08,8.0,2.0
2026-06-24,CAT-09,6.0,2.0
2026-06-24,CAT-10,6.0,2.0
2026-06-24,CAT-11,3.0,2.0
2026-06-24,CAT-12,3.0,2.0
2026-06-24,CAT-13,5.0,2.0
2026-06-24,CAT-14,7.0,2.0
2026-06-24,CAT-15,4.0,2.0
2026-06-24,CAT-16,6.0,2.0
2026-06-24,CAT-17,5.0,2.0
2026-06-24,CAT-18,4.0,2.0
2026-06-24,CAT-19,5.0,2.0
2026-06-24,CAT-20,7.0,2.0
2026-06-24,CAT-21,4.0,2.0
2026-06-24,CAT-22,7.0,2.0
2026-06-24,CAT-23,7.0,2.0
2026-06-24,CAT-24,4.0,2.0
2026-06-24,CAT-25,8.0,2.0
2026-06-24,CAT-26,6.0,2.0
2026-06-24,CAT-27,6.0,2.0
2026-06-24,CAT-28,5.0,2.0
2026-06-24,CAT-29,7.0,2.0
2026-06-24,CAT-30,8.0,2.0
2026-06-24,CAT-31,4.0,2.0
2026-06-24,CAT-32,4.0,2.0
2026-06-24,CAT-33,5.0,2.0
2026-06-24,CAT-34,8.0,2.0
2026-06-24,CAT-35,7.0,2.0
2026-06-24,CAT-36,4.0,2.0
2026-06-24,CAT-37,5.0,2.0
2026-06-24,CAT-38,5.0,2.0
2026-06-24,CAT-39,5.0,2.0
2026-06-24,CAT-40,6.0,2.0
2026-06-24,CAT-41,6.0,2.0
2026-06-24,CAT-42,5.0,2.0
2026-06-24,CAT-43,4.0,2.0
2026-06-24,CAT-44,6.0,2.0
2026-06-24,CAT-45,6.0,2.0
2026-06-24,CAT-46,5.0,2.0
2026-06-24,CAT-47,6.0,2.0
2026-06-24,CAT-48,3.0,2.0
2026-06-24,CAT-49,4.0,2.0
2026-06-25,CAT-01,4.0,2.0
2026-06-25,CAT-02,6.0,2.0
2026-06-25,CAT-03,6.0,2.0
2026-06-25,CAT-04,7.0,2.0
2026-06-25,CAT-05,4.0,2.0
2026-06-25,CAT-06,3.0,2.0
2026-06-25,CAT-07,7.0,2.0
2026-06-25,CAT-08,8.0,2.0
2026-06-25,CAT-09,6.0,2.0
2026-06-25,CAT-10,6.0,2.0
2026-06-25,CAT-11,3.0,2.0
2026-06-25,CAT-12,3.0,2.0
2026-06-25,CAT-13,5.0,2.0
2026-06-25,CAT-14,7.0,2.0
2026-06-25,CAT-15,4.0,2.0
2026-06-25,CAT-16,6.0,2.0
2026-06-25,CAT-17,5.0,2.0
2026-06-25,CAT-18,4.0,2.0
2026-06-25,CAT-19,5.0,2.0
2026-06-25,CAT-20,7.0,2.0
2026-06-25,CAT-21,4.0,2.0
2026-06-25,CAT-22,7.0,2.0
2026-06-25,CAT-23,7.0,2.0
2026-06-25,CAT-24,4.0,2.0
2026-06-25,CAT-25,8.0,2.0
2026-06-25,CAT-26,6.0,2.0
2026-06-25,CAT-27,6.0,2.0
2026-06-25,CAT-28,5.0,2.0
2026-06-25,CAT-29,7.0,2.0
2026-06-25,CAT-30,8.0,2.0
2026-06-25,CAT-31,4.0,2.0
2026-06-25,CAT-32,4.0,2.0
2026-06-25,CAT-33,5.0,2.0
2026-06-25,CAT-34,8.0,2.0
2026-06-25,CAT-35,7.0,2.0
2026-06-25,CAT-36,4.0,2.0
2026-06-25,CAT-37,5.0,2.0
2026-06-25,CAT-38,5.0,2.0
2026-06-25,CAT-39,5.0,2.0
2026-06-25,CAT-40,6.0,2.0
2026-06-25,CAT-41,6.0,2.0
2026-06-25,CAT-42,5.0,2.0
2026-06-25,CAT-43,4.0,2.0
2026-06-25,CAT-44,6.0,2.0
2026-06-25,CAT-45,6.0,2.0
2026-06-25,CAT-46,5.0,2.0
2026-06-25,CAT-47,6.0,2.0
2026-06-25,CAT-48,3.0,2.0
2026-06-25,CAT-49,4.0,2.0
2026-06-26,CAT-01,4.0,2.0
2026-06-26,CAT-02,6.0,2.0
2026-06-26,CAT-03,6.0,2.0
2026-06-26,CAT-04,7.0,2.0
2026-06-26,CAT-05,4.0,2.0
2026-06-26,CAT-06,3.0,2.0
2026-06-26,CAT-07,7.0,2.0
2026-06-26,CAT-08,8.0,2.0
2026-06-26,CAT-09,6.0,2.0
2026-06-26,CAT-10,6.0,2.0
2026-06-26,CAT-11,3.0,2.0
2026-06-26,CAT-12,3.0,2.0
2026-06-26,CAT-13,5.0,2.0
2026-06-26,CAT-14,7.0,2.0
2026-06-26,CAT-15,4.0,2.0
2026-06-26,CAT-16,6.0,2.0
2026-06-26,CAT-17,5.0,2.0
2026-06-26,CAT-18,4.0,2.0
2026-06-26,CAT-19,5.0,2.0
2026-06-26,CAT-20,7.0,2.0
2026-06-26,CAT-21,4.0,2.0
2026-06-26,CAT-22,7.0,2.0
2026-06-26,CAT-23,7.0,2.0
2026-06-26,CAT-24,4.0,2.0
2026-06-26,CAT-25,8.0,2.0
2026-06-26,CAT-26,6.0,2.0
2026-06-26,CAT-27,6.0,2.0
2026-06-26,CAT-28,5.0,2.0
2026-06-26,CAT-29,7.0,2.0
2026-06-26,CAT-30,8.0,2.0
2026-06-26,CAT-31,4.0,2.0
2026-06-26,CAT-32,4.0,2.0
2026-06-26,CAT-33,5.0,2.0
2026-06-26,CAT-34,8.0,2.0
2026-06-26,CAT-35,7.0,2.0
2026-06-26,CAT-36,4.0,2.0
2026-06-26,CAT-37,5.0,2.0
2026-06-26,CAT-38,5.0,2.0
2026-06-26,CAT-39,5.0,2.0
2026-06-26,CAT-40,6.0,2.0
2026-06-26,CAT-41,6.0,2.0
2026-06-26,CAT-42,5.0,2.0
2026-06-26,CAT-43,4.0,2.0
2026-06-26,CAT-44,6.0,2.0
2026-06-26,CAT-45,6.0,2.0
2026-06-26,CAT-46,5.0,2.0
2026-06-26,CAT-47,6.0,2.0
2026-06-26,CAT-48,3.0,2.0
2026-06-26,CAT-49,4.0,2.0
2026-06-27,CAT-01,4.0,4.0
2026-06-27,CAT-02,6.0,4.0
2026-06-27,CAT-03,6.0,4.0
2026-06-27,CAT-04,7.0,4.0
2026-06-27,CAT-05,4.0,4.0
2026-06-27,CAT-06,3.0,4.0
2026-06-27,CAT-07,7.0,4.0
2026-06-27,CAT-08,8.0,4.0
2026-06-27,CAT-09,6.0,4.0
2026-06-27,CAT-10,6.0,4.0
2026-06-27,CAT-11,3.0,4.0
2026-06-27,CAT-12,3.0,4.0
2026-06-27,CAT-13,5.0,4.0
2026-06-27,CAT-14,7.0,4.0
2026-06-27,CAT-15,4.0,4.0
2026-06-27,CAT-16,6.0,4.0
2026-06-27,CAT-17,5.0,4.0
2026-06-27,CAT-18,4.0,4.0
2026-06-27,CAT-19,5.0,4.0
2026-06-27,CAT-20,7.0,4.0
2026-06-27,CAT-21,4.0,4.0
2026-06-27,CAT-22,7.0,4.0
2026-06-27,CAT-23,7.0,4.0
2026-06-27,CAT-24,4.0,4.0
2026-06-27,CAT-25,8.0,4.0
2026-06-27,CAT-26,6.0,4.0
2026-06-27,CAT-27,6.0,4.0
2026-06-27,CAT-28,5.0,4.0
2026-06-27,CAT-29,7.0,4.0
2026-06-27,CAT-30,8.0,4.0
2026-06-27,CAT-31,4.0,4.0
2026-06-27,CAT-32,4.0,4.0
2026-06-27,CAT-33,5.0,4.0
2026-06-27,CAT-34,8.0,4.0
2026-06-27,CAT-35,7.0,4.0
2026-06-27,CAT-36,4.0,4.0
2026-06-27,CAT-37,5.0,4.0
2026-06-27,CAT-38,5.0,4.0
2026-06-27,CAT-39,5.0,4.0
2026-06-27,CAT-40,6.0,4.0
2026-06-27,CAT-41,6.0,4.0
2026-06-27,CAT-42,5.0,4.0
2026-06-27,CAT-43,4.0,4.0
2026-06-27,CAT-44,6.0,4.0
2026-06-27,CAT-45,6.0,4.0
2026-06-27,CAT-46,5.0,4.0
2026-06-27,CAT-47,6.0,4.0
2026-06-27,CAT-48,3.0,4.0
2026-06-27,CAT-49,4.0,4.0
2026-06-28,CAT-01,4.0,2.0
2026-06-28,CAT-02,6.0,2.0
2026-06-28,CAT-03,6.0,2.0
2026-06-28,CAT-04,7.0,2.0
2026-06-28,CAT-05,4.0,2.0
2026-06-28,CAT-06,3.0,2.0
2026-06-28,CAT-07,7.0,2.0
2026-06-28,CAT-08,8.0,2.0
2026-06-28,CAT-09,6.0,2.0
2026-06-28,CAT-10,6.0,2.0
2026-06-28,CAT-11,3.0,2.0
2026-06-28,CAT-12,3.0,2.0
2026-06-28,CAT-13,5.0,2.0
2026-06-28,CAT-14,7.0,2.0
2026-06-28,CAT-15,4.0,2.0
2026-06-28,CAT-16,6.0,2.0
2026-06-28,CAT-17,5.0,2.0
2026-06-28,CAT-18,4.0,2.0
2026-06-28,CAT-19,5.0,2.0
2026-06-28,CAT-20,7.0,2.0
2026-06-28,CAT-21,4.0,2.0
2026-06-28,CAT-22,7.0,2.0
2026-06-28,CAT-23,7.0,2.0
2026-06-28,CAT-24,4.0,2.0
2026-06-28,CAT-25,8.0,2.0
2026-06-28,CAT-26,6.0,2.0
2026-06-28,CAT-27,6.0,2.0
2026-06-28,CAT-28,5.0,2.0
2026-06-28,CAT-29,7.0,2.0
2026-06-28,CAT-30,8.0,2.0
2026-06-28,CAT-31,4.0,2.0
2026-06-28,CAT-32,4.0,2.0
2026-06-28,CAT-33,5.0,2.0
2026-06-28,CAT-34,8.0,2.0
2026-06-28,CAT-35,7.0,2.0
2026-06-28,CAT-36,4.0,2.0
2026-06-28,CAT-37,5.0,2.0
2026-06-28,CAT-38,5.0,2.0
2026-06-28,CAT-39,5.0,2.0
2026-06-28,CAT-40,6.0,2.0
2026-06-28,CAT-41,6.0,2.0
2026-06-28,CAT-42,5.0,2.0
2026-06-28,CAT-43,4.0,2.0
2026-06-28,CAT-44,6.0,2.0
2026-06-28,CAT-45,6.0,2.0
2026-06-28,CAT-46,5.0,2.0
2026-06-28,CAT-47,6.0,2.0
2026-06-28,CAT-48,3.0,2.0
2026-06-28,CAT-49,4.0,2.0
2026-06-29,CAT-01,4.0,2.0
2026-06-29,CAT-02,6.0,2.0
2026-06-29,CAT-03,6.0,2.0
2026-06-29,CAT-04,7.0,2.0
2026-06-29,CAT-05,4.0,2.0
2026-06-29,CAT-06,3.0,2.0
2026-06-29,CAT-07,7.0,2.0
2026-06-29,CAT-08,8.0,2.0
2026-06-29,CAT-09,6.0,2.0
2026-06-29,CAT-10,6.0,2.0
2026-06-29,CAT-11,3.0,2.0
2026-06-29,CAT-12,3.0,2.0
2026-06-29,CAT-13,5.0,2.0
2026-06-29,CAT-14,7.0,2.0
2026-06-29,CAT-15,4.0,2.0
2026-06-29,CAT-16,6.0,2.0
2026-06-29,CAT-17,5.0,2.0
2026-06-29,CAT-18,4.0,2.0
2026-06-29,CAT-19,5.0,2.0
2026-06-29,CAT-20,7.0,2.0
2026-06-29,CAT-21,4.0,2.0
2026-06-29,CAT-22,7.0,2.0
2026-06-29,CAT-23,7.0,2.0
2026-06-29,CAT-24,4.0,2.0
2026-06-29,CAT-25,8.0,2.0
2026-06-29,CAT-26,6.0,2.0
2026-06-29,CAT-27,6.0,2.0
2026-06-29,CAT-28,5.0,2.0
2026-06-29,CAT-29,7.0,2.0
2026-06-29,CAT-30,8.0,2.0
2026-06-29,CAT-31,4.0,2.0
2026-06-29,CAT-32,4.0,2.0
2026-06-29,CAT-33,5.0,2.0
2026-06-29,CAT-34,8.0,2.0
2026-06-29,CAT-35,7.0,2.0
2026-06-29,CAT-36,4.0,2.0
2026-06-29,CAT-37,5.0,2.0
2026-06-29,CAT-38,5.0,2.0
2026-06-29,CAT-39,5.0,2.0
2026-06-29,CAT-40,6.0,2.0
2026-06-29,CAT-41,6.0,2.0
2026-06-29,CAT-42,5.0,2.0
2026-06-29,CAT-43,4.0,2.0
2026-06-29,CAT-44,6.0,2.0
2026-06-29,CAT-45,6.0,2.0
2026-06-29,CAT-46,5.0,2.0
2026-06-29,CAT-47,6.0,2.0
2026-06-29,CAT-48,3.0,2.0
2026-06-29,CAT-49,4.0,2.0
2026-06-30,CAT-01,4.0,2.0
2026-06-30,CAT-02,6.0,2.0
2026-06-30,CAT-03,6.0,2.0
2026-06-30,CAT-04,7.0,2.0
2026-06-30,CAT-05,4.0,2.0
2026-06-30,CAT-06,3.0,2.0
2026-06-30,CAT-07,7.0,2.0
2026-06-30,CAT-08,8.0,2.0
2026-06-30,CAT-09,6.0,2.0
2026-06-30,CAT-10,6.0,2.0
2026-06-30,CAT-11,3.0,2.0
2026-06-30,CAT-12,3.0,2.0
2026-06-30,CAT-13,5.0,2.0
2026-06-30,CAT-14,7.0,2.0
2026-06-30,CAT-15,4.0,2.0
2026-06-30,CAT-16,6.0,2.0
2026-06-30,CAT-17,5.0,2.0
2026-06-30,CAT-18,4.0,2.0
2026-06-30,CAT-19,5.0,2.0
2026-06-30,CAT-20,7.0,2.0
2026-06-30,CAT-21,4.0,2.0
2026-06-30,CAT-22,7.0,2.0
2026-06-30,CAT-23,7.0,2.0
2026-06-30,CAT-24,4.0,2.0
2026-06-30,CAT-25,8.0,2.0
2026-06-30,CAT-26,6.0,2.0
2026-06-30,CAT-27,6.0,2.0
2026-06-30,CAT-28,5.0,2.0
2026-06-30,CAT-29,7.0,2.0
2026-06-30,CAT-30,8.0,2.0
2026-06-30,CAT-31,4.0,2.0
2026-06-30,CAT-32,4.0,2.0
2026-06-30,CAT-33,5.0,2.0
2026-06-30,CAT-34,8.0,2.0
2026-06-30,CAT-35,7.0,2.0
2026-06-30,CAT-36,4.0,2.0
2026-06-30,CAT-37,5.0,2.0
2026-06-30,CAT-38,5.0,2.0
2026-06-30,CAT-39,5.0,2.0
2026-06-30,CAT-40,6.0,2.0
2026-06-30,CAT-41,6.0,2.0
2026-06-30,CAT-42,5.0,2.0
2026-06-30,CAT-43,4.0,2.0
2026-06-30,CAT-44,6.0,2.0
2026-06-30,CAT-45,6.0,2.0
2026-06-30,CAT-46,5.0,2.0
2026-06-30,CAT-47,6.0,2.0
2026-06-30,CAT-48,3.0,2.0
2026-06-30,CAT-49,4.0,2.0
2026-07-01,CAT-01,4.0,2.0
2026-07-01,CAT-02,6.0,2.0
2026-07-01,CAT-03,6.0,2.0
2026-07-01,CAT-04,7.0,2.0
2026-07-01,CAT-05,4.0,2.0
2026-07-01,CAT-06,3.0,2.0
2026-07-01,CAT-07,7.0,2.0
2026-07-01,CAT-08,8.0,2.0
2026-07-01,CAT-09,6.0,2.0
2026-07-01,CAT-10,6.0,2.0
2026-07-01,CAT-11,3.0,2.0
2026-07-01,CAT-12,3.0,2.0
2026-07-01,CAT-13,5.0,2.0
2026-07-01,CAT-14,7.0,2.0
2026-07-01,CAT-15,4.0,2.0
2026-07-01,CAT-16,6.0,2.0
2026-07-01,CAT-17,5.0,2.0
2026-07-01,CAT-18,4.0,2.0
2026-07-01,CAT-19,5.0,2.0
2026-07-01,CAT-20,7.0,2.0
2026-07-01,CAT-21,4.0,2.0
2026-07-01,CAT-22,7.0,2.0
2026-07-01,CAT-23,7.0,2.0
2026-07-01,CAT-24,4.0,2.0
2026-07-01,CAT-25,8.0,2.0
2026-07-01,CAT-26,6.0,2.0
2026-07-01,CAT-27,6.0,2.0
2026-07-01,CAT-28,5.0,2.0
2026-07-01,CAT-29,7.0,2.0
2026-07-01,CAT-30,8.0,2.0
2026-07-01,CAT-31,4.0,2.0
2026-07-01,CAT-32,4.0,2.0
2026-07-01,CAT-33,5.0,2.0
2026-07-01,CAT-34,8.0,2.0
2026-07-01,CAT-35,7.0,2.0
2026-07-01,CAT-36,4.0,2.0
2026-07-01,CAT-37,5.0,2.0
2026-07-01,CAT-38,5.0,2.0
2026-07-01,CAT-39,5.0,2.0
2026-07-01,CAT-40,6.0,2.0
2026-07-01,CAT-41,6.0,2.0
2026-07-01,CAT-42,5.0,2.0
2026-07-01,CAT-43,4.0,2.0
2026-07-01,CAT-44,6.0,2.0
2026-07-01,CAT-45,6.0,2.0
2026-07-01,CAT-46,5.0,2.0
2026-07-01,CAT-47,6.0,2.0
2026-07-01,CAT-48,3.0,2.0
2026-07-01,CAT-49,4.0,2.0
2026-07-02,CAT-01,4.0,2.0
2026-07-02,CAT-02,6.0,2.0
2026-07-02,CAT-03,6.0,2.0
2026-07-02,CAT-04,7.0,2.0
2026-07-02,CAT-05,4.0,2.0
2026-07-02,CAT-06,3.0,2.0
2026-07-02,CAT-07,7.0,2.0
2026-07-02,CAT-08,8.0,2.0
2026-07-02,CAT-09,6.0,2.0
2026-07-02,CAT-10,6.0,2.0
2026-07-02,CAT-11,3.0,2.0
2026-07-02,CAT-12,3.0,2.0
2026-07-02,CAT-13,5.0,2.0
2026-07-02,CAT-14,7.0,2.0
2026-07-02,CAT-15,4.0,2.0
2026-07-02,CAT-16,6.0,2.0
2026-07-02,CAT-17,5.0,2.0
2026-07-02,CAT-18,4.0,2.0
2026-07-02,CAT-19,5.0,2.0
2026-07-02,CAT-20,7.0,2.0
2026-07-02,CAT-21,4.0,2.0
2026-07-02,CAT-22,7.0,2.0
2026-07-02,CAT-23,7.0,2.0
2026-07-02,CAT-24,4.0,2.0
2026-07-02,CAT-25,8.0,2.0
2026-07-02,CAT-26,6.0,2.0
2026-07-02,CAT-27,6.0,2.0
2026-07-02,CAT-28,5.0,2.0
2026-07-02,CAT-29,7.0,2.0
2026-07-02,CAT-30,8.0,2.0
2026-07-02,CAT-31,4.0,2.0
2026-07-02,CAT-32,4.0,2.0
2026-07-02,CAT-33,5.0,2.0
2026-07-02,CAT-34,8.0,2.0
2026-07-02,CAT-35,7.0,2.0
2026-07-02,CAT-36,4.0,2.0
2026-07-02,CAT-37,5.0,2.0
2026-07-02,CAT-38,5.0,2.0
2026-07-02,CAT-39,5.0,2.0
2026-07-02,CAT-40,6.0,2.0
2026-07-02,CAT-41,6.0,2.0
2026-07-02,CAT-42,5.0,2.0
2026-07-02,CAT-43,4.0,2.0
2026-07-02,CAT-44,6.0,2.0
2026-07-02,CAT-45,6.0,2.0
2026-07-02,CAT-46,5.0,2.0
2026-07-02,CAT-47,6.0,2.0
2026-07-02,CAT-48,3.0,2.0
2026-07-02,CAT-49,4.0,2.0
2026-07-03,CAT-01,4.0,2.0
2026-07-03,CAT-02,6.0,2.0
2026-07-03,CAT-03,6.0,2.0
2026-07-03,CAT-04,7.0,2.0
2026-07-03,CAT-05,4.0,2.0
2026-07-03,CAT-06,3.0,2.0
2026-07-03,CAT-07,7.0,2.0
2026-07-03,CAT-08,8.0,2.0
2026-07-03,CAT-09,6.0,2.0
2026-07-03,CAT-10,6.0,2.0
2026-07-03,CAT-11,3.0,2.0
2026-07-03,CAT-12,3.0,2.0
2026-07-03,CAT-13,5.0,2.0
2026-07-03,CAT-14,7.0,2.0
2026-07-03,CAT-15,4.0,2.0
2026-07-03,CAT-16,6.0,2.0
2026-07-03,CAT-17,5.0,2.0
2026-07-03,CAT-18,4.0,2.0
2026-07-03,CAT-19,5.0,2.0
2026-07-03,CAT-20,7.0,2.0
2026-07-03,CAT-21,4.0,2.0
2026-07-03,CAT-22,7.0,2.0
2026-07-03,CAT-23,7.0,2.0
2026-07-03,CAT-24,4.0,2.0
2026-07-03,CAT-25,8.0,2.0
2026-07-03,CAT-26,6.0,2.0
2026-07-03,CAT-27,6.0,2.0
2026-07-03,CAT-28,5.0,2.0
2026-07-03,CAT-29,7.0,2.0
2026-07-03,CAT-30,8.0,2.0
2026-07-03,CAT-31,4.0,2.0
2026-07-03,CAT-32,4.0,2.0
2026-07-03,CAT-33,5.0,2.0
2026-07-03,CAT-34,8.0,2.0
2026-07-03,CAT-35,7.0,2.0
2026-07-03,CAT-36,4.0,2.0
2026-07-03,CAT-37,5.0,2.0
2026-07-03,CAT-38,5.0,2.0
2026-07-03,CAT-39,5.0,2.0
2026-07-03,CAT-40,6.0,2.0
2026-07-03,CAT-41,6.0,2.0
2026-07-03,CAT-42,5.0,2.0
2026-07-03,CAT-43,4.0,2.0
2026-07-03,CAT-44,6.0,2.0
2026-07-03,CAT-45,6.0,2.0
2026-07-03,CAT-46,5.0,2.0
2026-07-03,CAT-47,6.0,2.0
2026-07-03,CAT-48,3.0,2.0
2026-07-03,CAT-49,4.0,2.0
2026-07-04,CAT-01,4.0,2.0
2026-07-04,CAT-02,6.0,2.0
2026-07-04,CAT-03,6.0,2.0
2026-07-04,CAT-04,7.0,2.0
2026-07-04,CAT-05,4.0,2.0
2026-07-04,CAT-06,3.0,2.0
2026-07-04,CAT-07,7.0,2.0
2026-07-04,CAT-08,8.0,2.0
2026-07-04,CAT-09,6.0,2.0
2026-07-04,CAT-10,6.0,2.0
2026-07-04,CAT-11,3.0,2.0
2026-07-04,CAT-12,3.0,2.0
2026-07-04,CAT-13,5.0,2.0
2026-07-04,CAT-14,7.0,2.0
2026-07-04,CAT-15,4.0,2.0
2026-07-04,CAT-16,6.0,2.0
2026-07-04,CAT-17,5.0,2.0
2026-07-04,CAT-18,4.0,2.0
2026-07-04,CAT-19,5.0,2.0
2026-07-04,CAT-20,7.0,2.0
2026-07-04,CAT-21,4.0,2.0
2026-07-04,CAT-22,7.0,2.0
2026-07-04,CAT-23,7.0,2.0
2026-07-04,CAT-24,4.0,2.0
2026-07-04,CAT-25,8.0,2.0
2026-07-04,CAT-26,6.0,2.0
2026-07-04,CAT-27,6.0,2.0
2026-07-04,CAT-28,5.0,2.0
2026-07-04,CAT-29,7.0,2.0
2026-07-04,CAT-30,8.0,2.0
2026-07-04,CAT-31,4.0,2.0
2026-07-04,CAT-32,4.0,2.0
2026-07-04,CAT-33,5.0,2.0
2026-07-04,CAT-34,8.0,2.0
2026-07-04,CAT-35,7.0,2.0
2026-07-04,CAT-36,4.0,2.0
2026-07-04,CAT-37,5.0,2.0
2026-07-04,CAT-38,5.0,2.0
2026-07-04,CAT-39,5.0,2.0
2026-07-04,CAT-40,6.0,2.0
2026-07-04,CAT-41,6.0,2.0
2026-07-04,CAT-42,5.0,2.0
2026-07-04,CAT-43,4.0,2.0
2026-07-04,CAT-44,6.0,2.0
2026-07-04,CAT-45,6.0,2.0
2026-07-04,CAT-46,5.0,2.0
2026-07-04,CAT-47,6.0,2.0
2026-07-04,CAT-48,3.0,2.0
2026-07-04,CAT-49,4.0,2.0
2026-07-05,CAT-01,4.0,2.0
2026-07-05,CAT-02,6.0,2.0
2026-07-05,CAT-03,6.0,2.0
2026-07-05,CAT-04,7.0,2.0
2026-07-05,CAT-05,4.0,2.0
2026-07-05,CAT-06,3.0,2.0
2026-07-05,CAT-07,7.0,2.0
2026-07-05,CAT-08,8.0,2.0
2026-07-05,CAT-09,6.0,2.0
2026-07-05,CAT-10,6.0,2.0
2026-07-05,CAT-11,3.0,2.0
2026-07-05,CAT-12,3.0,2.0
2026-07-05,CAT-13,5.0,2.0
2026-07-05,CAT-14,7.0,2.0
2026-07-05,CAT-15,4.0,2.0
2026-07-05,CAT-16,6.0,2.0
2026-07-05,CAT-17,5.0,2.0
2026-07-05,CAT-18,4.0,2.0
2026-07-05,CAT-19,5.0,2.0
2026-07-05,CAT-20,7.0,2.0
2026-07-05,CAT-21,4.0,2.0
2026-07-05,CAT-22,7.0,2.0
2026-07-05,CAT-23,7.0,2.0
2026-07-05,CAT-24,4.0,2.0
2026-07-05,CAT-25,8.0,2.0
2026-07-05,CAT-26,6.0,2.0
2026-07-05,CAT-27,6.0,2.0
2026-07-05,CAT-28,5.0,2.0
2026-07-05,CAT-29,7.0,2.0
2026-07-05,CAT-30,8.0,2.0
2026-07-05,CAT-31,4.0,2.0
2026-07-05,CAT-32,4.0,2.0
2026-07-05,CAT-33,5.0,2.0
2026-07-05,CAT-34,8.0,2.0
2026-07-05,CAT-35,7.0,2.0
2026-07-05,CAT-36,4.0,2.0
2026-07-05,CAT-37,5.0,2.0
2026-07-05,CAT-38,5.0,2.0
2026-07-05,CAT-39,5.0,2.0
2026-07-05,CAT-40,6.0,2.0
2026-07-05,CAT-41,6.0,2.0
2026-07-05,CAT-42,5.0,2.0
2026-07-05,CAT-43,4.0,2.0
2026-07-05,CAT-44,6.0,2.0
2026-07-05,CAT-45,6.0,2.0
2026-07-05,CAT-46,5.0,2.0
2026-07-05,CAT-47,6.0,2.0
2026-07-05,CAT-48,3.0,2.0
2026-07-05,CAT-49,4.0,2.0
2026-07-06,CAT-01,4.0,2.0
2026-07-06,CAT-02,6.0,2.0
2026-07-06,CAT-03,6.0,2.0
2026-07-06,CAT-04,7.0,2.0
2026-07-06,CAT-05,4.0,2.0
2026-07-06,CAT-06,3.0,2.0
2026-07-06,CAT-07,7.0,2.0
2026-07-06,CAT-08,8.0,2.0
2026-07-06,CAT-09,6.0,2.0
2026-07-06,CAT-10,6.0,2.0
2026-07-06,CAT-11,3.0,2.0
2026-07-06,CAT-12,3.0,2.0
2026-07-06,CAT-13,5.0,2.0
2026-07-06,CAT-14,7.0,2.0
2026-07-06,CAT-15,4.0,2.0
2026-07-06,CAT-16,6.0,2.0
2026-07-06,CAT-17,5.0,2.0
2026-07-06,CAT-18,4.0,2.0
2026-07-06,CAT-19,5.0,2.0
2026-07-06,CAT-20,7.0,2.0
2026-07-06,CAT-21,4.0,2.0
2026-07-06,CAT-22,7.0,2.0
2026-07-06,CAT-23,7.0,2.0
2026-07-06,CAT-24,4.0,2.0
2026-07-06,CAT-25,8.0,2.0
2026-07-06,CAT-26,6.0,2.0
2026-07-06,CAT-27,6.0,2.0
2026-07-06,CAT-28,5.0,2.0
2026-07-06,CAT-29,7.0,2.0
2026-07-06,CAT-30,8.0,2.0
2026-07-06,CAT-31,4.0,2.0
2026-07-06,CAT-32,4.0,2.0
2026-07-06,CAT-33,5.0,2.0
2026-07-06,CAT-34,8.0,2.0
2026-07-06,CAT-35,7.0,2.0
2026-07-06,CAT-36,4.0,2.0
2026-07-06,CAT-37,5.0,2.0
2026-07-06,CAT-38,5.0,2.0
2026-07-06,CAT-39,5.0,2.0
2026-07-06,CAT-40,6.0,2.0
2026-07-06,CAT-41,6.0,2.0
2026-07-06,CAT-42,5.0,2.0
2026-07-06,CAT-43,4.0,2.0
2026-07-06,CAT-44,6.0,2.0
2026-07-06,CAT-45,6.0,2.0
2026-07-06,CAT-46,5.0,2.0
2026-07-06,CAT-47,6.0,2.0
2026-07-06,CAT-48,3.0,2.0
2026-07-06,CAT-49,4.0,2.0
2026-07-07,CAT-01,4.0,2.0
2026-07-07,CAT-02,6.0,2.0
2026-07-07,CAT-03,6.0,2.0
2026-07-07,CAT-04,7.0,2.0
2026-07-07,CAT-05,4.0,2.0
2026-07-07,CAT-06,3.0,2.0
2026-07-07,CAT-07,7.0,2.0
2026-07-07,CAT-08,8.0,2.0
2026-07-07,CAT-09,6.0,2.0
2026-07-07,CAT-10,6.0,2.0
2026-07-07,CAT-11,3.0,2.0
2026-07-07,CAT-12,3.0,2.0
2026-07-07,CAT-13,5.0,2.0
2026-07-07,CAT-14,7.0,2.0
2026-07-07,CAT-15,4.0,2.0
2026-07-07,CAT-16,6.0,2.0
2026-07-07,CAT-17,5.0,2.0
2026-07-07,CAT-18,4.0,2.0
2026-07-07,CAT-19,5.0,2.0
2026-07-07,CAT-20,7.0,2.0
2026-07-07,CAT-21,4.0,2.0
2026-07-07,CAT-22,7.0,2.0
2026-07-07,CAT-23,7.0,2.0
2026-07-07,CAT-24,4.0,2.0
2026-07-07,CAT-25,8.0,2.0
2026-07-07,CAT-26,6.0,2.0
2026-07-07,CAT-27,6.0,2.0
2026-07-07,CAT-28,5.0,2.0
2026-07-07,CAT-29,7.0,2.0
2026-07-07,CAT-30,8.0,2.0
2026-07-07,CAT-31,4.0,2.0
2026-07-07,CAT-32,4.0,2.0
2026-07-07,CAT-33,5.0,2.0
2026-07-07,CAT-34,8.0,2.0
2026-07-07,CAT-35,7.0,2.0
2026-07-07,CAT-36,4.0,2.0
2026-07-07,CAT-37,5.0,2.0
2026-07-07,CAT-38,5.0,2.0
2026-07-07,CAT-39,5.0,2.0
2026-07-07,CAT-40,6.0,2.0
2026-07-07,CAT-41,6.0,2.0
2026-07-07,CAT-42,5.0,2.0
2026-07-07,CAT-43,4.0,2.0
2026-07-07,CAT-44,6.0,2.0
2026-07-07,CAT-45,6.0,2.0
2026-07-07,CAT-46,5.0,2.0
2026-07-07,CAT-47,6.0,2.0
2026-07-07,CAT-48,3.0,2.0
2026-07-07,CAT-49,4.0,2.0
2026-07-08,CAT-01,4.0,2.0
2026-07-08,CAT-02,6.0,2.0
2026-07-08,CAT-03,6.0,2.0
2026-07-08,CAT-04,7.0,2.0
2026-07-08,CAT-05,4.0,2.0
2026-07-08,CAT-06,3.0,2.0
2026-07-08,CAT-07,7.0,2.0
2026-07-08,CAT-08,8.0,2.0
2026-07-08,CAT-09,6.0,2.0
2026-07-08,CAT-10,6.0,2.0
2026-07-08,CAT-11,3.0,2.0
2026-07-08,CAT-12,3.0,2.0
2026-07-08,CAT-13,5.0,2.0
2026-07-08,CAT-14,7.0,2.0
2026-07-08,CAT-15,4.0,2.0
2026-07-08,CAT-16,6.0,2.0
2026-07-08,CAT-17,5.0,2.0
2026-07-08,CAT-18,4.0,2.0
2026-07-08,CAT-19,5.0,2.0
2026-07-08,CAT-20,7.0,2.0
2026-07-08,CAT-21,4.0,2.0
2026-07-08,CAT-22,7.0,2.0
2026-07-08,CAT-23,7.0,2.0
2026-07-08,CAT-24,4.0,2.0
2026-07-08,CAT-25,8.0,2.0
2026-07-08,CAT-26,6.0,2.0
2026-07-08,CAT-27,6.0,2.0
2026-07-08,CAT-28,5.0,2.0
2026-07-08,CAT-29,7.0,2.0
2026-07-08,CAT-30,8.0,2.0
2026-07-08,CAT-31,4.0,2.0
2026-07-08,CAT-32,4.0,2.0
2026-07-08,CAT-33,5.0,2.0
2026-07-08,CAT-34,8.0,2.0
2026-07-08,CAT-35,7.0,2.0
2026-07-08,CAT-36,4.0,2.0
2026-07-08,CAT-37,5.0,2.0
2026-07-08,CAT-38,5.0,2.0
2026-07-08,CAT-39,5.0,2.0
2026-07-08,CAT-40,6.0,2.0
2026-07-08,CAT-41,6.0,2.0
2026-07-08,CAT-42,5.0,2.0
2026-07-08,CAT-43,4.0,2.0
2026-07-08,CAT-44,6.0,2.0
2026-07-08,CAT-45,6.0,2.0
2026-07-08,CAT-46,5.0,2.0
2026-07-08,CAT-47,6.0,2.0
2026-07-08,CAT-48,3.0,2.0
2026-07-08,CAT-49,4.0,2.0
2026-07-09,CAT-01,4.0,2.0
2026-07-09,CAT-02,6.0,2.0
2026-07-09,CAT-03,6.0,2.0
2026-07-09,CAT-04,7.0,2.0
2026-07-09,CAT-05,4.0,2.0
2026-07-09,CAT-06,3.0,2.0
2026-07-09,CAT-07,7.0,2.0
2026-07-09,CAT-08,8.0,2.0
2026-07-09,CAT-09,6.0,2.0
2026-07-09,CAT-10,6.0,2.0
2026-07-09,CAT-11,3.0,2.0
2026-07-09,CAT-12,3.0,2.0
2026-07-09,CAT-13,5.0,2.0
2026-07-09,CAT-14,7.0,2.0
2026-07-09,CAT-15,4.0,2.0
2026-07-09,CAT-16,6.0,2.0
2026-07-09,CAT-17,5.0,2.0
2026-07-09,CAT-18,4.0,2.0
2026-07-09,CAT-19,5.0,2.0
2026-07-09,CAT-20,7.0,2.0
2026-07-09,CAT-21,4.0,2.0
2026-07-09,CAT-22,7.0,2.0
2026-07-09,CAT-23,7.0,2.0
2026-07-09,CAT-24,4.0,2.0
2026-07-09,CAT-25,8.0,2.0
2026-07-09,CAT-26,6.0,2.0
2026-07-09,CAT-27,6.0,2.0
2026-07-09,CAT-28,5.0,2.0
2026-07-09,CAT-29,7.0,2.0
2026-07-09,CAT-30,8.0,2.0
2026-07-09,CAT-31,4.0,2.0
2026-07-09,CAT-32,4.0,2.0
2026-07-09,CAT-33,5.0,2.0
2026-07-09,CAT-34,8.0,2.0
2026-07-09,CAT-35,7.0,2.0
2026-07-09,CAT-36,4.0,2.0
2026-07-09,CAT-37,5.0,2.0
2026-07-09,CAT-38,5.0,2.0
2026-07-09,CAT-39,5.0,2.0
2026-07-09,CAT-40,6.0,2.0
2026-07-09,CAT-41,6.0,2.0
2026-07-09,CAT-42,5.0,2.0
2026-07-09,CAT-43,4.0,2.0
2026-07-09,CAT-44,6.0,2.0
2026-07-09,CAT-45,6.0,2.0
2026-07-09,CAT-46,5.0,2.0
2026-07-09,CAT-47,6.0,2.0
2026-07-09,CAT-48,3.0,2.0
2026-07-09,CAT-49,4.0,2.0
2026-07-10,CAT-01,4.0,4.0
2026-07-10,CAT-02,6.0,4.0
2026-07-10,CAT-03,6.0,4.0
2026-07-10,CAT-04,7.0,4.0
2026-07-10,CAT-05,4.0,4.0
2026-07-10,CAT-06,3.0,4.0
2026-07-10,CAT-07,7.0,4.0
2026-07-10,CAT-08,8.0,4.0
2026-07-10,CAT-09,6.0,4.0
2026-07-10,CAT-10,6.0,4.0
2026-07-10,CAT-11,3.0,4.0
2026-07-10,CAT-12,3.0,4.0
2026-07-10,CAT-13,5.0,4.0
2026-07-10,CAT-14,7.0,4.0
2026-07-10,CAT-15,4.0,4.0
2026-07-10,CAT-16,6.0,4.0
2026-07-10,CAT-17,5.0,4.0
2026-07-10,CAT-18,4.0,4.0
2026-07-10,CAT-19,5.0,4.0
2026-07-10,CAT-20,7.0,4.0
2026-07-10,CAT-21,4.0,4.0
2026-07-10,CAT-22,7.0,4.0
2026-07-10,CAT-23,7.0,4.0
2026-07-10,CAT-24,4.0,4.0
2026-07-10,CAT-25,8.0,4.0
2026-07-10,CAT-26,6.0,4.0
2026-07-10,CAT-27,6.0,4.0
2026-07-10,CAT-28,5.0,4.0
2026-07-10,CAT-29,7.0,4.0
2026-07-10,CAT-30,8.0,4.0
2026-07-10,CAT-31,4.0,4.0
2026-07-10,CAT-32,4.0,4.0
2026-07-10,CAT-33,5.0,4.0
2026-07-10,CAT-34,8.0,4.0
2026-07-10,CAT-35,7.0,4.0
2026-07-10,CAT-36,4.0,4.0
2026-07-10,CAT-37,5.0,4.0
2026-07-10,CAT-38,5.0,4.0
2026-07-10,CAT-39,5.0,4.0
2026-07-10,CAT-40,6.0,4.0
2026-07-10,CAT-41,6.0,4.0
2026-07-10,CAT-42,5.0,4.0
2026-07-10,CAT-43,4.0,4.0
2026-07-10,CAT-44,6.0,4.0
2026-07-10,CAT-45,6.0,4.0
2026-07-10,CAT-46,5.0,4.0
2026-07-10,CAT-47,6.0,4.0
2026-07-10,CAT-48,3.0,4.0
2026-07-10,CAT-49,4.0,4.0
2026-07-11,CAT-01,4.0,2.0
2026-07-11,CAT-02,6.0,2.0
2026-07-11,CAT-03,6.0,2.0
2026-07-11,CAT-04,7.0,2.0
2026-07-11,CAT-05,4.0,2.0
2026-07-11,CAT-06,3.0,2.0
2026-07-11,CAT-07,7.0,2.0
2026-07-11,CAT-08,8.0,2.0
2026-07-11,CAT-09,6.0,2.0
2026-07-11,CAT-10,6.0,2.0
2026-07-11,CAT-11,3.0,2.0
2026-07-11,CAT-12,3.0,2.0
2026-07-11,CAT-13,5.0,2.0
2026-07-11,CAT-14,7.0,2.0
2026-07-11,CAT-15,4.0,2.0
2026-07-11,CAT-16,6.0,2.0
2026-07-11,CAT-17,5.0,2.0
2026-07-11,CAT-18,4.0,2.0
2026-07-11,CAT-19,5.0,2.0
2026-07-11,CAT-20,7.0,2.0
2026-07-11,CAT-21,4.0,2.0
2026-07-11,CAT-22,7.0,2.0
2026-07-11,CAT-23,7.0,2.0
2026-07-11,CAT-24,4.0,2.0
2026-07-11,CAT-25,8.0,2.0
2026-07-11,CAT-26,6.0,2.0
2026-07-11,CAT-27,6.0,2.0
2026-07-11,CAT-28,5.0,2.0
2026-07-11,CAT-29,7.0,2.0
2026-07-11,CAT-30,8.0,2.0
2026-07-11,CAT-31,4.0,2.0
2026-07-11,CAT-32,4.0,2.0
2026-07-11,CAT-33,5.0,2.0
2026-07-11,CAT-34,8.0,2.0
2026-07-11,CAT-35,7.0,2.0
2026-07-11,CAT-36,4.0,2.0
2026-07-11,CAT-37,5.0,2.0
2026-07-11,CAT-38,5.0,2.0
2026-07-11,CAT-39,5.0,2.0
2026-07-11,CAT-40,6.0,2.0
2026-07-11,CAT-41,6.0,2.0
2026-07-11,CAT-42,5.0,2.0
2026-07-11,CAT-43,4.0,2.0
2026-07-11,CAT-44,6.0,2.0
2026-07-11,CAT-45,6.0,2.0
2026-07-11,CAT-46,5.0,2.0
2026-07-11,CAT-47,6.0,2.0
2026-07-11,CAT-48,3.0,2.0
2026-07-11,CAT-49,4.0,2.0
2026-07-12,CAT-01,4.0,3.0
2026-07-12,CAT-02,6.0,3.0
2026-07-12,CAT-03,6.0,3.0
2026-07-12,CAT-04,7.0,3.0
2026-07-12,CAT-05,4.0,3.0
2026-07-12,CAT-06,3.0,3.0
2026-07-12,CAT-07,7.0,3.0
2026-07-12,CAT-08,8.0,3.0
2026-07-12,CAT-09,6.0,3.0
2026-07-12,CAT-10,6.0,3.0
2026-07-12,CAT-11,3.0,3.0
2026-07-12,CAT-12,3.0,3.0
2026-07-12,CAT-13,5.0,3.0
2026-07-12,CAT-14,7.0,3.0
2026-07-12,CAT-15,4.0,3.0
2026-07-12,CAT-16,6.0,3.0
2026-07-12,CAT-17,5.0,3.0
2026-07-12,CAT-18,4.0,3.0
2026-07-12,CAT-19,5.0,3.0
2026-07-12,CAT-20,7.0,3.0
2026-07-12,CAT-21,4.0,3.0
2026-07-12,CAT-22,7.0,3.0
2026-07-12,CAT-23,7.0,3.0
2026-07-12,CAT-24,4.0,3.0
2026-07-12,CAT-25,8.0,3.0
2026-07-12,CAT-26,6.0,3.0
2026-07-12,CAT-27,6.0,3.0
2026-07-12,CAT-28,5.0,3.0
2026-07-12,CAT-29,7.0,3.0
2026-07-12,CAT-30,8.0,3.0
2026-07-12,CAT-31,4.0,3.0
2026-07-12,CAT-32,4.0,3.0
2026-07-12,CAT-33,5.0,3.0
2026-07-12,CAT-34,8.0,3.0
2026-07-12,CAT-35,7.0,3.0
2026-07-12,CAT-36,4.0,3.0
2026-07-12,CAT-37,5.0,3.0
2026-07-12,CAT-38,5.0,3.0
2026-07-12,CAT-39,5.0,3.0
2026-07-12,CAT-40,6.0,3.0
2026-07-12,CAT-41,6.0,3.0
2026-07-12,CAT-42,5.0,3.0
2026-07-12,CAT-43,4.0,3.0
2026-07-12,CAT-44,6.0,3.0
2026-07-12,CAT-45,6.0,3.0
2026-07-12,CAT-46,5.0,3.0
2026-07-12,CAT-47,6.0,3.0
2026-07-12,CAT-48,3.0,3.0
2026-07-12,CAT-49,4.0,3.0
2026-07-13,CAT-01,4.0,2.0
2026-07-13,CAT-02,6.0,2.0
2026-07-13,CAT-03,6.0,2.0
2026-07-13,CAT-04,7.0,2.0
2026-07-13,CAT-05,4.0,2.0
2026-07-13,CAT-06,3.0,2.0
2026-07-13,CAT-07,7.0,2.0
2026-07-13,CAT-08,8.0,2.0
2026-07-13,CAT-09,6.0,2.0
2026-07-13,CAT-10,6.0,2.0
2026-07-13,CAT-11,3.0,2.0
2026-07-13,CAT-12,3.0,2.0
2026-07-13,CAT-13,5.0,2.0
2026-07-13,CAT-14,7.0,2.0
2026-07-13,CAT-15,4.0,2.0
2026-07-13,CAT-16,6.0,2.0
2026-07-13,CAT-17,5.0,2.0
2026-07-13,CAT-18,4.0,2.0
2026-07-13,CAT-19,5.0,2.0
2026-07-13,CAT-20,7.0,2.0
2026-07-13,CAT-21,4.0,2.0
2026-07-13,CAT-22,7.0,2.0
2026-07-13,CAT-23,7.0,2.0
2026-07-13,CAT-24,4.0,2.0
2026-07-13,CAT-25,8.0,2.0
2026-07-13,CAT-26,6.0,2.0
2026-07-13,CAT-27,6.0,2.0
2026-07-13,CAT-28,5.0,2.0
2026-07-13,CAT-29,7.0,2.0
2026-07-13,CAT-30,8.0,2.0
2026-07-13,CAT-31,4.0,2.0
2026-07-13,CAT-32,4.0,2.0
2026-07-13,CAT-33,5.0,2.0
2026-07-13,CAT-34,8.0,2.0
2026-07-13,CAT-35,7.0,2.0
2026-07-13,CAT-36,4.0,2.0
2026-07-13,CAT-37,5.0,2.0
2026-07-13,CAT-38,5.0,2.0
2026-07-13,CAT-39,5.0,2.0
2026-07-13,CAT-40,6.0,2.0
2026-07-13,CAT-41,6.0,2.0
2026-07-13,CAT-42,5.0,2.0
2026-07-13,CAT-43,4.0,2.0
2026-07-13,CAT-44,6.0,2.0
2026-07-13,CAT-45,6.0,2.0
2026-07-13,CAT-46,5.0,2.0
2026-07-13,CAT-47,6.0,2.0
2026-07-13,CAT-48,3.0,2.0
2026-07-13,CAT-49,4.0,2.0
2026-07-14,CAT-01,4.0,4.0
2026-07-14,CAT-02,6.0,4.0
2026-07-14,CAT-03,6.0,4.0
2026-07-14,CAT-04,7.0,4.0
2026-07-14,CAT-05,4.0,4.0
2026-07-14,CAT-06,3.0,4.0
2026-07-14,CAT-07,7.0,4.0
2026-07-14,CAT-08,8.0,4.0
2026-07-14,CAT-09,6.0,4.0
2026-07-14,CAT-10,6.0,4.0
2026-07-14,CAT-11,3.0,4.0
2026-07-14,CAT-12,3.0,4.0
2026-07-14,CAT-13,5.0,4.0
2026-07-14,CAT-14,7.0,4.0
2026-07-14,CAT-15,4.0,4.0
2026-07-14,CAT-16,6.0,4.0
2026-07-14,CAT-17,5.0,4.0
2026-07-14,CAT-18,4.0,4.0
2026-07-14,CAT-19,5.0,4.0
2026-07-14,CAT-20,7.0,4.0
2026-07-14,CAT-21,4.0,4.0
2026-07-14,CAT-22,7.0,4.0
2026-07-14,CAT-23,7.0,4.0
2026-07-14,CAT-24,4.0,4.0
2026-07-14,CAT-25,8.0,4.0
2026-07-14,CAT-26,6.0,4.0
2026-07-14,CAT-27,6.0,4.0
2026-07-14,CAT-28,5.0,4.0
2026-07-14,CAT-29,7.0,4.0
2026-07-14,CAT-30,8.0,4.0
2026-07-14,CAT-31,4.0,4.0
2026-07-14,CAT-32,4.0,4.0
2026-07-14,CAT-33,5.0,4.0
2026-07-14,CAT-34,8.0,4.0
2026-07-14,CAT-35,7.0,4.0
2026-07-14,CAT-36,4.0,4.0
2026-07-14,CAT-37,5.0,4.0
2026-07-14,CAT-38,5.0,4.0
2026-07-14,CAT-39,5.0,4.0
2026-07-14,CAT-40,6.0,4.0
2026-07-14,CAT-41,6.0,4.0
2026-07-14,CAT-42,5.0,4.0
2026-07-14,CAT-43,4.0,4.0
2026-07-14,CAT-44,6.0,4.0
2026-07-14,CAT-45,6.0,4.0
2026-07-14,CAT-46,5.0,4.0
2026-07-14,CAT-47,6.0,4.0
2026-07-14,CAT-48,3.0,4.0
2026-07-14,CAT-49,4.0,4.0
2026-07-15,CAT-01,4.0,3.0
2026-07-15,CAT-02,6.0,3.0
2026-07-15,CAT-03,6.0,3.0
2026-07-15,CAT-04,7.0,3.0
2026-07-15,CAT-05,4.0,3.0
2026-07-15,CAT-06,3.0,3.0
2026-07-15,CAT-07,7.0,3.0
2026-07-15,CAT-08,8.0,3.0
2026-07-15,CAT-09,6.0,3.0
2026-07-15,CAT-10,6.0,3.0
2026-07-15,CAT-11,3.0,3.0
2026-07-15,CAT-12,3.0,3.0
2026-07-15,CAT-13,5.0,3.0
2026-07-15,CAT-14,7.0,3.0
2026-07-15,CAT-15,4.0,3.0
2026-07-15,CAT-16,6.0,3.0
2026-07-15,CAT-17,5.0,3.0
2026-07-15,CAT-18,4.0,3.0
2026-07-15,CAT-19,5.0,3.0
2026-07-15,CAT-20,7.0,3.0
2026-07-15,CAT-21,4.0,3.0
2026-07-15,CAT-22,7.0,3.0
2026-07-15,CAT-23,7.0,3.0
2026-07-15,CAT-24,4.0,3.0
2026-07-15,CAT-25,8.0,3.0
2026-07-15,CAT-26,6.0,3.0
2026-07-15,CAT-27,6.0,3.0
2026-07-15,CAT-28,5.0,3.0
2026-07-15,CAT-29,7.0,3.0
2026-07-15,CAT-30,8.0,3.0
2026-07-15,CAT-31,4.0,3.0
2026-07-15,CAT-32,4.0,3.0
2026-07-15,CAT-33,5.0,3.0
2026-07-15,CAT-34,8.0,3.0
2026-07-15,CAT-35,7.0,3.0
2026-07-15,CAT-36,4.0,3.0
2026-07-15,CAT-37,5.0,3.0
2026-07-15,CAT-38,5.0,3.0
2026-07-15,CAT-39,5.0,3.0
2026-07-15,CAT-40,6.0,3.0
2026-07-15,CAT-41,6.0,3.0
2026-07-15,CAT-42,5.0,3.0
2026-07-15,CAT-43,4.0,3.0
2026-07-15,CAT-44,6.0,3.0
2026-07-15,CAT-45,6.0,3.0
2026-07-15,CAT-46,5.0,3.0
2026-07-15,CAT-47,6.0,3.0
2026-07-15,CAT-48,3.0,3.0
2026-07-15,CAT-49,4.0,3.0
2026-07-16,CAT-01,4.0,3.0
2026-07-16,CAT-02,6.0,3.0
2026-07-16,CAT-03,6.0,3.0
2026-07-16,CAT-04,7.0,3.0
2026-07-16,CAT-05,4.0,3.0
2026-07-16,CAT-06,3.0,3.0
2026-07-16,CAT-07,7.0,3.0
2026-07-16,CAT-08,8.0,3.0
2026-07-16,CAT-09,6.0,3.0
2026-07-16,CAT-10,6.0,3.0
2026-07-16,CAT-11,3.0,3.0
2026-07-16,CAT-12,3.0,3.0
2026-07-16,CAT-13,5.0,3.0
2026-07-16,CAT-14,7.0,3.0
2026-07-16,CAT-15,4.0,3.0
2026-07-16,CAT-16,6.0,3.0
2026-07-16,CAT-17,5.0,3.0
2026-07-16,CAT-18,4.0,3.0
2026-07-16,CAT-19,5.0,3.0
2026-07-16,CAT-20,7.0,3.0
2026-07-16,CAT-21,4.0,3.0
2026-07-16,CAT-22,7.0,3.0
2026-07-16,CAT-23,7.0,3.0
2026-07-16,CAT-24,4.0,3.0
2026-07-16,CAT-25,8.0,3.0
2026-07-16,CAT-26,6.0,3.0
2026-07-16,CAT-27,6.0,3.0
2026-07-16,CAT-28,5.0,3.0
2026-07-16,CAT-29,7.0,3.0
2026-07-16,CAT-30,8.0,3.0
2026-07-16,CAT-31,4.0,3.0
2026-07-16,CAT-32,4.0,3.0
2026-07-16,CAT-33,5.0,3.0
2026-07-16,CAT-34,8.0,3.0
2026-07-16,CAT-35,7.0,3.0
2026-07-16,CAT-36,4.0,3.0
2026-07-16,CAT-37,5.0,3.0
2026-07-16,CAT-38,5.0,3.0
2026-07-16,CAT-39,5.0,3.0
2026-07-16,CAT-40,6.0,3.0
2026-07-16,CAT-41,6.0,3.0
2026-07-16,CAT-42,5.0,3.0
2026-07-16,CAT-43,4.0,3.0
2026-07-16,CAT-44,6.0,3.0
2026-07-16,CAT-45,6.0,3.0
2026-07-16,CAT-46,5.0,3.0
2026-07-16,CAT-47,6.0,3.0
2026-07-16,CAT-48,3.0,3.0
2026-07-16,CAT-49,4.0,3.0
2026-07-17,CAT-01,4.0,2.0
2026-07-17,CAT-02,6.0,2.0
2026-07-17,CAT-03,6.0,2.0
2026-07-17,CAT-04,7.0,2.0
2026-07-17,CAT-05,4.0,2.0
2026-07-17,CAT-06,3.0,2.0
2026-07-17,CAT-07,7.0,2.0
2026-07-17,CAT-08,8.0,2.0
2026-07-17,CAT-09,6.0,2.0
2026-07-17,CAT-10,6.0,2.0
2026-07-17,CAT-11,3.0,2.0
2026-07-17,CAT-12,3.0,2.0
2026-07-17,CAT-13,5.0,2.0
2026-07-17,CAT-14,7.0,2.0
2026-07-17,CAT-15,4.0,2.0
2026-07-17,CAT-16,6.0,2.0
2026-07-17,CAT-17,5.0,2.0
2026-07-17,CAT-18,4.0,2.0
2026-07-17,CAT-19,5.0,2.0
2026-07-17,CAT-20,7.0,2.0
2026-07-17,CAT-21,4.0,2.0
2026-07-17,CAT-22,7.0,2.0
2026-07-17,CAT-23,7.0,2.0
2026-07-17,CAT-24,4.0,2.0
2026-07-17,CAT-25,8.0,2.0
2026-07-17,CAT-26,6.0,2.0
2026-07-17,CAT-27,6.0,2.0
2026-07-17,CAT-28,5.0,2.0
2026-07-17,CAT-29,7.0,2.0
2026-07-17,CAT-30,8.0,2.0
2026-07-17,CAT-31,4.0,2.0
2026-07-17,CAT-32,4.0,2.0
2026-07-17,CAT-33,5.0,2.0
2026-07-17,CAT-34,8.0,2.0
2026-07-17,CAT-35,7.0,2.0
2026-07-17,CAT-36,4.0,2.0
2026-07-17,CAT-37,5.0,2.0
2026-07-17,CAT-38,5.0,2.0
2026-07-17,CAT-39,5.0,2.0
2026-07-17,CAT-40,6.0,2.0
2026-07-17,CAT-41,6.0,2.0
2026-07-17,CAT-42,5.0,2.0
2026-07-17,CAT-43,4.0,2.0
2026-07-17,CAT-44,6.0,2.0
2026-07-17,CAT-45,6.0,2.0
2026-07-17,CAT-46,5.0,2.0
2026-07-17,CAT-47,6.0,2.0
2026-07-17,CAT-48,3.0,2.0
2026-07-17,CAT-49,4.0,2.0
2026-07-18,CAT-01,4.0,2.0
2026-07-18,CAT-02,6.0,2.0
2026-07-18,CAT-03,6.0,2.0
2026-07-18,CAT-04,7.0,2.0
2026-07-18,CAT-05,4.0,2.0
2026-07-18,CAT-06,3.0,2.0
2026-07-18,CAT-07,7.0,2.0
2026-07-18,CAT-08,8.0,2.0
2026-07-18,CAT-09,6.0,2.0
2026-07-18,CAT-10,6.0,2.0
2026-07-18,CAT-11,3.0,2.0
2026-07-18,CAT-12,3.0,2.0
2026-07-18,CAT-13,5.0,2.0
2026-07-18,CAT-14,7.0,2.0
2026-07-18,CAT-15,4.0,2.0
2026-07-18,CAT-16,6.0,2.0
2026-07-18,CAT-17,5.0,2.0
2026-07-18,CAT-18,4.0,2.0
2026-07-18,CAT-19,5.0,2.0
2026-07-18,CAT-20,7.0,2.0
2026-07-18,CAT-21,4.0,2.0
2026-07-18,CAT-22,7.0,2.0
2026-07-18,CAT-23,7.0,2.0
2026-07-18,CAT-24,4.0,2.0
2026-07-18,CAT-25,8.0,2.0
2026-07-18,CAT-26,6.0,2.0
2026-07-18,CAT-27,6.0,2.0
2026-07-18,CAT-28,5.0,2.0
2026-07-18,CAT-29,7.0,2.0
2026-07-18,CAT-30,8.0,2.0
2026-07-18,CAT-31,4.0,2.0
2026-07-18,CAT-32,4.0,2.0
2026-07-18,CAT-33,5.0,2.0
2026-07-18,CAT-34,8.0,2.0
2026-07-18,CAT-35,7.0,2.0
2026-07-18,CAT-36,4.0,2.0
2026-07-18,CAT-37,5.0,2.0
2026-07-18,CAT-38,5.0,2.0
2026-07-18,CAT-39,5.0,2.0
2026-07-18,CAT-40,6.0,2.0
2026-07-18,CAT-41,6.0,2.0
2026-07-18,CAT-42,5.0,2.0
2026-07-18,CAT-43,4.0,2.0
2026-07-18,CAT-44,6.0,2.0
2026-07-18,CAT-45,6.0,2.0
2026-07-18,CAT-46,5.0,2.0
2026-07-18,CAT-47,6.0,2.0
2026-07-18,CAT-48,3.0,2.0
2026-07-18,CAT-49,4.0,2.0
2026-07-19,CAT-01,4.0,2.0
2026-07-19,CAT-02,6.0,2.0
2026-07-19,CAT-03,6.0,2.0
2026-07-19,CAT-04,7.0,2.0
2026-07-19,CAT-05,4.0,2.0
2026-07-19,CAT-06,3.0,2.0
2026-07-19,CAT-07,7.0,2.0
2026-07-19,CAT-08,8.0,2.0
2026-07-19,CAT-09,6.0,2.0
2026-07-19,CAT-10,6.0,2.0
2026-07-19,CAT-11,3.0,2.0
2026-07-19,CAT-12,3.0,2.0
2026-07-19,CAT-13,5.0,2.0
2026-07-19,CAT-14,7.0,2.0
2026-07-19,CAT-15,4.0,2.0
2026-07-19,CAT-16,6.0,2.0
2026-07-19,CAT-17,5.0,2.0
2026-07-19,CAT-18,4.0,2.0
2026-07-19,CAT-19,5.0,2.0
2026-07-19,CAT-20,7.0,2.0
2026-07-19,CAT-21,4.0,2.0
2026-07-19,CAT-22,7.0,2.0
2026-07-19,CAT-23,7.0,2.0
2026-07-19,CAT-24,4.0,2.0
2026-07-19,CAT-25,8.0,2.0
2026-07-19,CAT-26,6.0,2.0
2026-07-19,CAT-27,6.0,2.0
2026-07-19,CAT-28,5.0,2.0
2026-07-19,CAT-29,7.0,2.0
2026-07-19,CAT-30,8.0,2.0
2026-07-19,CAT-31,4.0,2.0
2026-07-19,CAT-32,4.0,2.0
2026-07-19,CAT-33,5.0,2.0
2026-07-19,CAT-34,8.0,2.0
2026-07-19,CAT-35,7.0,2.0
2026-07-19,CAT-36,4.0,2.0
2026-07-19,CAT-37,5.0,2.0
2026-07-19,CAT-38,5.0,2.0
2026-07-19,CAT-39,5.0,2.0
2026-07-19,CAT-40,6.0,2.0
2026-07-19,CAT-41,6.0,2.0
2026-07-19,CAT-42,5.0,2.0
2026-07-19,CAT-43,4.0,2.0
2026-07-19,CAT-44,6.0,2.0
2026-07-19,CAT-45,6.0,2.0
2026-07-19,CAT-46,5.0,2.0
2026-07-19,CAT-47,6.0,2.0
2026-07-19,CAT-48,3.0,2.0
2026-07-19,CAT-49,4.0,2.0
2026-07-20,CAT-01,4.0,2.0
2026-07-20,CAT-02,6.0,2.0
2026-07-20,CAT-03,6.0,2.0
2026-07-20,CAT-04,7.0,2.0
2026-07-20,CAT-05,4.0,2.0
2026-07-20,CAT-06,3.0,2.0
2026-07-20,CAT-07,7.0,2.0
2026-07-20,CAT-08,8.0,2.0
2026-07-20,CAT-09,6.0,2.0
2026-07-20,CAT-10,6.0,2.0
2026-07-20,CAT-11,3.0,2.0
2026-07-20,CAT-12,3.0,2.0
2026-07-20,CAT-13,5.0,2.0
2026-07-20,CAT-14,7.0,2.0
2026-07-20,CAT-15,4.0,2.0
2026-07-20,CAT-16,6.0,2.0
2026-07-20,CAT-17,5.0,2.0
2026-07-20,CAT-18,4.0,2.0
2026-07-20,CAT-19,5.0,2.0
2026-07-20,CAT-20,7.0,2.0
2026-07-20,CAT-21,4.0,2.0
2026-07-20,CAT-22,7.0,2.0
2026-07-20,CAT-23,7.0,2.0
2026-07-20,CAT-24,4.0,2.0
2026-07-20,CAT-25,8.0,2.0
2026-07-20,CAT-26,6.0,2.0
2026-07-20,CAT-27,6.0,2.0
2026-07-20,CAT-28,5.0,2.0
2026-07-20,CAT-29,7.0,2.0
2026-07-20,CAT-30,8.0,2.0
2026-07-20,CAT-31,4.0,2.0
2026-07-20,CAT-32,4.0,2.0
2026-07-20,CAT-33,5.0,2.0
2026-07-20,CAT-34,8.0,2.0
2026-07-20,CAT-35,7.0,2.0
2026-07-20,CAT-36,4.0,2.0
2026-07-20,CAT-37,5.0,2.0
2026-07-20,CAT-38,5.0,2.0
2026-07-20,CAT-39,5.0,2.0
2026-07-20,CAT-40,6.0,2.0
2026-07-20,CAT-41,6.0,2.0
2026-07-20,CAT-42,5.0,2.0
2026-07-20,CAT-43,4.0,2.0
2026-07-20,CAT-44,6.0,2.0
2026-07-20,CAT-45,6.0,2.0
2026-07-20,CAT-46,5.0,2.0
2026-07-20,CAT-47,6.0,2.0
2026-07-20,CAT-48,3.0,2.0
2026-07-20,CAT-49,4.0,2.0
2026-07-21,CAT-01,4.0,2.0
2026-07-21,CAT-02,6.0,2.0
2026-07-21,CAT-03,6.0,2.0
2026-07-21,CAT-04,7.0,2.0
2026-07-21,CAT-05,4.0,2.0
2026-07-21,CAT-06,3.0,2.0
2026-07-21,CAT-07,7.0,2.0
2026-07-21,CAT-08,8.0,2.0
2026-07-21,CAT-09,6.0,2.0
2026-07-21,CAT-10,6.0,2.0
2026-07-21,CAT-11,3.0,2.0
2026-07-21,CAT-12,3.0,2.0
2026-07-21,CAT-13,5.0,2.0
2026-07-21,CAT-14,7.0,2.0
2026-07-21,CAT-15,4.0,2.0
2026-07-21,CAT-16,6.0,2.0
2026-07-21,CAT-17,5.0,2.0
2026-07-21,CAT-18,4.0,2.0
2026-07-21,CAT-19,5.0,2.0
2026-07-21,CAT-20,7.0,2.0
2026-07-21,CAT-21,4.0,2.0
2026-07-21,CAT-22,7.0,2.0
2026-07-21,CAT-23,7.0,2.0
2026-07-21,CAT-24,4.0,2.0
2026-07-21,CAT-25,8.0,2.0
2026-07-21,CAT-26,6.0,2.0
2026-07-21,CAT-27,6.0,2.0
2026-07-21,CAT-28,5.0,2.0
2026-07-21,CAT-29,7.0,2.0
2026-07-21,CAT-30,8.0,2.0
2026-07-21,CAT-31,4.0,2.0
2026-07-21,CAT-32,4.0,2.0
2026-07-21,CAT-33,5.0,2.0
2026-07-21,CAT-34,8.0,2.0
2026-07-21,CAT-35,7.0,2.0
2026-07-21,CAT-36,4.0,2.0
2026-07-21,CAT-37,5.0,2.0
2026-07-21,CAT-38,5.0,2.0
2026-07-21,CAT-39,5.0,2.0
2026-07-21,CAT-40,6.0,2.0
2026-07-21,CAT-41,6.0,2.0
2026-07-21,CAT-42,5.0,2.0
2026-07-21,CAT-43,4.0,2.0
2026-07-21,CAT-44,6.0,2.0
2026-07-21,CAT-45,6.0,2.0
2026-07-21,CAT-46,5.0,2.0
2026-07-21,CAT-47,6.0,2.0
2026-07-21,CAT-48,3.0,2.0
2026-07-21,CAT-49,4.0,2.0
2026-07-22,CAT-01,4.0,2.0
2026-07-22,CAT-02,6.0,2.0
2026-07-22,CAT-03,6.0,2.0
2026-07-22,CAT-04,7.0,2.0
2026-07-22,CAT-05,4.0,2.0
2026-07-22,CAT-06,3.0,2.0
2026-07-22,CAT-07,7.0,2.0
2026-07-22,CAT-08,8.0,2.0
2026-07-22,CAT-09,6.0,2.0
2026-07-22,CAT-10,6.0,2.0
2026-07-22,CAT-11,3.0,2.0
2026-07-22,CAT-12,3.0,2.0
2026-07-22,CAT-13,5.0,2.0
2026-07-22,CAT-14,7.0,2.0
2026-07-22,CAT-15,4.0,2.0
2026-07-22,CAT-16,6.0,2.0
2026-07-22,CAT-17,5.0,2.0
2026-07-22,CAT-18,4.0,2.0
2026-07-22,CAT-19,5.0,2.0
2026-07-22,CAT-20,7.0,2.0
2026-07-22,CAT-21,4.0,2.0
2026-07-22,CAT-22,7.0,2.0
2026-07-22,CAT-23,7.0,2.0
2026-07-22,CAT-24,4.0,2.0
2026-07-22,CAT-25,8.0,2.0
2026-07-22,CAT-26,6.0,2.0
2026-07-22,CAT-27,6.0,2.0
2026-07-22,CAT-28,5.0,2.0
2026-07-22,CAT-29,7.0,2.0
2026-07-22,CAT-30,8.0,2.0
2026-07-22,CAT-31,4.0,2.0
2026-07-22,CAT-32,4.0,2.0
2026-07-22,CAT-33,5.0,2.0
2026-07-22,CAT-34,8.0,2.0
2026-07-22,CAT-35,7.0,2.0
2026-07-22,CAT-36,4.0,2.0
2026-07-22,CAT-37,5.0,2.0
2026-07-22,CAT-38,5.0,2.0
2026-07-22,CAT-39,5.0,2.0
2026-07-22,CAT-40,6.0,2.0
2026-07-22,CAT-41,6.0,2.0
2026-07-22,CAT-42,5.0,2.0
2026-07-22,CAT-43,4.0,2.0
2026-07-22,CAT-44,6.0,2.0
2026-07-22,CAT-45,6.0,2.0
2026-07-22,CAT-46,5.0,2.0
2026-07-22,CAT-47,6.0,2.0
2026-07-22,CAT-48,3.0,2.0
2026-07-22,CAT-49,4.0,2.0
2026-07-23,CAT-01,4.0,2.0
2026-07-23,CAT-02,6.0,2.0
2026-07-23,CAT-03,6.0,2.0
2026-07-23,CAT-04,7.0,2.0
2026-07-23,CAT-05,4.0,2.0
2026-07-23,CAT-06,3.0,2.0
2026-07-23,CAT-07,7.0,2.0
2026-07-23,CAT-08,8.0,2.0
2026-07-23,CAT-09,6.0,2.0
2026-07-23,CAT-10,6.0,2.0
2026-07-23,CAT-11,3.0,2.0
2026-07-23,CAT-12,3.0,2.0
2026-07-23,CAT-13,5.0,2.0
2026-07-23,CAT-14,7.0,2.0
2026-07-23,CAT-15,4.0,2.0
2026-07-23,CAT-16,6.0,2.0
2026-07-23,CAT-17,5.0,2.0
2026-07-23,CAT-18,4.0,2.0
2026-07-23,CAT-19,5.0,2.0
2026-07-23,CAT-20,7.0,2.0
2026-07-23,CAT-21,4.0,2.0
2026-07-23,CAT-22,7.0,2.0
2026-07-23,CAT-23,7.0,2.0
2026-07-23,CAT-24,4.0,2.0
2026-07-23,CAT-25,8.0,2.0
2026-07-23,CAT-26,6.0,2.0
2026-07-23,CAT-27,6.0,2.0
2026-07-23,CAT-28,5.0,2.0
2026-07-23,CAT-29,7.0,2.0
2026-07-23,CAT-30,8.0,2.0
2026-07-23,CAT-31,4.0,2.0
2026-07-23,CAT-32,4.0,2.0
2026-07-23,CAT-33,5.0,2.0
2026-07-23,CAT-34,8.0,2.0
2026-07-23,CAT-35,7.0,2.0
2026-07-23,CAT-36,4.0,2.0
2026-07-23,CAT-37,5.0,2.0
2026-07-23,CAT-38,5.0,2.0
2026-07-23,CAT-39,5.0,2.0
2026-07-23,CAT-40,6.0,2.0
2026-07-23,CAT-41,6.0,2.0
2026-07-23,CAT-42,5.0,2.0
2026-07-23,CAT-43,4.0,2.0
2026-07-23,CAT-44,6.0,2.0
2026-07-23,CAT-45,6.0,2.0
2026-07-23,CAT-46,5.0,2.0
2026-07-23,CAT-47,6.0,2.0
2026-07-23,CAT-48,3.0,2.0
2026-07-23,CAT-49,4.0,2.0
2026-07-24,CAT-01,4.0,2.0
2026-07-24,CAT-02,6.0,2.0
2026-07-24,CAT-03,6.0,2.0
2026-07-24,CAT-04,7.0,2.0
2026-07-24,CAT-05,4.0,2.0
2026-07-24,CAT-06,3.0,2.0
2026-07-24,CAT-07,7.0,2.0
2026-07-24,CAT-08,8.0,2.0
2026-07-24,CAT-09,6.0,2.0
2026-07-24,CAT-10,6.0,2.0
2026-07-24,CAT-11,3.0,2.0
2026-07-24,CAT-12,3.0,2.0
2026-07-24,CAT-13,5.0,2.0
2026-07-24,CAT-14,7.0,2.0
2026-07-24,CAT-15,4.0,2.0
2026-07-24,CAT-16,6.0,2.0
2026-07-24,CAT-17,5.0,2.0
2026-07-24,CAT-18,4.0,2.0
2026-07-24,CAT-19,5.0,2.0
2026-07-24,CAT-20,7.0,2.0
2026-07-24,CAT-21,4.0,2.0
2026-07-24,CAT-22,7.0,2.0
2026-07-24,CAT-23,7.0,2.0
2026-07-24,CAT-24,4.0,2.0
2026-07-24,CAT-25,8.0,2.0
2026-07-24,CAT-26,6.0,2.0
2026-07-24,CAT-27,6.0,2.0
2026-07-24,CAT-28,5.0,2.0
2026-07-24,CAT-29,7.0,2.0
2026-07-24,CAT-30,8.0,2.0
2026-07-24,CAT-31,4.0,2.0
2026-07-24,CAT-32,4.0,2.0
2026-07-24,CAT-33,5.0,2.0
2026-07-24,CAT-34,8.0,2.0
2026-07-24,CAT-35,7.0,2.0
2026-07-24,CAT-36,4.0,2.0
2026-07-24,CAT-37,5.0,2.0
2026-07-24,CAT-38,5.0,2.0
2026-07-24,CAT-39,5.0,2.0
2026-07-24,CAT-40,6.0,2.0
2026-07-24,CAT-41,6.0,2.0
2026-07-24,CAT-42,5.0,2.0
2026-07-24,CAT-43,4.0,2.0
2026-07-24,CAT-44,6.0,2.0
2026-07-24,CAT-45,6.0,2.0
2026-07-24,CAT-46,5.0,2.0
2026-07-24,CAT-47,6.0,2.0
2026-07-24,CAT-48,3.0,2.0
2026-07-24,CAT-49,4.0,2.0
2026-07-25,CAT-01,4.0,2.0
2026-07-25,CAT-02,6.0,2.0
2026-07-25,CAT-03,6.0,2.0
2026-07-25,CAT-04,7.0,2.0
2026-07-25,CAT-05,4.0,2.0
2026-07-25,CAT-06,3.0,2.0
2026-07-25,CAT-07,7.0,2.0
2026-07-25,CAT-08,8.0,2.0
2026-07-25,CAT-09,6.0,2.0
2026-07-25,CAT-10,6.0,2.0
2026-07-25,CAT-11,3.0,2.0
2026-07-25,CAT-12,3.0,2.0
2026-07-25,CAT-13,5.0,2.0
2026-07-25,CAT-14,7.0,2.0
2026-07-25,CAT-15,4.0,2.0
2026-07-25,CAT-16,6.0,2.0
2026-07-25,CAT-17,5.0,2.0
2026-07-25,CAT-18,4.0,2.0
2026-07-25,CAT-19,5.0,2.0
2026-07-25,CAT-20,7.0,2.0
2026-07-25,CAT-21,4.0,2.0
2026-07-25,CAT-22,7.0,2.0
2026-07-25,CAT-23,7.0,2.0
2026-07-25,CAT-24,4.0,2.0
2026-07-25,CAT-25,8.0,2.0
2026-07-25,CAT-26,6.0,2.0
2026-07-25,CAT-27,6.0,2.0
2026-07-25,CAT-28,5.0,2.0
2026-07-25,CAT-29,7.0,2.0
2026-07-25,CAT-30,8.0,2.0
2026-07-25,CAT-31,4.0,2.0
2026-07-25,CAT-32,4.0,2.0
2026-07-25,CAT-33,5.0,2.0
2026-07-25,CAT-34,8.0,2.0
2026-07-25,CAT-35,7.0,2.0
2026-07-25,CAT-36,4.0,2.0
2026-07-25,CAT-37,5.0,2.0
2026-07-25,CAT-38,5.0,2.0
2026-07-25,CAT-39,5.0,2.0
2026-07-25,CAT-40,6.0,2.0
2026-07-25,CAT-41,6.0,2.0
2026-07-25,CAT-42,5.0,2.0
2026-07-25,CAT-43,4.0,2.0
2026-07-25,CAT-44,6.0,2.0
2026-07-25,CAT-45,6.0,2.0
2026-07-25,CAT-46,5.0,2.0
2026-07-25,CAT-47,6.0,2.0
2026-07-25,CAT-48,3.0,2.0
2026-07-25,CAT-49,4.0,2.0
2026-07-26,CAT-01,4.0,2.0
2026-07-26,CAT-02,6.0,2.0
2026-07-26,CAT-03,6.0,2.0
2026-07-26,CAT-04,7.0,2.0
2026-07-26,CAT-05,4.0,2.0
2026-07-26,CAT-06,3.0,2.0
2026-07-26,CAT-07,7.0,2.0
2026-07-26,CAT-08,8.0,2.0
2026-07-26,CAT-09,6.0,2.0
2026-07-26,CAT-10,6.0,2.0
2026-07-26,CAT-11,3.0,2.0
2026-07-26,CAT-12,3.0,2.0
2026-07-26,CAT-13,5.0,2.0
2026-07-26,CAT-14,7.0,2.0
2026-07-26,CAT-15,4.0,2.0
2026-07-26,CAT-16,6.0,2.0
2026-07-26,CAT-17,5.0,2.0
2026-07-26,CAT-18,4.0,2.0
2026-07-26,CAT-19,5.0,2.0
2026-07-26,CAT-20,7.0,2.0
2026-07-26,CAT-21,4.0,2.0
2026-07-26,CAT-22,7.0,2.0
2026-07-26,CAT-23,7.0,2.0
2026-07-26,CAT-24,4.0,2.0
2026-07-26,CAT-25,8.0,2.0
2026-07-26,CAT-26,6.0,2.0
2026-07-26,CAT-27,6.0,2.0
2026-07-26,CAT-28,5.0,2.0
2026-07-26,CAT-29,7.0,2.0
2026-07-26,CAT-30,8.0,2.0
2026-07-26,CAT-31,4.0,2.0
2026-07-26,CAT-32,4.0,2.0
2026-07-26,CAT-33,5.0,2.0
2026-07-26,CAT-34,8.0,2.0
2026-07-26,CAT-35,7.0,2.0
2026-07-26,CAT-36,4.0,2.0
2026-07-26,CAT-37,5.0,2.0
2026-07-26,CAT-38,5.0,2.0
2026-07-26,CAT-39,5.0,2.0
2026-07-26,CAT-40,6.0,2.0
2026-07-26,CAT-41,6.0,2.0
2026-07-26,CAT-42,5.0,2.0
2026-07-26,CAT-43,4.0,2.0
2026-07-26,CAT-44,6.0,2.0
2026-07-26,CAT-45,6.0,2.0
2026-07-26,CAT-46,5.0,2.0
2026-07-26,CAT-47,6.0,2.0
2026-07-26,CAT-48,3.0,2.0
2026-07-26,CAT-49,4.0,2.0
2026-07-27,CAT-01,4.0,2.0
2026-07-27,CAT-02,6.0,2.0
2026-07-27,CAT-03,6.0,2.0
2026-07-27,CAT-04,7.0,2.0
2026-07-27,CAT-05,4.0,2.0
2026-07-27,CAT-06,3.0,2.0
2026-07-27,CAT-07,7.0,2.0
2026-07-27,CAT-08,8.0,2.0
2026-07-27,CAT-09,6.0,2.0
2026-07-27,CAT-10,6.0,2.0
2026-07-27,CAT-11,3.0,2.0
2026-07-27,CAT-12,3.0,2.0
2026-07-27,CAT-13,5.0,2.0
2026-07-27,CAT-14,7.0,2.0
2026-07-27,CAT-15,4.0,2.0
2026-07-27,CAT-16,6.0,2.0
2026-07-27,CAT-17,5.0,2.0
2026-07-27,CAT-18,4.0,2.0
2026-07-27,CAT-19,5.0,2.0
2026-07-27,CAT-20,7.0,2.0
2026-07-27,CAT-21,4.0,2.0
2026-07-27,CAT-22,7.0,2.0
2026-07-27,CAT-23,7.0,2.0
2026-07-27,CAT-24,4.0,2.0
2026-07-27,CAT-25,8.0,2.0
2026-07-27,CAT-26,6.0,2.0
2026-07-27,CAT-27,6.0,2.0
2026-07-27,CAT-28,5.0,2.0
2026-07-27,CAT-29,7.0,2.0
2026-07-27,CAT-30,8.0,2.0
2026-07-27,CAT-31,4.0,2.0
2026-07-27,CAT-32,4.0,2.0
2026-07-27,CAT-33,5.0,2.0
2026-07-27,CAT-34,8.0,2.0
2026-07-27,CAT-35,7.0,2.0
2026-07-27,CAT-36,4.0,2.0
2026-07-27,CAT-37,5.0,2.0
2026-07-27,CAT-38,5.0,2.0
2026-07-27,CAT-39,5.0,2.0
2026-07-27,CAT-40,6.0,2.0
2026-07-27,CAT-41,6.0,2.0
2026-07-27,CAT-42,5.0,2.0
2026-07-27,CAT-43,4.0,2.0
2026-07-27,CAT-44,6.0,2.0
2026-07-27,CAT-45,6.0,2.0
2026-07-27,CAT-46,5.0,2.0
2026-07-27,CAT-47,6.0,2.0
2026-07-27,CAT-48,3.0,2.0
2026-07-27,CAT-49,4.0,2.0
2026-07-28,CAT-01,4.0,2.0
2026-07-28,CAT-02,6.0,2.0
2026-07-28,CAT-03,6.0,2.0
2026-07-28,CAT-04,7.0,2.0
2026-07-28,CAT-05,4.0,2.0
2026-07-28,CAT-06,3.0,2.0
2026-07-28,CAT-07,7.0,2.0
2026-07-28,CAT-08,8.0,2.0
2026-07-28,CAT-09,6.0,2.0
2026-07-28,CAT-10,6.0,2.0
2026-07-28,CAT-11,3.0,2.0
2026-07-28,CAT-12,3.0,2.0
2026-07-28,CAT-13,5.0,2.0
2026-07-28,CAT-14,7.0,2.0
2026-07-28,CAT-15,4.0,2.0
2026-07-28,CAT-16,6.0,2.0
2026-07-28,CAT-17,5.0,2.0
2026-07-28,CAT-18,4.0,2.0
2026-07-28,CAT-19,5.0,2.0
2026-07-28,CAT-20,7.0,2.0
2026-07-28,CAT-21,4.0,2.0
2026-07-28,CAT-22,7.0,2.0
2026-07-28,CAT-23,7.0,2.0
2026-07-28,CAT-24,4.0,2.0
2026-07-28,CAT-25,8.0,2.0
2026-07-28,CAT-26,6.0,2.0
2026-07-28,CAT-27,6.0,2.0
2026-07-28,CAT-28,5.0,2.0
2026-07-28,CAT-29,7.0,2.0
2026-07-28,CAT-30,8.0,2.0
2026-07-28,CAT-31,4.0,2.0
2026-07-28,CAT-32,4.0,2.0
2026-07-28,CAT-33,5.0,2.0
2026-07-28,CAT-34,8.0,2.0
2026-07-28,CAT-35,7.0,2.0
2026-07-28,CAT-36,4.0,2.0
2026-07-28,CAT-37,5.0,2.0
2026-07-28,CAT-38,5.0,2.0
2026-07-28,CAT-39,5.0,2.0
2026-07-28,CAT-40,6.0,2.0
2026-07-28,CAT-41,6.0,2.0
2026-07-28,CAT-42,5.0,2.0
2026-07-28,CAT-43,4.0,2.0
2026-07-28,CAT-44,6.0,2.0
2026-07-28,CAT-45,6.0,2.0
2026-07-28,CAT-46,5.0,2.0
2026-07-28,CAT-47,6.0,2.0
2026-07-28,CAT-48,3.0,2.0
2026-07-28,CAT-49,4.0,2.0
2026-07-29,CAT-01,4.0,2.0
2026-07-29,CAT-02,6.0,2.0
2026-07-29,CAT-03,6.0,2.0
2026-07-29,CAT-04,7.0,2.0
2026-07-29,CAT-05,4.0,2.0
2026-07-29,CAT-06,3.0,2.0
2026-07-29,CAT-07,7.0,2.0
2026-07-29,CAT-08,8.0,2.0
2026-07-29,CAT-09,6.0,2.0
2026-07-29,CAT-10,6.0,2.0
2026-07-29,CAT-11,3.0,2.0
2026-07-29,CAT-12,3.0,2.0
2026-07-29,CAT-13,5.0,2.0
2026-07-29,CAT-14,7.0,2.0
2026-07-29,CAT-15,4.0,2.0
2026-07-29,CAT-16,6.0,2.0
2026-07-29,CAT-17,5.0,2.0
2026-07-29,CAT-18,4.0,2.0
2026-07-29,CAT-19,5.0,2.0
2026-07-29,CAT-20,7.0,2.0
2026-07-29,CAT-21,4.0,2.0
2026-07-29,CAT-22,7.0,2.0
2026-07-29,CAT-23,7.0,2.0
2026-07-29,CAT-24,4.0,2.0
2026-07-29,CAT-25,8.0,2.0
2026-07-29,CAT-26,6.0,2.0
2026-07-29,CAT-27,6.0,2.0
2026-07-29,CAT-28,5.0,2.0
2026-07-29,CAT-29,7.0,2.0
2026-07-29,CAT-30,8.0,2.0
2026-07-29,CAT-31,4.0,2.0
2026-07-29,CAT-32,4.0,2.0
2026-07-29,CAT-33,5.0,2.0
2026-07-29,CAT-34,8.0,2.0
2026-07-29,CAT-35,7.0,2.0
2026-07-29,CAT-36,4.0,2.0
2026-07-29,CAT-37,5.0,2.0
2026-07-29,CAT-38,5.0,2.0
2026-07-29,CAT-39,5.0,2.0
2026-07-29,CAT-40,6.0,2.0
2026-07-29,CAT-41,6.0,2.0
2026-07-29,CAT-42,5.0,2.0
2026-07-29,CAT-43,4.0,2.0
2026-07-29,CAT-44,6.0,2.0
2026-07-29,CAT-45,6.0,2.0
2026-07-29,CAT-46,5.0,2.0
2026-07-29,CAT-47,6.0,2.0
2026-07-29,CAT-48,3.0,2.0
2026-07-29,CAT-49,4.0,2.0
2026-07-30,CAT-01,4.0,2.0
2026-07-30,CAT-02,6.0,2.0
2026-07-30,CAT-03,6.0,2.0
2026-07-30,CAT-04,7.0,2.0
2026-07-30,CAT-05,4.0,2.0
2026-07-30,CAT-06,3.0,2.0
2026-07-30,CAT-07,7.0,2.0
2026-07-30,CAT-08,8.0,2.0
2026-07-30,CAT-09,6.0,2.0
2026-07-30,CAT-10,6.0,2.0
2026-07-30,CAT-11,3.0,2.0
2026-07-30,CAT-12,3.0,2.0
2026-07-30,CAT-13,5.0,2.0
2026-07-30,CAT-14,7.0,2.0
2026-07-30,CAT-15,4.0,2.0
2026-07-30,CAT-16,6.0,2.0
2026-07-30,CAT-17,5.0,2.0
2026-07-30,CAT-18,4.0,2.0
2026-07-30,CAT-19,5.0,2.0
2026-07-30,CAT-20,7.0,2.0
2026-07-30,CAT-21,4.0,2.0
2026-07-30,CAT-22,7.0,2.0
2026-07-30,CAT-23,7.0,2.0
2026-07-30,CAT-24,4.0,2.0
2026-07-30,CAT-25,8.0,2.0
2026-07-30,CAT-26,6.0,2.0
2026-07-30,CAT-27,6.0,2.0
2026-07-30,CAT-28,5.0,2.0
2026-07-30,CAT-29,7.0,2.0
2026-07-30,CAT-30,8.0,2.0
2026-07-30,CAT-31,4.0,2.0
2026-07-30,CAT-32,4.0,2.0
2026-07-30,CAT-33,5.0,2.0
2026-07-30,CAT-34,8.0,2.0
2026-07-30,CAT-35,7.0,2.0
2026-07-30,CAT-36,4.0,2.0
2026-07-30,CAT-37,5.0,2.0
2026-07-30,CAT-38,5.0,2.0
2026-07-30,CAT-39,5.0,2.0
2026-07-30,CAT-40,6.0,2.0
2026-07-30,CAT-41,6.0,2.0
2026-07-30,CAT-42,5.0,2.0
2026-07-30,CAT-43,4.0,2.0
2026-07-30,CAT-44,6.0,2.0
2026-07-30,CAT-45,6.0,2.0
2026-07-30,CAT-46,5.0,2.0
2026-07-30,CAT-47,6.0,2.0
2026-07-30,CAT-48,3.0,2.0
2026-07-30,CAT-49,4.0,2.0
2026-07-31,CAT-01,4.0,2.0
2026-07-31,CAT-02,6.0,2.0
2026-07-31,CAT-03,6.0,2.0
2026-07-31,CAT-04,7.0,2.0
2026-07-31,CAT-05,4.0,2.0
2026-07-31,CAT-06,3.0,2.0
2026-07-31,CAT-07,7.0,2.0
2026-07-31,CAT-08,8.0,2.0
2026-07-31,CAT-09,6.0,2.0
2026-07-31,CAT-10,6.0,2.0
2026-07-31,CAT-11,3.0,2.0
2026-07-31,CAT-12,3.0,2.0
2026-07-31,CAT-13,5.0,2.0
2026-07-31,CAT-14,7.0,2.0
2026-07-31,CAT-15,4.0,2.0
2026-07-31,CAT-16,6.0,2.0
2026-07-31,CAT-17,5.0,2.0
2026-07-31,CAT-18,4.0,2.0
2026-07-31,CAT-19,5.0,2.0
2026-07-31,CAT-20,7.0,2.0
2026-07-31,CAT-21,4.0,2.0
2026-07-31,CAT-22,7.0,2.0
2026-07-31,CAT-23,7.0,2.0
2026-07-31,CAT-24,4.0,2.0
2026-07-31,CAT-25,8.0,2.0
2026-07-31,CAT-26,6.0,2.0
2026-07-31,CAT-27,6.0,2.0
2026-07-31,CAT-28,5.0,2.0
2026-07-31,CAT-29,7.0,2.0
2026-07-31,CAT-30,8.0,2.0
2026-07-31,CAT-31,4.0,2.0
2026-07-31,CAT-32,4.0,2.0
2026-07-31,CAT-33,5.0,2.0
2026-07-31,CAT-34,8.0,2.0
2026-07-31,CAT-35,7.0,2.0
2026-07-31,CAT-36,4.0,2.0
2026-07-31,CAT-37,5.0,2.0
2026-07-31,CAT-38,5.0,2.0
2026-07-31,CAT-39,5.0,2.0
2026-07-31,CAT-40,6.0,2.0
2026-07-31,CAT-41,6.0,2.0
2026-07-31,CAT-42,5.0,2.0
2026-07-31,CAT-43,4.0,2.0
2026-07-31,CAT-44,6.0,2.0
2026-07-31,CAT-45,6.0,2.0
2026-07-31,CAT-46,5.0,2.0
2026-07-31,CAT-47,6.0,2.0
2026-07-31,CAT-48,3.0,2.0
2026-07-31,CAT-49,4.0,2.0
2026-08-01,CAT-01,4.0,2.0
2026-08-01,CAT-02,6.0,2.0
2026-08-01,CAT-03,6.0,2.0
2026-08-01,CAT-04,7.0,2.0
2026-08-01,CAT-05,4.0,2.0
2026-08-01,CAT-06,3.0,2.0
2026-08-01,CAT-07,7.0,2.0
2026-08-01,CAT-08,8.0,2.0
2026-08-01,CAT-09,6.0,2.0
2026-08-01,CAT-10,6.0,2.0
2026-08-01,CAT-11,3.0,2.0
2026-08-01,CAT-12,3.0,2.0
2026-08-01,CAT-13,5.0,2.0
2026-08-01,CAT-14,7.0,2.0
2026-08-01,CAT-15,4.0,2.0
2026-08-01,CAT-16,6.0,2.0
2026-08-01,CAT-17,5.0,2.0
2026-08-01,CAT-18,4.0,2.0
2026-08-01,CAT-19,5.0,2.0
2026-08-01,CAT-20,7.0,2.0
2026-08-01,CAT-21,4.0,2.0
2026-08-01,CAT-22,7.0,2.0
2026-08-01,CAT-23,7.0,2.0
2026-08-01,CAT-24,4.0,2.0
2026-08-01,CAT-25,8.0,2.0
2026-08-01,CAT-26,6.0,2.0
2026-08-01,CAT-27,6.0,2.0
2026-08-01,CAT-28,5.0,2.0
2026-08-01,CAT-29,7.0,2.0
2026-08-01,CAT-30,8.0,2.0
2026-08-01,CAT-31,4.0,2.0
2026-08-01,CAT-32,4.0,2.0
2026-08-01,CAT-33,5.0,2.0
2026-08-01,CAT-34,8.0,2.0
2026-08-01,CAT-35,7.0,2.0
2026-08-01,CAT-36,4.0,2.0
2026-08-01,CAT-37,5.0,2.0
2026-08-01,CAT-38,5.0,2.0
2026-08-01,CAT-39,5.0,2.0
2026-08-01,CAT-40,6.0,2.0
2026-08-01,CAT-41,6.0,2.0
2026-08-01,CAT-42,5.0,2.0
2026-08-01,CAT-43,4.0,2.0
2026-08-01,CAT-44,6.0,2.0
2026-08-01,CAT-45,6.0,2.0
2026-08-01,CAT-46,5.0,2.0
2026-08-01,CAT-47,6.0,2.0
2026-08-01,CAT-48,3.0,2.0
2026-08-01,CAT-49,4.0,2.0
2026-08-02,CAT-01,4.0,2.0
2026-08-02,CAT-02,6.0,2.0
2026-08-02,CAT-03,6.0,2.0
2026-08-02,CAT-04,7.0,2.0
2026-08-02,CAT-05,4.0,2.0
2026-08-02,CAT-06,3.0,2.0
2026-08-02,CAT-07,7.0,2.0
2026-08-02,CAT-08,8.0,2.0
2026-08-02,CAT-09,6.0,2.0
2026-08-02,CAT-10,6.0,2.0
2026-08-02,CAT-11,3.0,2.0
2026-08-02,CAT-12,3.0,2.0
2026-08-02,CAT-13,5.0,2.0
2026-08-02,CAT-14,7.0,2.0
2026-08-02,CAT-15,4.0,2.0
2026-08-02,CAT-16,6.0,2.0
2026-08-02,CAT-17,5.0,2.0
2026-08-02,CAT-18,4.0,2.0
2026-08-02,CAT-19,5.0,2.0
2026-08-02,CAT-20,7.0,2.0
2026-08-02,CAT-21,4.0,2.0
2026-08-02,CAT-22,7.0,2.0
2026-08-02,CAT-23,7.0,2.0
2026-08-02,CAT-24,4.0,2.0
2026-08-02,CAT-25,8.0,2.0
2026-08-02,CAT-26,6.0,2.0
2026-08-02,CAT-27,6.0,2.0
2026-08-02,CAT-28,5.0,2.0
2026-08-02,CAT-29,7.0,2.0
2026-08-02,CAT-30,8.0,2.0
2026-08-02,CAT-31,4.0,2.0
2026-08-02,CAT-32,4.0,2.0
2026-08-02,CAT-33,5.0,2.0
2026-08-02,CAT-34,8.0,2.0
2026-08-02,CAT-35,7.0,2.0
2026-08-02,CAT-36,4.0,2.0
2026-08-02,CAT-37,5.0,2.0
2026-08-02,CAT-38,5.0,2.0
2026-08-02,CAT-39,5.0,2.0
2026-08-02,CAT-40,6.0,2.0
2026-08-02,CAT-41,6.0,2.0
2026-08-02,CAT-42,5.0,2.0
2026-08-02,CAT-43,4.0,2.0
2026-08-02,CAT-44,6.0,2.0
2026-08-02,CAT-45,6.0,2.0
2026-08-02,CAT-46,5.0,2.0
2026-08-02,CAT-47,6.0,2.0
2026-08-02,CAT-48,3.0,2.0
2026-08-02,CAT-49,4.0,2.0
2026-08-03,CAT-01,4.0,2.0
2026-08-03,CAT-02,6.0,2.0
2026-08-03,CAT-03,6.0,2.0
2026-08-03,CAT-04,7.0,2.0
2026-08-03,CAT-05,4.0,2.0
2026-08-03,CAT-06,3.0,2.0
2026-08-03,CAT-07,7.0,2.0
2026-08-03,CAT-08,8.0,2.0
2026-08-03,CAT-09,6.0,2.0
2026-08-03,CAT-10,6.0,2.0
2026-08-03,CAT-11,3.0,2.0
2026-08-03,CAT-12,3.0,2.0
2026-08-03,CAT-13,5.0,2.0
2026-08-03,CAT-14,7.0,2.0
2026-08-03,CAT-15,4.0,2.0
2026-08-03,CAT-16,6.0,2.0
2026-08-03,CAT-17,5.0,2.0
2026-08-03,CAT-18,4.0,2.0
2026-08-03,CAT-19,5.0,2.0
2026-08-03,CAT-20,7.0,2.0
2026-08-03,CAT-21,4.0,2.0
2026-08-03,CAT-22,7.0,2.0
2026-08-03,CAT-23,7.0,2.0
2026-08-03,CAT-24,4.0,2.0
2026-08-03,CAT-25,8.0,2.0
2026-08-03,CAT-26,6.0,2.0
2026-08-03,CAT-27,6.0,2.0
2026-08-03,CAT-28,5.0,2.0
2026-08-03,CAT-29,7.0,2.0
2026-08-03,CAT-30,8.0,2.0
2026-08-03,CAT-31,4.0,2.0
2026-08-03,CAT-32,4.0,2.0
2026-08-03,CAT-33,5.0,2.0
2026-08-03,CAT-34,8.0,2.0
2026-08-03,CAT-35,7.0,2.0
2026-08-03,CAT-36,4.0,2.0
2026-08-03,CAT-37,5.0,2.0
2026-08-03,CAT-38,5.0,2.0
2026-08-03,CAT-39,5.0,2.0
2026-08-03,CAT-40,6.0,2.0
2026-08-03,CAT-41,6.0,2.0
2026-08-03,CAT-42,5.0,2.0
2026-08-03,CAT-43,4.0,2.0
2026-08-03,CAT-44,6.0,2.0
2026-08-03,CAT-45,6.0,2.0
2026-08-03,CAT-46,5.0,2.0
2026-08-03,CAT-47,6.0,2.0
2026-08-03,CAT-48,3.0,2.0
2026-08-03,CAT-49,4.0,2.0
2026-08-04,CAT-01,4.0,2.0
2026-08-04,CAT-02,6.0,2.0
2026-08-04,CAT-03,6.0,2.0
2026-08-04,CAT-04,7.0,2.0
2026-08-04,CAT-05,4.0,2.0
2026-08-04,CAT-06,3.0,2.0
2026-08-04,CAT-07,7.0,2.0
2026-08-04,CAT-08,8.0,2.0
2026-08-04,CAT-09,6.0,2.0
2026-08-04,CAT-10,6.0,2.0
2026-08-04,CAT-11,3.0,2.0
2026-08-04,CAT-12,3.0,2.0
2026-08-04,CAT-13,5.0,2.0
2026-08-04,CAT-14,7.0,2.0
2026-08-04,CAT-15,4.0,2.0
2026-08-04,CAT-16,6.0,2.0
2026-08-04,CAT-17,5.0,2.0
2026-08-04,CAT-18,4.0,2.0
2026-08-04,CAT-19,5.0,2.0
2026-08-04,CAT-20,7.0,2.0
2026-08-04,CAT-21,4.0,2.0
2026-08-04,CAT-22,7.0,2.0
2026-08-04,CAT-23,7.0,2.0
2026-08-04,CAT-24,4.0,2.0
2026-08-04,CAT-25,8.0,2.0
2026-08-04,CAT-26,6.0,2.0
2026-08-04,CAT-27,6.0,2.0
2026-08-04,CAT-28,5.0,2.0
2026-08-04,CAT-29,7.0,2.0
2026-08-04,CAT-30,8.0,2.0
2026-08-04,CAT-31,4.0,2.0
2026-08-04,CAT-32,4.0,2.0
2026-08-04,CAT-33,5.0,2.0
2026-08-04,CAT-34,8.0,2.0
2026-08-04,CAT-35,7.0,2.0
2026-08-04,CAT-36,4.0,2.0
2026-08-04,CAT-37,5.0,2.0
2026-08-04,CAT-38,5.0,2.0
2026-08-04,CAT-39,5.0,2.0
2026-08-04,CAT-40,6.0,2.0
2026-08-04,CAT-41,6.0,2.0
2026-08-04,CAT-42,5.0,2.0
2026-08-04,CAT-43,4.0,2.0
2026-08-04,CAT-44,6.0,2.0
2026-08-04,CAT-45,6.0,2.0
2026-08-04,CAT-46,5.0,2.0
2026-08-04,CAT-47,6.0,2.0
2026-08-04,CAT-48,3.0,2.0
2026-08-04,CAT-49,4.0,2.0
2026-08-05,CAT-01,4.0,2.0
2026-08-05,CAT-02,6.0,2.0
2026-08-05,CAT-03,6.0,2.0
2026-08-05,CAT-04,7.0,2.0
2026-08-05,CAT-05,4.0,2.0
2026-08-05,CAT-06,3.0,2.0
2026-08-05,CAT-07,7.0,2.0
2026-08-05,CAT-08,8.0,2.0
2026-08-05,CAT-09,6.0,2.0
2026-08-05,CAT-10,6.0,2.0
2026-08-05,CAT-11,3.0,2.0
2026-08-05,CAT-12,3.0,2.0
2026-08-05,CAT-13,5.0,2.0
2026-08-05,CAT-14,7.0,2.0
2026-08-05,CAT-15,4.0,2.0
2026-08-05,CAT-16,6.0,2.0
2026-08-05,CAT-17,5.0,2.0
2026-08-05,CAT-18,4.0,2.0
2026-08-05,CAT-19,5.0,2.0
2026-08-05,CAT-20,7.0,2.0
2026-08-05,CAT-21,4.0,2.0
2026-08-05,CAT-22,7.0,2.0
2026-08-05,CAT-23,7.0,2.0
2026-08-05,CAT-24,4.0,2.0
2026-08-05,CAT-25,8.0,2.0
2026-08-05,CAT-26,6.0,2.0
2026-08-05,CAT-27,6.0,2.0
2026-08-05,CAT-28,5.0,2.0
2026-08-05,CAT-29,7.0,2.0
2026-08-05,CAT-30,8.0,2.0
2026-08-05,CAT-31,4.0,2.0
2026-08-05,CAT-32,4.0,2.0
2026-08-05,CAT-33,5.0,2.0
2026-08-05,CAT-34,8.0,2.0
2026-08-05,CAT-35,7.0,2.0
2026-08-05,CAT-36,4.0,2.0
2026-08-05,CAT-37,5.0,2.0
2026-08-05,CAT-38,5.0,2.0
2026-08-05,CAT-39,5.0,2.0
2026-08-05,CAT-40,6.0,2.0
2026-08-05,CAT-41,6.0,2.0
2026-08-05,CAT-42,5.0,2.0
2026-08-05,CAT-43,4.0,2.0
2026-08-05,CAT-44,6.0,2.0
2026-08-05,CAT-45,6.0,2.0
2026-08-05,CAT-46,5.0,2.0
2026-08-05,CAT-47,6.0,2.0
2026-08-05,CAT-48,3.0,2.0
2026-08-05,CAT-49,4.0,2.0
2026-08-06,CAT-01,4.0,2.0
2026-08-06,CAT-02,6.0,2.0
2026-08-06,CAT-03,6.0,2.0
2026-08-06,CAT-04,7.0,2.0
2026-08-06,CAT-05,4.0,2.0
2026-08-06,CAT-06,3.0,2.0
2026-08-06,CAT-07,7.0,2.0
2026-08-06,CAT-08,8.0,2.0
2026-08-06,CAT-09,6.0,2.0
2026-08-06,CAT-10,6.0,2.0
2026-08-06,CAT-11,3.0,2.0
2026-08-06,CAT-12,3.0,2.0
2026-08-06,CAT-13,5.0,2.0
2026-08-06,CAT-14,7.0,2.0
2026-08-06,CAT-15,4.0,2.0
2026-08-06,CAT-16,6.0,2.0
2026-08-06,CAT-17,5.0,2.0
2026-08-06,CAT-18,4.0,2.0
2026-08-06,CAT-19,5.0,2.0
2026-08-06,CAT-20,7.0,2.0
2026-08-06,CAT-21,4.0,2.0
2026-08-06,CAT-22,7.0,2.0
2026-08-06,CAT-23,7.0,2.0
2026-08-06,CAT-24,4.0,2.0
2026-08-06,CAT-25,8.0,2.0
2026-08-06,CAT-26,6.0,2.0
2026-08-06,CAT-27,6.0,2.0
2026-08-06,CAT-28,5.0,2.0
2026-08-06,CAT-29,7.0,2.0
2026-08-06,CAT-30,8.0,2.0
2026-08-06,CAT-31,4.0,2.0
2026-08-06,CAT-32,4.0,2.0
2026-08-06,CAT-33,5.0,2.0
2026-08-06,CAT-34,8.0,2.0
2026-08-06,CAT-35,7.0,2.0
2026-08-06,CAT-36,4.0,2.0
2026-08-06,CAT-37,5.0,2.0
2026-08-06,CAT-38,5.0,2.0
2026-08-06,CAT-39,5.0,2.0
2026-08-06,CAT-40,6.0,2.0
2026-08-06,CAT-41,6.0,2.0
2026-08-06,CAT-42,5.0,2.0
2026-08-06,CAT-43,4.0,2.0
2026-08-06,CAT-44,6.0,2.0
2026-08-06,CAT-45,6.0,2.0
2026-08-06,CAT-46,5.0,2.0
2026-08-06,CAT-47,6.0,2.0
2026-08-06,CAT-48,3.0,2.0
2026-08-06,CAT-49,4.0,2.0
2026-08-07,CAT-01,4.0,2.0
2026-08-07,CAT-02,6.0,2.0
2026-08-07,CAT-03,6.0,2.0
2026-08-07,CAT-04,7.0,2.0
2026-08-07,CAT-05,4.0,2.0
2026-08-07,CAT-06,3.0,2.0
2026-08-07,CAT-07,7.0,2.0
2026-08-07,CAT-08,8.0,2.0
2026-08-07,CAT-09,6.0,2.0
2026-08-07,CAT-10,6.0,2.0
2026-08-07,CAT-11,3.0,2.0
2026-08-07,CAT-12,3.0,2.0
2026-08-07,CAT-13,5.0,2.0
2026-08-07,CAT-14,7.0,2.0
2026-08-07,CAT-15,4.0,2.0
2026-08-07,CAT-16,6.0,2.0
2026-08-07,CAT-17,5.0,2.0
2026-08-07,CAT-18,4.0,2.0
2026-08-07,CAT-19,5.0,2.0
2026-08-07,CAT-20,7.0,2.0
2026-08-07,CAT-21,4.0,2.0
2026-08-07,CAT-22,7.0,2.0
2026-08-07,CAT-23,7.0,2.0
2026-08-07,CAT-24,4.0,2.0
2026-08-07,CAT-25,8.0,2.0
2026-08-07,CAT-26,6.0,2.0
2026-08-07,CAT-27,6.0,2.0
2026-08-07,CAT-28,5.0,2.0
2026-08-07,CAT-29,7.0,2.0
2026-08-07,CAT-30,8.0,2.0
2026-08-07,CAT-31,4.0,2.0
2026-08-07,CAT-32,4.0,2.0
2026-08-07,CAT-33,5.0,2.0
2026-08-07,CAT-34,8.0,2.0
2026-08-07,CAT-35,7.0,2.0
2026-08-07,CAT-36,4.0,2.0
2026-08-07,CAT-37,5.0,2.0
2026-08-07,CAT-38,5.0,2.0
2026-08-07,CAT-39,5.0,2.0
2026-08-07,CAT-40,6.0,2.0
2026-08-07,CAT-41,6.0,2.0
2026-08-07,CAT-42,5.0,2.0
2026-08-07,CAT-43,4.0,2.0
2026-08-07,CAT-44,6.0,2.0
2026-08-07,CAT-45,6.0,2.0
2026-08-07,CAT-46,5.0,2.0
2026-08-07,CAT-47,6.0,2.0
2026-08-07,CAT-48,3.0,2.0
2026-08-07,CAT-49,4.0,2.0
2026-08-08,CAT-01,4.0,2.0
2026-08-08,CAT-02,6.0,2.0
2026-08-08,CAT-03,6.0,2.0
2026-08-08,CAT-04,7.0,2.0
2026-08-08,CAT-05,4.0,2.0
2026-08-08,CAT-06,3.0,2.0
2026-08-08,CAT-07,7.0,2.0
2026-08-08,CAT-08,8.0,2.0
2026-08-08,CAT-09,6.0,2.0
2026-08-08,CAT-10,6.0,2.0
2026-08-08,CAT-11,3.0,2.0
2026-08-08,CAT-12,3.0,2.0
2026-08-08,CAT-13,5.0,2.0
2026-08-08,CAT-14,7.0,2.0
2026-08-08,CAT-15,4.0,2.0
2026-08-08,CAT-16,6.0,2.0
2026-08-08,CAT-17,5.0,2.0
2026-08-08,CAT-18,4.0,2.0
2026-08-08,CAT-19,5.0,2.0
2026-08-08,CAT-20,7.0,2.0
2026-08-08,CAT-21,4.0,2.0
2026-08-08,CAT-22,7.0,2.0
2026-08-08,CAT-23,7.0,2.0
2026-08-08,CAT-24,4.0,2.0
2026-08-08,CAT-25,8.0,2.0
2026-08-08,CAT-26,6.0,2.0
2026-08-08,CAT-27,6.0,2.0
2026-08-08,CAT-28,5.0,2.0
2026-08-08,CAT-29,7.0,2.0
2026-08-08,CAT-30,8.0,2.0
2026-08-08,CAT-31,4.0,2.0
2026-08-08,CAT-32,4.0,2.0
2026-08-08,CAT-33,5.0,2.0
2026-08-08,CAT-34,8.0,2.0
2026-08-08,CAT-35,7.0,2.0
2026-08-08,CAT-36,4.0,2.0
2026-08-08,CAT-37,5.0,2.0
2026-08-08,CAT-38,5.0,2.0
2026-08-08,CAT-39,5.0,2.0
2026-08-08,CAT-40,6.0,2.0
2026-08-08,CAT-41,6.0,2.0
2026-08-08,CAT-42,5.0,2.0
2026-08-08,CAT-43,4.0,2.0
2026-08-08,CAT-44,6.0,2.0
2026-08-08,CAT-45,6.0,2.0
2026-08-08,CAT-46,5.0,2.0
2026-08-08,CAT-47,6.0,2.0
2026-08-08,CAT-48,3.0,2.0
2026-08-08,CAT-49,4.0,2.0
2026-08-09,CAT-01,4.0,2.0
2026-08-09,CAT-02,6.0,2.0
2026-08-09,CAT-03,6.0,2.0
2026-08-09,CAT-04,7.0,2.0
2026-08-09,CAT-05,4.0,2.0
2026-08-09,CAT-06,3.0,2.0
2026-08-09,CAT-07,7.0,2.0
2026-08-09,CAT-08,8.0,2.0
2026-08-09,CAT-09,6.0,2.0
2026-08-09,CAT-10,6.0,2.0
2026-08-09,CAT-11,3.0,2.0
2026-08-09,CAT-12,3.0,2.0
2026-08-09,CAT-13,5.0,2.0
2026-08-09,CAT-14,7.0,2.0
2026-08-09,CAT-15,4.0,2.0
2026-08-09,CAT-16,6.0,2.0
2026-08-09,CAT-17,5.0,2.0
2026-08-09,CAT-18,4.0,2.0
2026-08-09,CAT-19,5.0,2.0
2026-08-09,CAT-20,7.0,2.0
2026-08-09,CAT-21,4.0,2.0
2026-08-09,CAT-22,7.0,2.0
2026-08-09,CAT-23,7.0,2.0
2026-08-09,CAT-24,4.0,2.0
2026-08-09,CAT-25,8.0,2.0
2026-08-09,CAT-26,6.0,2.0
2026-08-09,CAT-27,6.0,2.0
2026-08-09,CAT-28,5.0,2.0
2026-08-09,CAT-29,7.0,2.0
2026-08-09,CAT-30,8.0,2.0
2026-08-09,CAT-31,4.0,2.0
2026-08-09,CAT-32,4.0,2.0
2026-08-09,CAT-33,5.0,2.0
2026-08-09,CAT-34,8.0,2.0
2026-08-09,CAT-35,7.0,2.0
2026-08-09,CAT-36,4.0,2.0
2026-08-09,CAT-37,5.0,2.0
2026-08-09,CAT-38,5.0,2.0
2026-08-09,CAT-39,5.0,2.0
2026-08-09,CAT-40,6.0,2.0
2026-08-09,CAT-41,6.0,2.0
2026-08-09,CAT-42,5.0,2.0
2026-08-09,CAT-43,4.0,2.0
2026-08-09,CAT-44,6.0,2.0
2026-08-09,CAT-45,6.0,2.0
2026-08-09,CAT-46,5.0,2.0
2026-08-09,CAT-47,6.0,2.0
2026-08-09,CAT-48,3.0,2.0
2026-08-09,CAT-49,4.0,2.0
2026-08-10,CAT-01,4.0,2.0
2026-08-10,CAT-02,6.0,2.0
2026-08-10,CAT-03,6.0,2.0
2026-08-10,CAT-04,7.0,2.0
2026-08-10,CAT-05,4.0,2.0
2026-08-10,CAT-06,3.0,2.0
2026-08-10,CAT-07,7.0,2.0
2026-08-10,CAT-08,8.0,2.0
2026-08-10,CAT-09,6.0,2.0
2026-08-10,CAT-10,6.0,2.0
2026-08-10,CAT-11,3.0,2.0
2026-08-10,CAT-12,3.0,2.0
2026-08-10,CAT-13,5.0,2.0
2026-08-10,CAT-14,7.0,2.0
2026-08-10,CAT-15,4.0,2.0
2026-08-10,CAT-16,6.0,2.0
2026-08-10,CAT-17,5.0,2.0
2026-08-10,CAT-18,4.0,2.0
2026-08-10,CAT-19,5.0,2.0
2026-08-10,CAT-20,7.0,2.0
2026-08-10,CAT-21,4.0,2.0
2026-08-10,CAT-22,7.0,2.0
2026-08-10,CAT-23,7.0,2.0
2026-08-10,CAT-24,4.0,2.0
2026-08-10,CAT-25,8.0,2.0
2026-08-10,CAT-26,6.0,2.0
2026-08-10,CAT-27,6.0,2.0
2026-08-10,CAT-28,5.0,2.0
2026-08-10,CAT-29,7.0,2.0
2026-08-10,CAT-30,8.0,2.0
2026-08-10,CAT-31,4.0,2.0
2026-08-10,CAT-32,4.0,2.0
2026-08-10,CAT-33,5.0,2.0
2026-08-10,CAT-34,8.0,2.0
2026-08-10,CAT-35,7.0,2.0
2026-08-10,CAT-36,4.0,2.0
2026-08-10,CAT-37,5.0,2.0
2026-08-10,CAT-38,5.0,2.0
2026-08-10,CAT-39,5.0,2.0
2026-08-10,CAT-40,6.0,2.0
2026-08-10,CAT-41,6.0,2.0
2026-08-10,CAT-42,5.0,2.0
2026-08-10,CAT-43,4.0,2.0
2026-08-10,CAT-44,6.0,2.0
2026-08-10,CAT-45,6.0,2.0
2026-08-10,CAT-46,5.0,2.0
2026-08-10,CAT-47,6.0,2.0
2026-08-10,CAT-48,3.0,2.0
2026-08-10,CAT-49,4.0,2.0
2026-08-11,CAT-01,4.0,2.0
2026-08-11,CAT-02,6.0,2.0
2026-08-11,CAT-03,6.0,2.0
2026-08-11,CAT-04,7.0,2.0
2026-08-11,CAT-05,4.0,2.0
2026-08-11,CAT-06,3.0,2.0
2026-08-11,CAT-07,7.0,2.0
2026-08-11,CAT-08,8.0,2.0
2026-08-11,CAT-09,6.0,2.0
2026-08-11,CAT-10,6.0,2.0
2026-08-11,CAT-11,3.0,2.0
2026-08-11,CAT-12,3.0,2.0
2026-08-11,CAT-13,5.0,2.0
2026-08-11,CAT-14,7.0,2.0
2026-08-11,CAT-15,4.0,2.0
2026-08-11,CAT-16,6.0,2.0
2026-08-11,CAT-17,5.0,2.0
2026-08-11,CAT-18,4.0,2.0
2026-08-11,CAT-19,5.0,2.0
2026-08-11,CAT-20,7.0,2.0
2026-08-11,CAT-21,4.0,2.0
2026-08-11,CAT-22,7.0,2.0
2026-08-11,CAT-23,7.0,2.0
2026-08-11,CAT-24,4.0,2.0
2026-08-11,CAT-25,8.0,2.0
2026-08-11,CAT-26,6.0,2.0
2026-08-11,CAT-27,6.0,2.0
2026-08-11,CAT-28,5.0,2.0
2026-08-11,CAT-29,7.0,2.0
2026-08-11,CAT-30,8.0,2.0
2026-08-11,CAT-31,4.0,2.0
2026-08-11,CAT-32,4.0,2.0
2026-08-11,CAT-33,5.0,2.0
2026-08-11,CAT-34,8.0,2.0
2026-08-11,CAT-35,7.0,2.0
2026-08-11,CAT-36,4.0,2.0
2026-08-11,CAT-37,5.0,2.0
2026-08-11,CAT-38,5.0,2.0
2026-08-11,CAT-39,5.0,2.0
2026-08-11,CAT-40,6.0,2.0
2026-08-11,CAT-41,6.0,2.0
2026-08-11,CAT-42,5.0,2.0
2026-08-11,CAT-43,4.0,2.0
2026-08-11,CAT-44,6.0,2.0
2026-08-11,CAT-45,6.0,2.0
2026-08-11,CAT-46,5.0,2.0
2026-08-11,CAT-47,6.0,2.0
2026-08-11,CAT-48,3.0,2.0
2026-08-11,CAT-49,4.0,2.0
2026-08-12,CAT-01,4.0,2.0
2026-08-12,CAT-02,6.0,2.0
2026-08-12,CAT-03,6.0,2.0
2026-08-12,CAT-04,7.0,2.0
2026-08-12,CAT-05,4.0,2.0
2026-08-12,CAT-06,3.0,2.0
2026-08-12,CAT-07,7.0,2.0
2026-08-12,CAT-08,8.0,2.0
2026-08-12,CAT-09,6.0,2.0
2026-08-12,CAT-10,6.0,2.0
2026-08-12,CAT-11,3.0,2.0
2026-08-12,CAT-12,3.0,2.0
2026-08-12,CAT-13,5.0,2.0
2026-08-12,CAT-14,7.0,2.0
2026-08-12,CAT-15,4.0,2.0
2026-08-12,CAT-16,6.0,2.0
2026-08-12,CAT-17,5.0,2.0
2026-08-12,CAT-18,4.0,2.0
2026-08-12,CAT-19,5.0,2.0
2026-08-12,CAT-20,7.0,2.0
2026-08-12,CAT-21,4.0,2.0
2026-08-12,CAT-22,7.0,2.0
2026-08-12,CAT-23,7.0,2.0
2026-08-12,CAT-24,4.0,2.0
2026-08-12,CAT-25,8.0,2.0
2026-08-12,CAT-26,6.0,2.0
2026-08-12,CAT-27,6.0,2.0
2026-08-12,CAT-28,5.0,2.0
2026-08-12,CAT-29,7.0,2.0
2026-08-12,CAT-30,8.0,2.0
2026-08-12,CAT-31,4.0,2.0
2026-08-12,CAT-32,4.0,2.0
2026-08-12,CAT-33,5.0,2.0
2026-08-12,CAT-34,8.0,2.0
2026-08-12,CAT-35,7.0,2.0
2026-08-12,CAT-36,4.0,2.0
2026-08-12,CAT-37,5.0,2.0
2026-08-12,CAT-38,5.0,2.0
2026-08-12,CAT-39,5.0,2.0
2026-08-12,CAT-40,6.0,2.0
2026-08-12,CAT-41,6.0,2.0
2026-08-12,CAT-42,5.0,2.0
2026-08-12,CAT-43,4.0,2.0
2026-08-12,CAT-44,6.0,2.0
2026-08-12,CAT-45,6.0,2.0
2026-08-12,CAT-46,5.0,2.0
2026-08-12,CAT-47,6.0,2.0
2026-08-12,CAT-48,3.0,2.0
2026-08-12,CAT-49,4.0,2.0
2026-08-13,CAT-01,4.0,2.0
2026-08-13,CAT-02,6.0,2.0
2026-08-13,CAT-03,6.0,2.0
2026-08-13,CAT-04,7.0,2.0
2026-08-13,CAT-05,4.0,2.0
2026-08-13,CAT-06,3.0,2.0
2026-08-13,CAT-07,7.0,2.0
2026-08-13,CAT-08,8.0,2.0
2026-08-13,CAT-09,6.0,2.0
2026-08-13,CAT-10,6.0,2.0
2026-08-13,CAT-11,3.0,2.0
2026-08-13,CAT-12,3.0,2.0
2026-08-13,CAT-13,5.0,2.0
2026-08-13,CAT-14,7.0,2.0
2026-08-13,CAT-15,4.0,2.0
2026-08-13,CAT-16,6.0,2.0
2026-08-13,CAT-17,5.0,2.0
2026-08-13,CAT-18,4.0,2.0
2026-08-13,CAT-19,5.0,2.0
2026-08-13,CAT-20,7.0,2.0
2026-08-13,CAT-21,4.0,2.0
2026-08-13,CAT-22,7.0,2.0
2026-08-13,CAT-23,7.0,2.0
2026-08-13,CAT-24,4.0,2.0
2026-08-13,CAT-25,8.0,2.0
2026-08-13,CAT-26,6.0,2.0
2026-08-13,CAT-27,6.0,2.0
2026-08-13,CAT-28,5.0,2.0
2026-08-13,CAT-29,7.0,2.0
2026-08-13,CAT-30,8.0,2.0
2026-08-13,CAT-31,4.0,2.0
2026-08-13,CAT-32,4.0,2.0
2026-08-13,CAT-33,5.0,2.0
2026-08-13,CAT-34,8.0,2.0
2026-08-13,CAT-35,7.0,2.0
2026-08-13,CAT-36,4.0,2.0
2026-08-13,CAT-37,5.0,2.0
2026-08-13,CAT-38,5.0,2.0
2026-08-13,CAT-39,5.0,2.0
2026-08-13,CAT-40,6.0,2.0
2026-08-13,CAT-41,6.0,2.0
2026-08-13,CAT-42,5.0,2.0
2026-08-13,CAT-43,4.0,2.0
2026-08-13,CAT-44,6.0,2.0
2026-08-13,CAT-45,6.0,2.0
2026-08-13,CAT-46,5.0,2.0
2026-08-13,CAT-47,6.0,2.0
2026-08-13,CAT-48,3.0,2.0
2026-08-13,CAT-49,4.0,2.0
2026-08-14,CAT-01,4.0,2.0
2026-08-14,CAT-02,6.0,2.0
2026-08-14,CAT-03,6.0,2.0
2026-08-14,CAT-04,7.0,2.0
2026-08-14,CAT-05,4.0,2.0
2026-08-14,CAT-06,3.0,2.0
2026-08-14,CAT-07,7.0,2.0
2026-08-14,CAT-08,8.0,2.0
2026-08-14,CAT-09,6.0,2.0
2026-08-14,CAT-10,6.0,2.0
2026-08-14,CAT-11,3.0,2.0
2026-08-14,CAT-12,3.0,2.0
2026-08-14,CAT-13,5.0,2.0
2026-08-14,CAT-14,7.0,2.0
2026-08-14,CAT-15,4.0,2.0
2026-08-14,CAT-16,6.0,2.0
2026-08-14,CAT-17,5.0,2.0
2026-08-14,CAT-18,4.0,2.0
2026-08-14,CAT-19,5.0,2.0
2026-08-14,CAT-20,7.0,2.0
2026-08-14,CAT-21,4.0,2.0
2026-08-14,CAT-22,7.0,2.0
2026-08-14,CAT-23,7.0,2.0
2026-08-14,CAT-24,4.0,2.0
2026-08-14,CAT-25,8.0,2.0
2026-08-14,CAT-26,6.0,2.0
2026-08-14,CAT-27,6.0,2.0
2026-08-14,CAT-28,5.0,2.0
2026-08-14,CAT-29,7.0,2.0
2026-08-14,CAT-30,8.0,2.0
2026-08-14,CAT-31,4.0,2.0
2026-08-14,CAT-32,4.0,2.0
2026-08-14,CAT-33,5.0,2.0
2026-08-14,CAT-34,8.0,2.0
2026-08-14,CAT-35,7.0,2.0
2026-08-14,CAT-36,4.0,2.0
2026-08-14,CAT-37,5.0,2.0
2026-08-14,CAT-38,5.0,2.0
2026-08-14,CAT-39,5.0,2.0
2026-08-14,CAT-40,6.0,2.0
2026-08-14,CAT-41,6.0,2.0
2026-08-14,CAT-42,5.0,2.0
2026-08-14,CAT-43,4.0,2.0
2026-08-14,CAT-44,6.0,2.0
2026-08-14,CAT-45,6.0,2.0
2026-08-14,CAT-46,5.0,2.0
2026-08-14,CAT-47,6.0,2.0
2026-08-14,CAT-48,3.0,2.0
2026-08-14,CAT-49,4.0,2.0
2026-08-15,CAT-01,4.0,2.0
2026-08-15,CAT-02,6.0,2.0
2026-08-15,CAT-03,6.0,2.0
2026-08-15,CAT-04,7.0,2.0
2026-08-15,CAT-05,4.0,2.0
2026-08-15,CAT-06,3.0,2.0
2026-08-15,CAT-07,7.0,2.0
2026-08-15,CAT-08,8.0,2.0
2026-08-15,CAT-09,6.0,2.0
2026-08-15,CAT-10,6.0,2.0
2026-08-15,CAT-11,3.0,2.0
2026-08-15,CAT-12,3.0,2.0
2026-08-15,CAT-13,5.0,2.0
2026-08-15,CAT-14,7.0,2.0
2026-08-15,CAT-15,4.0,2.0
2026-08-15,CAT-16,6.0,2.0
2026-08-15,CAT-17,5.0,2.0
2026-08-15,CAT-18,4.0,2.0
2026-08-15,CAT-19,5.0,2.0
2026-08-15,CAT-20,7.0,2.0
2026-08-15,CAT-21,4.0,2.0
2026-08-15,CAT-22,7.0,2.0
2026-08-15,CAT-23,7.0,2.0
2026-08-15,CAT-24,4.0,2.0
2026-08-15,CAT-25,8.0,2.0
2026-08-15,CAT-26,6.0,2.0
2026-08-15,CAT-27,6.0,2.0
2026-08-15,CAT-28,5.0,2.0
2026-08-15,CAT-29,7.0,2.0
2026-08-15,CAT-30,8.0,2.0
2026-08-15,CAT-31,4.0,2.0
2026-08-15,CAT-32,4.0,2.0
2026-08-15,CAT-33,5.0,2.0
2026-08-15,CAT-34,8.0,2.0
2026-08-15,CAT-35,7.0,2.0
2026-08-15,CAT-36,4.0,2.0
2026-08-15,CAT-37,5.0,2.0
2026-08-15,CAT-38,5.0,2.0
2026-08-15,CAT-39,5.0,2.0
2026-08-15,CAT-40,6.0,2.0
2026-08-15,CAT-41,6.0,2.0
2026-08-15,CAT-42,5.0,2.0
2026-08-15,CAT-43,4.0,2.0
2026-08-15,CAT-44,6.0,2.0
2026-08-15,CAT-45,6.0,2.0
2026-08-15,CAT-46,5.0,2.0
2026-08-15,CAT-47,6.0,2.0
2026-08-15,CAT-48,3.0,2.0
2026-08-15,CAT-49,4.0,2.0
2026-08-16,CAT-01,4.0,2.0
2026-08-16,CAT-02,6.0,2.0
2026-08-16,CAT-03,6.0,2.0
2026-08-16,CAT-04,7.0,2.0
2026-08-16,CAT-05,4.0,2.0
2026-08-16,CAT-06,3.0,2.0
2026-08-16,CAT-07,7.0,2.0
2026-08-16,CAT-08,8.0,2.0
2026-08-16,CAT-09,6.0,2.0
2026-08-16,CAT-10,6.0,2.0
2026-08-16,CAT-11,3.0,2.0
2026-08-16,CAT-12,3.0,2.0
2026-08-16,CAT-13,5.0,2.0
2026-08-16,CAT-14,7.0,2.0
2026-08-16,CAT-15,4.0,2.0
2026-08-16,CAT-16,6.0,2.0
2026-08-16,CAT-17,5.0,2.0
2026-08-16,CAT-18,4.0,2.0
2026-08-16,CAT-19,5.0,2.0
2026-08-16,CAT-20,7.0,2.0
2026-08-16,CAT-21,4.0,2.0
2026-08-16,CAT-22,7.0,2.0
2026-08-16,CAT-23,7.0,2.0
2026-08-16,CAT-24,4.0,2.0
2026-08-16,CAT-25,8.0,2.0
2026-08-16,CAT-26,6.0,2.0
2026-08-16,CAT-27,6.0,2.0
2026-08-16,CAT-28,5.0,2.0
2026-08-16,CAT-29,7.0,2.0
2026-08-16,CAT-30,8.0,2.0
2026-08-16,CAT-31,4.0,2.0
2026-08-16,CAT-32,4.0,2.0
2026-08-16,CAT-33,5.0,2.0
2026-08-16,CAT-34,8.0,2.0
2026-08-16,CAT-35,7.0,2.0
2026-08-16,CAT-36,4.0,2.0
2026-08-16,CAT-37,5.0,2.0
2026-08-16,CAT-38,5.0,2.0
2026-08-16,CAT-39,5.0,2.0
2026-08-16,CAT-40,6.0,2.0
2026-08-16,CAT-41,6.0,2.0
2026-08-16,CAT-42,5.0,2.0
2026-08-16,CAT-43,4.0,2.0
2026-08-16,CAT-44,6.0,2.0
2026-08-16,CAT-45,6.0,2.0
2026-08-16,CAT-46,5.0,2.0
2026-08-16,CAT-47,6.0,2.0
2026-08-16,CAT-48,3.0,2.0
2026-08-16,CAT-49,4.0,2.0
2026-08-17,CAT-01,4.0,2.0
2026-08-17,CAT-02,6.0,2.0
2026-08-17,CAT-03,6.0,2.0
2026-08-17,CAT-04,7.0,2.0
2026-08-17,CAT-05,4.0,2.0
2026-08-17,CAT-06,3.0,2.0
2026-08-17,CAT-07,7.0,2.0
2026-08-17,CAT-08,8.0,2.0
2026-08-17,CAT-09,6.0,2.0
2026-08-17,CAT-10,6.0,2.0
2026-08-17,CAT-11,3.0,2.0
2026-08-17,CAT-12,3.0,2.0
2026-08-17,CAT-13,5.0,2.0
2026-08-17,CAT-14,7.0,2.0
2026-08-17,CAT-15,4.0,2.0
2026-08-17,CAT-16,6.0,2.0
2026-08-17,CAT-17,5.0,2.0
2026-08-17,CAT-18,4.0,2.0
2026-08-17,CAT-19,5.0,2.0
2026-08-17,CAT-20,7.0,2.0
2026-08-17,CAT-21,4.0,2.0
2026-08-17,CAT-22,7.0,2.0
2026-08-17,CAT-23,7.0,2.0
2026-08-17,CAT-24,4.0,2.0
2026-08-17,CAT-25,8.0,2.0
2026-08-17,CAT-26,6.0,2.0
2026-08-17,CAT-27,6.0,2.0
2026-08-17,CAT-28,5.0,2.0
2026-08-17,CAT-29,7.0,2.0
2026-08-17,CAT-30,8.0,2.0
2026-08-17,CAT-31,4.0,2.0
2026-08-17,CAT-32,4.0,2.0
2026-08-17,CAT-33,5.0,2.0
2026-08-17,CAT-34,8.0,2.0
2026-08-17,CAT-35,7.0,2.0
2026-08-17,CAT-36,4.0,2.0
2026-08-17,CAT-37,5.0,2.0
2026-08-17,CAT-38,5.0,2.0
2026-08-17,CAT-39,5.0,2.0
2026-08-17,CAT-40,6.0,2.0
2026-08-17,CAT-41,6.0,2.0
2026-08-17,CAT-42,5.0,2.0
2026-08-17,CAT-43,4.0,2.0
2026-08-17,CAT-44,6.0,2.0
2026-08-17,CAT-45,6.0,2.0
2026-08-17,CAT-46,5.0,2.0
2026-08-17,CAT-47,6.0,2.0
2026-08-17,CAT-48,3.0,2.0
2026-08-17,CAT-49,4.0,2.0
2026-08-18,CAT-01,4.0,2.0
2026-08-18,CAT-02,6.0,2.0
2026-08-18,CAT-03,6.0,2.0
2026-08-18,CAT-04,7.0,2.0
2026-08-18,CAT-05,4.0,2.0
2026-08-18,CAT-06,3.0,2.0
2026-08-18,CAT-07,7.0,2.0
2026-08-18,CAT-08,8.0,2.0
2026-08-18,CAT-09,6.0,2.0
2026-08-18,CAT-10,6.0,2.0
2026-08-18,CAT-11,3.0,2.0
2026-08-18,CAT-12,3.0,2.0
2026-08-18,CAT-13,5.0,2.0
2026-08-18,CAT-14,7.0,2.0
2026-08-18,CAT-15,4.0,2.0
2026-08-18,CAT-16,6.0,2.0
2026-08-18,CAT-17,5.0,2.0
2026-08-18,CAT-18,4.0,2.0
2026-08-18,CAT-19,5.0,2.0
2026-08-18,CAT-20,7.0,2.0
2026-08-18,CAT-21,4.0,2.0
2026-08-18,CAT-22,7.0,2.0
2026-08-18,CAT-23,7.0,2.0
2026-08-18,CAT-24,4.0,2.0
2026-08-18,CAT-25,8.0,2.0
2026-08-18,CAT-26,6.0,2.0
2026-08-18,CAT-27,6.0,2.0
2026-08-18,CAT-28,5.0,2.0
2026-08-18,CAT-29,7.0,2.0
2026-08-18,CAT-30,8.0,2.0
2026-08-18,CAT-31,4.0,2.0
2026-08-18,CAT-32,4.0,2.0
2026-08-18,CAT-33,5.0,2.0
2026-08-18,CAT-34,8.0,2.0
2026-08-18,CAT-35,7.0,2.0
2026-08-18,CAT-36,4.0,2.0
2026-08-18,CAT-37,5.0,2.0
2026-08-18,CAT-38,5.0,2.0
2026-08-18,CAT-39,5.0,2.0
2026-08-18,CAT-40,6.0,2.0
2026-08-18,CAT-41,6.0,2.0
2026-08-18,CAT-42,5.0,2.0
2026-08-18,CAT-43,4.0,2.0
2026-08-18,CAT-44,6.0,2.0
2026-08-18,CAT-45,6.0,2.0
2026-08-18,CAT-46,5.0,2.0
2026-08-18,CAT-47,6.0,2.0
2026-08-18,CAT-48,3.0,2.0
2026-08-18,CAT-49,4.0,2.0
2026-08-19,CAT-01,4.0,2.0
2026-08-19,CAT-02,6.0,2.0
2026-08-19,CAT-03,6.0,2.0
2026-08-19,CAT-04,7.0,2.0
2026-08-19,CAT-05,4.0,2.0
2026-08-19,CAT-06,3.0,2.0
2026-08-19,CAT-07,7.0,2.0
2026-08-19,CAT-08,8.0,2.0
2026-08-19,CAT-09,6.0,2.0
2026-08-19,CAT-10,6.0,2.0
2026-08-19,CAT-11,3.0,2.0
2026-08-19,CAT-12,3.0,2.0
2026-08-19,CAT-13,5.0,2.0
2026-08-19,CAT-14,7.0,2.0
2026-08-19,CAT-15,4.0,2.0
2026-08-19,CAT-16,6.0,2.0
2026-08-19,CAT-17,5.0,2.0
2026-08-19,CAT-18,4.0,2.0
2026-08-19,CAT-19,5.0,2.0
2026-08-19,CAT-20,7.0,2.0
2026-08-19,CAT-21,4.0,2.0
2026-08-19,CAT-22,7.0,2.0
2026-08-19,CAT-23,7.0,2.0
2026-08-19,CAT-24,4.0,2.0
2026-08-19,CAT-25,8.0,2.0
2026-08-19,CAT-26,6.0,2.0
2026-08-19,CAT-27,6.0,2.0
2026-08-19,CAT-28,5.0,2.0
2026-08-19,CAT-29,7.0,2.0
2026-08-19,CAT-30,8.0,2.0
2026-08-19,CAT-31,4.0,2.0
2026-08-19,CAT-32,4.0,2.0
2026-08-19,CAT-33,5.0,2.0
2026-08-19,CAT-34,8.0,2.0
2026-08-19,CAT-35,7.0,2.0
2026-08-19,CAT-36,4.0,2.0
2026-08-19,CAT-37,5.0,2.0
2026-08-19,CAT-38,5.0,2.0
2026-08-19,CAT-39,5.0,2.0
2026-08-19,CAT-40,6.0,2.0
2026-08-19,CAT-41,6.0,2.0
2026-08-19,CAT-42,5.0,2.0
2026-08-19,CAT-43,4.0,2.0
2026-08-19,CAT-44,6.0,2.0
2026-08-19,CAT-45,6.0,2.0
2026-08-19,CAT-46,5.0,2.0
2026-08-19,CAT-47,6.0,2.0
2026-08-19,CAT-48,3.0,2.0
2026-08-19,CAT-49,4.0,2.0
2026-08-20,CAT-01,4.0,3.0
2026-08-20,CAT-02,6.0,3.0
2026-08-20,CAT-03,6.0,3.0
2026-08-20,CAT-04,7.0,3.0
2026-08-20,CAT-05,4.0,3.0
2026-08-20,CAT-06,3.0,3.0
2026-08-20,CAT-07,7.0,3.0
2026-08-20,CAT-08,8.0,3.0
2026-08-20,CAT-09,6.0,3.0
2026-08-20,CAT-10,6.0,3.0
2026-08-20,CAT-11,3.0,3.0
2026-08-20,CAT-12,3.0,3.0
2026-08-20,CAT-13,5.0,3.0
2026-08-20,CAT-14,7.0,3.0
2026-08-20,CAT-15,4.0,3.0
2026-08-20,CAT-16,6.0,3.0
2026-08-20,CAT-17,5.0,3.0
2026-08-20,CAT-18,4.0,3.0
2026-08-20,CAT-19,5.0,3.0
2026-08-20,CAT-20,7.0,3.0
2026-08-20,CAT-21,4.0,3.0
2026-08-20,CAT-22,7.0,3.0
2026-08-20,CAT-23,7.0,3.0
2026-08-20,CAT-24,4.0,3.0
2026-08-20,CAT-25,8.0,3.0
2026-08-20,CAT-26,6.0,3.0
2026-08-20,CAT-27,6.0,3.0
2026-08-20,CAT-28,5.0,3.0
2026-08-20,CAT-29,7.0,3.0
2026-08-20,CAT-30,8.0,3.0
2026-08-20,CAT-31,4.0,3.0
2026-08-20,CAT-32,4.0,3.0
2026-08-20,CAT-33,5.0,3.0
2026-08-20,CAT-34,8.0,3.0
2026-08-20,CAT-35,7.0,3.0
2026-08-20,CAT-36,4.0,3.0
2026-08-20,CAT-37,5.0,3.0
2026-08-20,CAT-38,5.0,3.0
2026-08-20,CAT-39,5.0,3.0
2026-08-20,CAT-40,6.0,3.0
2026-08-20,CAT-41,6.0,3.0
2026-08-20,CAT-42,5.0,3.0
2026-08-20,CAT-43,4.0,3.0
2026-08-20,CAT-44,6.0,3.0
2026-08-20,CAT-45,6.0,3.0
2026-08-20,CAT-46,5.0,3.0
2026-08-20,CAT-47,6.0,3.0
2026-08-20,CAT-48,3.0,3.0
2026-08-20,CAT-49,4.0,3.0
2026-08-21,CAT-01,4.0,2.0
2026-08-21,CAT-02,6.0,2.0
2026-08-21,CAT-03,6.0,2.0
2026-08-21,CAT-04,7.0,2.0
2026-08-21,CAT-05,4.0,2.0
2026-08-21,CAT-06,3.0,2.0
2026-08-21,CAT-07,7.0,2.0
2026-08-21,CAT-08,8.0,2.0
2026-08-21,CAT-09,6.0,2.0
2026-08-21,CAT-10,6.0,2.0
2026-08-21,CAT-11,3.0,2.0
2026-08-21,CAT-12,3.0,2.0
2026-08-21,CAT-13,5.0,2.0
2026-08-21,CAT-14,7.0,2.0
2026-08-21,CAT-15,4.0,2.0
2026-08-21,CAT-16,6.0,2.0
2026-08-21,CAT-17,5.0,2.0
2026-08-21,CAT-18,4.0,2.0
2026-08-21,CAT-19,5.0,2.0
2026-08-21,CAT-20,7.0,2.0
2026-08-21,CAT-21,4.0,2.0
2026-08-21,CAT-22,7.0,2.0
2026-08-21,CAT-23,7.0,2.0
2026-08-21,CAT-24,4.0,2.0
2026-08-21,CAT-25,8.0,2.0
2026-08-21,CAT-26,6.0,2.0
2026-08-21,CAT-27,6.0,2.0
2026-08-21,CAT-28,5.0,2.0
2026-08-21,CAT-29,7.0,2.0
2026-08-21,CAT-30,8.0,2.0
2026-08-21,CAT-31,4.0,2.0
2026-08-21,CAT-32,4.0,2.0
2026-08-21,CAT-33,5.0,2.0
2026-08-21,CAT-34,8.0,2.0
2026-08-21,CAT-35,7.0,2.0
2026-08-21,CAT-36,4.0,2.0
2026-08-21,CAT-37,5.0,2.0
2026-08-21,CAT-38,5.0,2.0
2026-08-21,CAT-39,5.0,2.0
2026-08-21,CAT-40,6.0,2.0
2026-08-21,CAT-41,6.0,2.0
2026-08-21,CAT-42,5.0,2.0
2026-08-21,CAT-43,4.0,2.0
2026-08-21,CAT-44,6.0,2.0
2026-08-21,CAT-45,6.0,2.0
2026-08-21,CAT-46,5.0,2.0
2026-08-21,CAT-47,6.0,2.0
2026-08-21,CAT-48,3.0,2.0
2026-08-21,CAT-49,4.0,2.0
2026-08-22,CAT-01,4.0,2.0
2026-08-22,CAT-02,6.0,2.0
2026-08-22,CAT-03,6.0,2.0
2026-08-22,CAT-04,7.0,2.0
2026-08-22,CAT-05,4.0,2.0
2026-08-22,CAT-06,3.0,2.0
2026-08-22,CAT-07,7.0,2.0
2026-08-22,CAT-08,8.0,2.0
2026-08-22,CAT-09,6.0,2.0
2026-08-22,CAT-10,6.0,2.0
2026-08-22,CAT-11,3.0,2.0
2026-08-22,CAT-12,3.0,2.0
2026-08-22,CAT-13,5.0,2.0
2026-08-22,CAT-14,7.0,2.0
2026-08-22,CAT-15,4.0,2.0
2026-08-22,CAT-16,6.0,2.0
2026-08-22,CAT-17,5.0,2.0
2026-08-22,CAT-18,4.0,2.0
2026-08-22,CAT-19,5.0,2.0
2026-08-22,CAT-20,7.0,2.0
2026-08-22,CAT-21,4.0,2.0
2026-08-22,CAT-22,7.0,2.0
2026-08-22,CAT-23,7.0,2.0
2026-08-22,CAT-24,4.0,2.0
2026-08-22,CAT-25,8.0,2.0
2026-08-22,CAT-26,6.0,2.0
2026-08-22,CAT-27,6.0,2.0
2026-08-22,CAT-28,5.0,2.0
2026-08-22,CAT-29,7.0,2.0
2026-08-22,CAT-30,8.0,2.0
2026-08-22,CAT-31,4.0,2.0
2026-08-22,CAT-32,4.0,2.0
2026-08-22,CAT-33,5.0,2.0
2026-08-22,CAT-34,8.0,2.0
2026-08-22,CAT-35,7.0,2.0
2026-08-22,CAT-36,4.0,2.0
2026-08-22,CAT-37,5.0,2.0
2026-08-22,CAT-38,5.0,2.0
2026-08-22,CAT-39,5.0,2.0
2026-08-22,CAT-40,6.0,2.0
2026-08-22,CAT-41,6.0,2.0
2026-08-22,CAT-42,5.0,2.0
2026-08-22,CAT-43,4.0,2.0
2026-08-22,CAT-44,6.0,2.0
2026-08-22,CAT-45,6.0,2.0
2026-08-22,CAT-46,5.0,2.0
2026-08-22,CAT-47,6.0,2.0
2026-08-22,CAT-48,3.0,2.0
2026-08-22,CAT-49,4.0,2.0
2026-08-23,CAT-01,4.0,2.0
2026-08-23,CAT-02,6.0,2.0
2026-08-23,CAT-03,6.0,2.0
2026-08-23,CAT-04,7.0,2.0
2026-08-23,CAT-05,4.0,2.0
2026-08-23,CAT-06,3.0,2.0
2026-08-23,CAT-07,7.0,2.0
2026-08-23,CAT-08,8.0,2.0
2026-08-23,CAT-09,6.0,2.0
2026-08-23,CAT-10,6.0,2.0
2026-08-23,CAT-11,3.0,2.0
2026-08-23,CAT-12,3.0,2.0
2026-08-23,CAT-13,5.0,2.0
2026-08-23,CAT-14,7.0,2.0
2026-08-23,CAT-15,4.0,2.0
2026-08-23,CAT-16,6.0,2.0
2026-08-23,CAT-17,5.0,2.0
2026-08-23,CAT-18,4.0,2.0
2026-08-23,CAT-19,5.0,2.0
2026-08-23,CAT-20,7.0,2.0
2026-08-23,CAT-21,4.0,2.0
2026-08-23,CAT-22,7.0,2.0
2026-08-23,CAT-23,7.0,2.0
2026-08-23,CAT-24,4.0,2.0
2026-08-23,CAT-25,8.0,2.0
2026-08-23,CAT-26,6.0,2.0
2026-08-23,CAT-27,6.0,2.0
2026-08-23,CAT-28,5.0,2.0
2026-08-23,CAT-29,7.0,2.0
2026-08-23,CAT-30,8.0,2.0
2026-08-23,CAT-31,4.0,2.0
2026-08-23,CAT-32,4.0,2.0
2026-08-23,CAT-33,5.0,2.0
2026-08-23,CAT-34,8.0,2.0
2026-08-23,CAT-35,7.0,2.0
2026-08-23,CAT-36,4.0,2.0
2026-08-23,CAT-37,5.0,2.0
2026-08-23,CAT-38,5.0,2.0
2026-08-23,CAT-39,5.0,2.0
2026-08-23,CAT-40,6.0,2.0
2026-08-23,CAT-41,6.0,2.0
2026-08-23,CAT-42,5.0,2.0
2026-08-23,CAT-43,4.0,2.0
2026-08-23,CAT-44,6.0,2.0
2026-08-23,CAT-45,6.0,2.0
2026-08-23,CAT-46,5.0,2.0
2026-08-23,CAT-47,6.0,2.0
2026-08-23,CAT-48,3.0,2.0
2026-08-23,CAT-49,4.0,2.0
2026-08-24,CAT-01,4.0,2.0
2026-08-24,CAT-02,6.0,2.0
2026-08-24,CAT-03,6.0,2.0
2026-08-24,CAT-04,7.0,2.0
2026-08-24,CAT-05,4.0,2.0
2026-08-24,CAT-06,3.0,2.0
2026-08-24,CAT-07,7.0,2.0
2026-08-24,CAT-08,8.0,2.0
2026-08-24,CAT-09,6.0,2.0
2026-08-24,CAT-10,6.0,2.0
2026-08-24,CAT-11,3.0,2.0
2026-08-24,CAT-12,3.0,2.0
2026-08-24,CAT-13,5.0,2.0
2026-08-24,CAT-14,7.0,2.0
2026-08-24,CAT-15,4.0,2.0
2026-08-24,CAT-16,6.0,2.0
2026-08-24,CAT-17,5.0,2.0
2026-08-24,CAT-18,4.0,2.0
2026-08-24,CAT-19,5.0,2.0
2026-08-24,CAT-20,7.0,2.0
2026-08-24,CAT-21,4.0,2.0
2026-08-24,CAT-22,7.0,2.0
2026-08-24,CAT-23,7.0,2.0
2026-08-24,CAT-24,4.0,2.0
2026-08-24,CAT-25,8.0,2.0
2026-08-24,CAT-26,6.0,2.0
2026-08-24,CAT-27,6.0,2.0
2026-08-24,CAT-28,5.0,2.0
2026-08-24,CAT-29,7.0,2.0
2026-08-24,CAT-30,8.0,2.0
2026-08-24,CAT-31,4.0,2.0
2026-08-24,CAT-32,4.0,2.0
2026-08-24,CAT-33,5.0,2.0
2026-08-24,CAT-34,8.0,2.0
2026-08-24,CAT-35,7.0,2.0
2026-08-24,CAT-36,4.0,2.0
2026-08-24,CAT-37,5.0,2.0
2026-08-24,CAT-38,5.0,2.0
2026-08-24,CAT-39,5.0,2.0
2026-08-24,CAT-40,6.0,2.0
2026-08-24,CAT-41,6.0,2.0
2026-08-24,CAT-42,5.0,2.0
2026-08-24,CAT-43,4.0,2.0
2026-08-24,CAT-44,6.0,2.0
2026-08-24,CAT-45,6.0,2.0
2026-08-24,CAT-46,5.0,2.0
2026-08-24,CAT-47,6.0,2.0
2026-08-24,CAT-48,3.0,2.0
2026-08-24,CAT-49,4.0,2.0
2026-08-25,CAT-01,4.0,2.0
2026-08-25,CAT-02,6.0,2.0
2026-08-25,CAT-03,6.0,2.0
2026-08-25,CAT-04,7.0,2.0
2026-08-25,CAT-05,4.0,2.0
2026-08-25,CAT-06,3.0,2.0
2026-08-25,CAT-07,7.0,2.0
2026-08-25,CAT-08,8.0,2.0
2026-08-25,CAT-09,6.0,2.0
2026-08-25,CAT-10,6.0,2.0
2026-08-25,CAT-11,3.0,2.0
2026-08-25,CAT-12,5.0,5.0
2026-08-25,CAT-13,5.0,2.0
2026-08-25,CAT-14,7.0,2.0
2026-08-25,CAT-15,4.0,2.0
2026-08-25,CAT-16,6.0,2.0
2026-08-25,CAT-17,5.0,2.0
2026-08-25,CAT-18,4.0,2.0
2026-08-25,CAT-19,5.0,2.0
2026-08-25,CAT-20,7.0,2.0
2026-08-25,CAT-21,4.0,2.0
2026-08-25,CAT-22,7.0,2.0
2026-08-25,CAT-23,7.0,2.0
2026-08-25,CAT-24,4.0,2.0
2026-08-25,CAT-25,8.0,2.0
2026-08-25,CAT-26,6.0,2.0
2026-08-25,CAT-27,6.0,2.0
2026-08-25,CAT-28,5.0,2.0
2026-08-25,CAT-29,7.0,2.0
2026-08-25,CAT-30,8.0,2.0
2026-08-25,CAT-31,4.0,2.0
2026-08-25,CAT-32,4.0,2.0
2026-08-25,CAT-33,5.0,2.0
2026-08-25,CAT-34,8.0,2.0
2026-08-25,CAT-35,7.0,2.0
2026-08-25,CAT-36,4.0,2.0
2026-08-25,CAT-37,5.0,2.0
2026-08-25,CAT-38,5.0,2.0
2026-08-25,CAT-39,5.0,2.0
2026-08-25,CAT-40,6.0,2.0
2026-08-25,CAT-41,6.0,2.0
2026-08-25,CAT-42,5.0,2.0
2026-08-25,CAT-43,4.0,2.0
2026-08-25,CAT-44,6.0,2.0
2026-08-25,CAT-45,6.0,2.0
2026-08-25,CAT-46,5.0,2.0
2026-08-25,CAT-47,6.0,2.0
2026-08-25,CAT-48,5.0,5.0
2026-08-25,CAT-49,4.0,2.0
2026-08-26,CAT-01,4.0,2.0
2026-08-26,CAT-02,6.0,2.0
2026-08-26,CAT-03,6.0,2.0
2026-08-26,CAT-04,7.0,2.0
2026-08-26,CAT-05,4.0,2.0
2026-08-26,CAT-06,3.0,2.0
2026-08-26,CAT-07,7.0,2.0
2026-08-26,CAT-08,8.0,2.0
2026-08-26,CAT-09,6.0,2.0
2026-08-26,CAT-10,6.0,2.0
2026-08-26,CAT-11,3.0,2.0
2026-08-26,CAT-12,5.0,5.0
2026-08-26,CAT-13,5.0,2.0
2026-08-26,CAT-14,7.0,2.0
2026-08-26,CAT-15,4.0,2.0
2026-08-26,CAT-16,6.0,2.0
2026-08-26,CAT-17,5.0,2.0
2026-08-26,CAT-18,4.0,2.0
2026-08-26,CAT-19,5.0,2.0
2026-08-26,CAT-20,7.0,2.0
2026-08-26,CAT-21,4.0,2.0
2026-08-26,CAT-22,7.0,2.0
2026-08-26,CAT-23,7.0,2.0
2026-08-26,CAT-24,4.0,2.0
2026-08-26,CAT-25,8.0,2.0
2026-08-26,CAT-26,6.0,2.0
2026-08-26,CAT-27,6.0,2.0
2026-08-26,CAT-28,5.0,2.0
2026-08-26,CAT-29,7.0,2.0
2026-08-26,CAT-30,8.0,2.0
2026-08-26,CAT-31,4.0,2.0
2026-08-26,CAT-32,4.0,2.0
2026-08-26,CAT-33,5.0,2.0
2026-08-26,CAT-34,8.0,2.0
2026-08-26,CAT-35,7.0,2.0
2026-08-26,CAT-36,4.0,2.0
2026-08-26,CAT-37,5.0,2.0
2026-08-26,CAT-38,5.0,2.0
2026-08-26,CAT-39,5.0,2.0
2026-08-26,CAT-40,6.0,2.0
2026-08-26,CAT-41,6.0,2.0
2026-08-26,CAT-42,5.0,2.0
2026-08-26,CAT-43,4.0,2.0
2026-08-26,CAT-44,6.0,2.0
2026-08-26,CAT-45,6.0,2.0
2026-08-26,CAT-46,5.0,2.0
2026-08-26,CAT-47,6.0,2.0
2026-08-26,CAT-48,5.0,5.0
2026-08-26,CAT-49,4.0,2.0
2026-08-27,CAT-01,4.0,3.0
2026-08-27,CAT-02,6.0,3.0
2026-08-27,CAT-03,6.0,3.0
2026-08-27,CAT-04,7.0,3.0
2026-08-27,CAT-05,4.0,3.0
2026-08-27,CAT-06,3.0,3.0
2026-08-27,CAT-07,7.0,3.0
2026-08-27,CAT-08,8.0,3.0
2026-08-27,CAT-09,6.0,3.0
2026-08-27,CAT-10,6.0,3.0
2026-08-27,CAT-11,3.0,3.0
2026-08-27,CAT-12,3.0,3.0
2026-08-27,CAT-13,5.0,3.0
2026-08-27,CAT-14,7.0,3.0
2026-08-27,CAT-15,4.0,3.0
2026-08-27,CAT-16,6.0,3.0
2026-08-27,CAT-17,5.0,3.0
2026-08-27,CAT-18,4.0,3.0
2026-08-27,CAT-19,5.0,3.0
2026-08-27,CAT-20,7.0,3.0
2026-08-27,CAT-21,4.0,3.0
2026-08-27,CAT-22,7.0,3.0
2026-08-27,CAT-23,7.0,3.0
2026-08-27,CAT-24,4.0,3.0
2026-08-27,CAT-25,8.0,3.0
2026-08-27,CAT-26,6.0,3.0
2026-08-27,CAT-27,6.0,3.0
2026-08-27,CAT-28,5.0,3.0
2026-08-27,CAT-29,7.0,3.0
2026-08-27,CAT-30,8.0,3.0
2026-08-27,CAT-31,4.0,3.0
2026-08-27,CAT-32,4.0,3.0
2026-08-27,CAT-33,5.0,3.0
2026-08-27,CAT-34,8.0,3.0
2026-08-27,CAT-35,7.0,3.0
2026-08-27,CAT-36,4.0,3.0
2026-08-27,CAT-37,5.0,3.0
2026-08-27,CAT-38,5.0,3.0
2026-08-27,CAT-39,5.0,3.0
2026-08-27,CAT-40,6.0,3.0
2026-08-27,CAT-41,6.0,3.0
2026-08-27,CAT-42,5.0,3.0
2026-08-27,CAT-43,4.0,3.0
2026-08-27,CAT-44,6.0,3.0
2026-08-27,CAT-45,6.0,3.0
2026-08-27,CAT-46,5.0,3.0
2026-08-27,CAT-47,6.0,3.0
2026-08-27,CAT-48,3.0,3.0
2026-08-27,CAT-49,4.0,3.0
2026-08-28,CAT-01,4.0,2.0
2026-08-28,CAT-02,6.0,2.0
2026-08-28,CAT-03,6.0,2.0
2026-08-28,CAT-04,7.0,2.0
2026-08-28,CAT-05,4.0,2.0
2026-08-28,CAT-06,3.0,2.0
2026-08-28,CAT-07,7.0,2.0
2026-08-28,CAT-08,8.0,2.0
2026-08-28,CAT-09,6.0,2.0
2026-08-28,CAT-10,6.0,2.0
2026-08-28,CAT-11,3.0,2.0
2026-08-28,CAT-12,3.0,2.0
2026-08-28,CAT-13,5.0,2.0
2026-08-28,CAT-14,7.0,2.0
2026-08-28,CAT-15,4.0,2.0
2026-08-28,CAT-16,6.0,2.0
2026-08-28,CAT-17,5.0,2.0
2026-08-28,CAT-18,4.0,2.0
2026-08-28,CAT-19,5.0,2.0
2026-08-28,CAT-20,7.0,2.0
2026-08-28,CAT-21,4.0,2.0
2026-08-28,CAT-22,7.0,2.0
2026-08-28,CAT-23,7.0,2.0
2026-08-28,CAT-24,4.0,2.0
2026-08-28,CAT-25,8.0,2.0
2026-08-28,CAT-26,6.0,2.0
2026-08-28,CAT-27,6.0,2.0
2026-08-28,CAT-28,5.0,2.0
2026-08-28,CAT-29,7.0,2.0
2026-08-28,CAT-30,8.0,2.0
2026-08-28,CAT-31,4.0,2.0
2026-08-28,CAT-32,4.0,2.0
2026-08-28,CAT-33,5.0,2.0
2026-08-28,CAT-34,8.0,2.0
2026-08-28,CAT-35,7.0,2.0
2026-08-28,CAT-36,4.0,2.0
2026-08-28,CAT-37,5.0,2.0
2026-08-28,CAT-38,5.0,2.0
2026-08-28,CAT-39,5.0,2.0
2026-08-28,CAT-40,6.0,2.0
2026-08-28,CAT-41,6.0,2.0
2026-08-28,CAT-42,5.0,2.0
2026-08-28,CAT-43,4.0,2.0
2026-08-28,CAT-44,6.0,2.0
2026-08-28,CAT-45,6.0,2.0
2026-08-28,CAT-46,5.0,2.0
2026-08-28,CAT-47,6.0,2.0
2026-08-28,CAT-48,3.0,2.0
2026-08-28,CAT-49,4.0,2.0
2026-08-29,CAT-01,4.0,3.0
2026-08-29,CAT-02,6.0,3.0
2026-08-29,CAT-03,6.0,3.0
2026-08-29,CAT-04,7.0,3.0
2026-08-29,CAT-05,4.0,3.0
2026-08-29,CAT-06,3.0,3.0
2026-08-29,CAT-07,7.0,3.0
2026-08-29,CAT-08,8.0,3.0
2026-08-29,CAT-09,6.0,3.0
2026-08-29,CAT-10,6.0,3.0
2026-08-29,CAT-11,3.0,3.0
2026-08-29,CAT-12,3.0,3.0
2026-08-29,CAT-13,5.0,3.0
2026-08-29,CAT-14,7.0,3.0
2026-08-29,CAT-15,4.0,3.0
2026-08-29,CAT-16,6.0,3.0
2026-08-29,CAT-17,5.0,3.0
2026-08-29,CAT-18,4.0,3.0
2026-08-29,CAT-19,5.0,3.0
2026-08-29,CAT-20,7.0,3.0
2026-08-29,CAT-21,4.0,3.0
2026-08-29,CAT-22,7.0,3.0
2026-08-29,CAT-23,7.0,3.0
2026-08-29,CAT-24,4.0,3.0
2026-08-29,CAT-25,8.0,3.0
2026-08-29,CAT-26,6.0,3.0
2026-08-29,CAT-27,6.0,3.0
2026-08-29,CAT-28,5.0,3.0
2026-08-29,CAT-29,7.0,3.0
2026-08-29,CAT-30,8.0,3.0
2026-08-29,CAT-31,4.0,3.0
2026-08-29,CAT-32,4.0,3.0
2026-08-29,CAT-33,5.0,3.0
2026-08-29,CAT-34,8.0,3.0
2026-08-29,CAT-35,7.0,3.0
2026-08-29,CAT-36,4.0,3.0
2026-08-29,CAT-37,5.0,3.0
2026-08-29,CAT-38,5.0,3.0
2026-08-29,CAT-39,5.0,3.0
2026-08-29,CAT-40,6.0,3.0
2026-08-29,CAT-41,6.0,3.0
2026-08-29,CAT-42,5.0,3.0
2026-08-29,CAT-43,4.0,3.0
2026-08-29,CAT-44,6.0,3.0
2026-08-29,CAT-45,6.0,3.0
2026-08-29,CAT-46,5.0,3.0
2026-08-29,CAT-47,6.0,3.0
2026-08-29,CAT-48,3.0,3.0
2026-08-29,CAT-49,4.0,3.0
2026-08-30,CAT-01,4.0,2.0
2026-08-30,CAT-02,6.0,2.0
2026-08-30,CAT-03,6.0,2.0
2026-08-30,CAT-04,7.0,2.0
2026-08-30,CAT-05,4.0,2.0
2026-08-30,CAT-06,3.0,2.0
2026-08-30,CAT-07,7.0,2.0
2026-08-30,CAT-08,8.0,2.0
2026-08-30,CAT-09,6.0,2.0
2026-08-30,CAT-10,6.0,2.0
2026-08-30,CAT-11,3.0,2.0
2026-08-30,CAT-12,3.0,2.0
2026-08-30,CAT-13,5.0,2.0
2026-08-30,CAT-14,7.0,2.0
2026-08-30,CAT-15,4.0,2.0
2026-08-30,CAT-16,6.0,2.0
2026-08-30,CAT-17,5.0,2.0
2026-08-30,CAT-18,4.0,2.0
2026-08-30,CAT-19,5.0,2.0
2026-08-30,CAT-20,7.0,2.0
2026-08-30,CAT-21,4.0,2.0
2026-08-30,CAT-22,7.0,2.0
2026-08-30,CAT-23,7.0,2.0
2026-08-30,CAT-24,4.0,2.0
2026-08-30,CAT-25,8.0,2.0
2026-08-30,CAT-26,6.0,2.0
2026-08-30,CAT-27,6.0,2.0
2026-08-30,CAT-28,5.0,2.0
2026-08-30,CAT-29,7.0,2.0
2026-08-30,CAT-30,8.0,2.0
2026-08-30,CAT-31,4.0,2.0
2026-08-30,CAT-32,4.0,2.0
2026-08-30,CAT-33,5.0,2.0
2026-08-30,CAT-34,8.0,2.0
2026-08-30,CAT-35,7.0,2.0
2026-08-30,CAT-36,4.0,2.0
2026-08-30,CAT-37,5.0,2.0
2026-08-30,CAT-38,5.0,2.0
2026-08-30,CAT-39,5.0,2.0
2026-08-30,CAT-40,6.0,2.0
2026-08-30,CAT-41,6.0,2.0
2026-08-30,CAT-42,5.0,2.0
2026-08-30,CAT-43,4.0,2.0
2026-08-30,CAT-44,6.0,2.0
2026-08-30,CAT-45,6.0,2.0
2026-08-30,CAT-46,5.0,2.0
2026-08-30,CAT-47,6.0,2.0
2026-08-30,CAT-48,3.0,2.0
2026-08-30,CAT-49,4.0,2.0
2026-08-31,CAT-01,4.0,2.0
2026-08-31,CAT-02,6.0,2.0
2026-08-31,CAT-03,6.0,2.0
2026-08-31,CAT-04,7.0,2.0
2026-08-31,CAT-05,4.0,2.0
2026-08-31,CAT-06,3.0,2.0
2026-08-31,CAT-07,7.0,2.0
2026-08-31,CAT-08,8.0,2.0
2026-08-31,CAT-09,6.0,2.0
2026-08-31,CAT-10,6.0,2.0
2026-08-31,CAT-11,3.0,2.0
2026-08-31,CAT-12,3.0,2.0
2026-08-31,CAT-13,5.0,2.0
2026-08-31,CAT-14,7.0,2.0
2026-08-31,CAT-15,4.0,2.0
2026-08-31,CAT-16,6.0,2.0
2026-08-31,CAT-17,5.0,2.0
2026-08-31,CAT-18,4.0,2.0
2026-08-31,CAT-19,5.0,2.0
2026-08-31,CAT-20,7.0,2.0
2026-08-31,CAT-21,4.0,2.0
2026-08-31,CAT-22,7.0,2.0
2026-08-31,CAT-23,7.0,2.0
2026-08-31,CAT-24,4.0,2.0
2026-08-31,CAT-25,8.0,2.0
2026-08-31,CAT-26,6.0,2.0
2026-08-31,CAT-27,6.0,2.0
2026-08-31,CAT-28,5.0,2.0
2026-08-31,CAT-29,7.0,2.0
2026-08-31,CAT-30,8.0,2.0
2026-08-31,CAT-31,4.0,2.0
2026-08-31,CAT-32,4.0,2.0
2026-08-31,CAT-33,5.0,2.0
2026-08-31,CAT-34,8.0,2.0
2026-08-31,CAT-35,7.0,2.0
2026-08-31,CAT-36,4.0,2.0
2026-08-31,CAT-37,5.0,2.0
2026-08-31,CAT-38,5.0,2.0
2026-08-31,CAT-39,5.0,2.0
2026-08-31,CAT-40,6.0,2.0
2026-08-31,CAT-41,6.0,2.0
2026-08-31,CAT-42,5.0,2.0
2026-08-31,CAT-43,4.0,2.0
2026-08-31,CAT-44,6.0,2.0
2026-08-31,CAT-45,6.0,2.0
2026-08-31,CAT-46,5.0,2.0
2026-08-31,CAT-47,6.0,2.0
2026-08-31,CAT-48,3.0,2.0
2026-08-31,CAT-49,4.0,2.0
